지역명,자치구명,지역종류,위도,경도,건물용도,거래유형,거래건수,신뢰등급,출처,기준금액,금액의미,기준금액_평균,기준금액_25,기준금액_75,회귀_a,회귀_b,㎡당_중앙값,면적_중앙값,면적_25,면적_75,월세_보증금,월세_임대료
개포1동,강남구,행정동,37.4832950845061,127.0557707609234,단독다가구,매매,34,높음,자치구,412500.0,매매가,540889.7,316250.0,698750.0,12.87578,0.03058,1338.424,287.1,246.8,395.0,,
개포1동,강남구,행정동,37.4832950845061,127.0557707609234,아파트,매매,20,보통,해당지역,302500.0,매매가,324750.0,278750.0,365250.0,9.71263,0.62537,2751.695,107.6,104.4,128.6,,
개포1동,강남구,행정동,37.4832950845061,127.0557707609234,연립다세대,매매,123,높음,법정동,65000.0,매매가,67731.1,52500.0,79850.0,8.82187,0.58766,1529.592,43.7,36.1,55.2,,
개포1동,강남구,행정동,37.4832950845061,127.0557707609234,오피스텔,매매,19,보통,법정동,21800.0,매매가,23305.3,21300.0,23750.0,,,673.686,32.4,31.9,32.4,,
개포1동,강남구,행정동,37.4832950845061,127.0557707609234,단독다가구,월세,127,높음,법정동,71.6,월환산,85.2,59.1,102.0,2.75408,0.43914,2.131,38.0,26.4,46.9,2000.0,60.0
개포1동,강남구,행정동,37.4832950845061,127.0557707609234,아파트,월세,49,높음,해당지역,483.1,월환산,490.3,401.0,566.2,6.44435,-0.05737,4.14,108.1,104.4,123.3,60000.0,160.0
개포1동,강남구,행정동,37.4832950845061,127.0557707609234,연립다세대,월세,276,높음,법정동,130.0,월환산,130.5,85.9,160.2,3.04602,0.47684,3.055,38.8,28.2,49.4,10000.0,55.0
개포1동,강남구,행정동,37.4832950845061,127.0557707609234,오피스텔,월세,92,높음,법정동,94.2,월환산,95.9,85.8,99.6,4.01914,0.15309,2.916,32.4,31.9,32.4,1000.0,85.0
개포1동,강남구,행정동,37.4832950845061,127.0557707609234,단독다가구,전세,38,높음,법정동,19000.0,보증금,21896.1,14000.0,29225.0,7.02716,0.74679,427.122,40.6,33.5,54.8,19000.0,0.0
개포1동,강남구,행정동,37.4832950845061,127.0557707609234,아파트,전세,55,높음,해당지역,120000.0,보증금,113275.5,97500.0,130600.0,10.84455,0.16001,816.358,123.3,105.8,155.1,120000.0,0.0
개포1동,강남구,행정동,37.4832950845061,127.0557707609234,연립다세대,전세,245,높음,법정동,32500.0,보증금,33701.4,26500.0,40000.0,8.41836,0.52036,720.165,43.1,29.9,55.2,32500.0,0.0
개포1동,강남구,행정동,37.4832950845061,127.0557707609234,오피스텔,전세,33,높음,법정동,20000.0,보증금,25066.2,19000.0,27500.0,7.32535,0.78462,653.753,32.4,31.9,37.0,20000.0,0.0
개포2동,강남구,행정동,37.486121498593356,127.06997264603253,단독다가구,매매,34,높음,자치구,412500.0,매매가,540889.7,316250.0,698750.0,12.87578,0.03058,1338.424,287.1,246.8,395.0,,
개포2동,강남구,행정동,37.486121498593356,127.06997264603253,아파트,매매,132,높음,해당지역,350000.0,매매가,351431.1,301750.0,386125.0,10.2416,0.57416,4400.193,84.6,60.0,84.9,,
개포2동,강남구,행정동,37.486121498593356,127.06997264603253,연립다세대,매매,123,높음,법정동,65000.0,매매가,67731.1,52500.0,79850.0,8.82187,0.58766,1529.592,43.7,36.1,55.2,,
개포2동,강남구,행정동,37.486121498593356,127.06997264603253,오피스텔,매매,19,보통,법정동,21800.0,매매가,23305.3,21300.0,23750.0,,,673.686,32.4,31.9,32.4,,
개포2동,강남구,행정동,37.486121498593356,127.06997264603253,단독다가구,월세,127,높음,법정동,71.6,월환산,85.2,59.1,102.0,2.75408,0.43914,2.131,38.0,26.4,46.9,2000.0,60.0
개포2동,강남구,행정동,37.486121498593356,127.06997264603253,아파트,월세,536,높음,해당지역,380.4,월환산,401.0,184.3,595.6,-0.50444,1.5193,5.522,60.0,49.9,84.6,30000.0,140.0
개포2동,강남구,행정동,37.486121498593356,127.06997264603253,연립다세대,월세,27,보통,해당지역,97.3,월환산,113.1,74.6,149.0,3.94102,0.18294,2.653,44.6,31.9,65.9,9000.0,62.0
개포2동,강남구,행정동,37.486121498593356,127.06997264603253,오피스텔,월세,92,높음,법정동,94.2,월환산,95.9,85.8,99.6,4.01914,0.15309,2.916,32.4,31.9,32.4,1000.0,85.0
개포2동,강남구,행정동,37.486121498593356,127.06997264603253,단독다가구,전세,38,높음,법정동,19000.0,보증금,21896.1,14000.0,29225.0,7.02716,0.74679,427.122,40.6,33.5,54.8,19000.0,0.0
개포2동,강남구,행정동,37.486121498593356,127.06997264603253,아파트,전세,377,높음,해당지역,120000.0,보증금,111188.8,56175.0,150000.0,5.88699,1.30408,1654.182,79.6,60.0,84.8,120000.0,0.0
개포2동,강남구,행정동,37.486121498593356,127.06997264603253,연립다세대,전세,28,보통,해당지역,30500.0,보증금,31532.2,23000.0,39250.0,8.88587,0.38654,751.013,35.1,29.5,47.0,30500.0,0.0
개포2동,강남구,행정동,37.486121498593356,127.06997264603253,오피스텔,전세,33,높음,법정동,20000.0,보증금,25066.2,19000.0,27500.0,7.32535,0.78462,653.753,32.4,31.9,37.0,20000.0,0.0
개포3동,강남구,행정동,37.493501330695956,127.07669991296372,단독다가구,매매,34,높음,자치구,412500.0,매매가,540889.7,316250.0,698750.0,12.87578,0.03058,1338.424,287.1,246.8,395.0,,
개포3동,강남구,행정동,37.493501330695956,127.07669991296372,아파트,매매,92,높음,해당지역,184500.0,매매가,203733.7,165875.0,220250.0,9.91629,0.58765,4332.153,39.5,39.5,53.3,,
개포3동,강남구,행정동,37.493501330695956,127.07669991296372,연립다세대,매매,123,높음,법정동,65000.0,매매가,67731.1,52500.0,79850.0,8.82187,0.58766,1529.592,43.7,36.1,55.2,,
개포3동,강남구,행정동,37.493501330695956,127.07669991296372,오피스텔,매매,18,보통,해당지역,21800.0,매매가,22377.8,21250.0,23400.0,,,672.837,32.4,31.9,32.4,,
개포3동,강남구,행정동,37.493501330695956,127.07669991296372,단독다가구,월세,127,높음,법정동,71.6,월환산,85.2,59.1,102.0,2.75408,0.43914,2.131,38.0,26.4,46.9,2000.0,60.0
개포3동,강남구,행정동,37.493501330695956,127.07669991296372,아파트,월세,218,높음,해당지역,202.9,월환산,253.6,158.9,286.2,0.91655,1.14378,4.477,49.9,39.5,60.0,16000.0,139.0
개포3동,강남구,행정동,37.493501330695956,127.07669991296372,연립다세대,월세,276,높음,법정동,130.0,월환산,130.5,85.9,160.2,3.04602,0.47684,3.055,38.8,28.2,49.4,10000.0,55.0
개포3동,강남구,행정동,37.493501330695956,127.07669991296372,오피스텔,월세,76,높음,해당지역,90.3,월환산,90.5,84.6,94.6,2.86605,0.46889,2.807,32.4,31.9,32.4,1000.0,85.0
개포3동,강남구,행정동,37.493501330695956,127.07669991296372,단독다가구,전세,38,높음,법정동,19000.0,보증금,21896.1,14000.0,29225.0,7.02716,0.74679,427.122,40.6,33.5,54.8,19000.0,0.0
개포3동,강남구,행정동,37.493501330695956,127.07669991296372,아파트,전세,308,높음,해당지역,51000.0,보증금,59502.0,40000.0,68000.0,6.7986,1.05577,1114.051,49.9,39.5,60.0,51000.0,0.0
개포3동,강남구,행정동,37.493501330695956,127.07669991296372,연립다세대,전세,245,높음,법정동,32500.0,보증금,33701.4,26500.0,40000.0,8.41836,0.52036,720.165,43.1,29.9,55.2,32500.0,0.0
개포3동,강남구,행정동,37.493501330695956,127.07669991296372,오피스텔,전세,18,보통,해당지역,19650.0,보증금,20292.5,19000.0,20000.0,,,598.267,32.4,31.9,32.4,19650.0,0.0
개포4동,강남구,행정동,37.47760487810615,127.05090294201617,단독다가구,매매,34,높음,자치구,412500.0,매매가,540889.7,316250.0,698750.0,12.87578,0.03058,1338.424,287.1,246.8,395.0,,
개포4동,강남구,행정동,37.47760487810615,127.05090294201617,아파트,매매,58,높음,해당지역,285500.0,매매가,278672.4,260125.0,325000.0,9.97494,0.57638,3837.538,74.7,59.9,84.9,,
개포4동,강남구,행정동,37.47760487810615,127.05090294201617,연립다세대,매매,115,높음,해당지역,65000.0,매매가,67086.3,52250.0,79350.0,8.56022,0.65704,1529.592,43.7,35.8,55.1,,
개포4동,강남구,행정동,37.47760487810615,127.05090294201617,오피스텔,매매,19,보통,법정동,21800.0,매매가,23305.3,21300.0,23750.0,,,673.686,32.4,31.9,32.4,,
개포4동,강남구,행정동,37.47760487810615,127.05090294201617,단독다가구,월세,127,높음,법정동,71.6,월환산,85.2,59.1,102.0,2.75408,0.43914,2.131,38.0,26.4,46.9,2000.0,60.0
개포4동,강남구,행정동,37.47760487810615,127.05090294201617,아파트,월세,135,높음,해당지역,471.7,월환산,463.1,399.4,546.5,3.40533,0.6181,6.842,74.7,59.9,84.9,50000.0,200.0
개포4동,강남구,행정동,37.47760487810615,127.05090294201617,연립다세대,월세,241,높음,해당지역,132.2,월환산,133.5,93.3,160.8,2.82944,0.54731,3.268,38.3,27.7,48.8,12000.0,55.0
개포4동,강남구,행정동,37.47760487810615,127.05090294201617,오피스텔,월세,92,높음,법정동,94.2,월환산,95.9,85.8,99.6,4.01914,0.15309,2.916,32.4,31.9,32.4,1000.0,85.0
개포4동,강남구,행정동,37.47760487810615,127.05090294201617,단독다가구,전세,38,높음,법정동,19000.0,보증금,21896.1,14000.0,29225.0,7.02716,0.74679,427.122,40.6,33.5,54.8,19000.0,0.0
개포4동,강남구,행정동,37.47760487810615,127.05090294201617,아파트,전세,120,높음,해당지역,111500.0,보증금,109500.0,83500.0,130312.5,8.37966,0.71263,1508.367,82.8,65.4,84.9,111500.0,0.0
개포4동,강남구,행정동,37.47760487810615,127.05090294201617,연립다세대,전세,214,높음,해당지역,32940.0,보증금,34023.1,27515.0,40000.0,8.31669,0.54957,720.526,43.6,29.9,55.2,32940.0,0.0
개포4동,강남구,행정동,37.47760487810615,127.05090294201617,오피스텔,전세,33,높음,법정동,20000.0,보증금,25066.2,19000.0,27500.0,7.32535,0.78462,653.753,32.4,31.9,37.0,20000.0,0.0
논현1동,강남구,행정동,37.51004014272432,127.02743775450867,단독다가구,매매,34,높음,자치구,412500.0,매매가,540889.7,316250.0,698750.0,12.87578,0.03058,1338.424,287.1,246.8,395.0,,
논현1동,강남구,행정동,37.51004014272432,127.02743775450867,아파트,매매,44,높음,해당지역,126000.0,매매가,118147.7,100000.0,139000.0,9.24765,0.58909,2203.947,36.3,35.7,70.2,,
논현1동,강남구,행정동,37.51004014272432,127.02743775450867,연립다세대,매매,150,높음,해당지역,38350.0,매매가,44717.2,27125.0,50000.0,7.82372,0.80837,1319.383,27.5,19.4,37.2,,
논현1동,강남구,행정동,37.51004014272432,127.02743775450867,오피스텔,매매,21,보통,해당지역,23000.0,매매가,25422.6,21500.0,32000.0,7.73459,0.6885,760.194,32.8,26.9,40.6,,
논현1동,강남구,행정동,37.51004014272432,127.02743775450867,단독다가구,월세,773,높음,법정동,89.2,월환산,102.6,69.6,124.2,2.01533,0.70424,2.642,33.1,27.0,45.0,1000.0,76.0
논현1동,강남구,행정동,37.51004014272432,127.02743775450867,아파트,월세,179,높음,해당지역,109.6,월환산,163.2,81.8,156.2,1.9011,0.89305,4.686,21.6,14.7,39.0,7266.0,77.0
논현1동,강남구,행정동,37.51004014272432,127.02743775450867,연립다세대,월세,360,높음,해당지역,104.6,월환산,127.8,79.1,145.0,2.7162,0.58518,3.663,28.2,23.5,36.0,2000.0,79.5
논현1동,강남구,행정동,37.51004014272432,127.02743775450867,오피스텔,월세,23,보통,해당지역,147.3,월환산,156.4,124.8,172.8,2.80248,0.64158,4.622,34.7,22.9,42.8,1000.0,145.0
논현1동,강남구,행정동,37.51004014272432,127.02743775450867,단독다가구,전세,101,높음,법정동,18000.0,보증금,21562.3,12600.0,28000.0,7.07087,0.73587,476.19,40.0,28.0,58.6,18000.0,0.0
논현1동,강남구,행정동,37.51004014272432,127.02743775450867,아파트,전세,51,높음,해당지역,45000.0,보증금,66596.2,40200.0,82000.0,7.35929,0.88955,1005.679,39.0,35.7,84.5,45000.0,0.0
논현1동,강남구,행정동,37.51004014272432,127.02743775450867,연립다세대,전세,161,높음,해당지역,25500.0,보증금,27697.6,17000.0,32000.0,8.22427,0.54362,828.864,28.3,23.1,44.4,25500.0,0.0
논현1동,강남구,행정동,37.51004014272432,127.02743775450867,오피스텔,전세,20,보통,법정동,34100.0,보증금,39340.0,24475.0,52500.0,7.74871,0.76425,1067.409,27.6,22.4,45.1,34100.0,0.0
논현2동,강남구,행정동,37.514099433146654,127.0370191219144,단독다가구,매매,34,높음,자치구,412500.0,매매가,540889.7,316250.0,698750.0,12.87578,0.03058,1338.424,287.1,246.8,395.0,,
논현2동,강남구,행정동,37.514099433146654,127.0370191219144,아파트,매매,55,높음,해당지역,155000.0,매매가,181981.8,128000.0,246000.0,7.08875,1.11817,2173.401,84.9,73.1,111.9,,
논현2동,강남구,행정동,37.514099433146654,127.0370191219144,연립다세대,매매,33,높음,해당지역,40500.0,매매가,71569.7,33000.0,54200.0,7.14891,1.01274,1376.462,29.8,23.6,44.8,,
논현2동,강남구,행정동,37.514099433146654,127.0370191219144,오피스텔,매매,19,보통,해당지역,42000.0,매매가,73349.5,35500.0,105000.0,,,1358.45,39.2,27.6,53.6,,
논현2동,강남구,행정동,37.514099433146654,127.0370191219144,단독다가구,월세,773,높음,법정동,89.2,월환산,102.6,69.6,124.2,2.01533,0.70424,2.642,33.1,27.0,45.0,1000.0,76.0
논현2동,강남구,행정동,37.514099433146654,127.0370191219144,아파트,월세,179,높음,해당지역,345.0,월환산,332.9,182.0,405.0,1.92933,0.94306,5.011,48.0,26.2,84.9,10000.0,200.0
논현2동,강남구,행정동,37.514099433146654,127.0370191219144,연립다세대,월세,209,높음,해당지역,131.9,월환산,161.2,97.0,164.6,2.58151,0.63759,3.381,33.4,26.9,57.8,5000.0,83.0
논현2동,강남구,행정동,37.514099433146654,127.0370191219144,오피스텔,월세,30,높음,해당지역,182.7,월환산,228.6,169.2,205.2,2.53796,0.76237,5.733,30.6,27.6,38.4,2000.0,167.5
논현2동,강남구,행정동,37.514099433146654,127.0370191219144,단독다가구,전세,101,높음,법정동,18000.0,보증금,21562.3,12600.0,28000.0,7.07087,0.73587,476.19,40.0,28.0,58.6,18000.0,0.0
논현2동,강남구,행정동,37.514099433146654,127.0370191219144,아파트,전세,148,높음,해당지역,70500.0,보증금,79561.6,63000.0,90000.0,8.97219,0.53902,1195.073,83.6,43.4,84.9,70500.0,0.0
논현2동,강남구,행정동,37.514099433146654,127.0370191219144,연립다세대,전세,109,높음,해당지역,32000.0,보증금,34858.0,25000.0,42240.0,8.40874,0.53547,840.611,35.4,27.5,61.4,32000.0,0.0
논현2동,강남구,행정동,37.514099433146654,127.0370191219144,오피스텔,전세,15,보통,해당지역,38000.0,보증금,43860.0,26850.0,62500.0,,,976.964,34.1,27.1,58.3,38000.0,0.0
대치1동,강남구,행정동,37.49423224979712,127.05804881415179,단독다가구,매매,34,높음,자치구,412500.0,매매가,540889.7,316250.0,698750.0,12.87578,0.03058,1338.424,287.1,246.8,395.0,,
대치1동,강남구,행정동,37.49423224979712,127.05804881415179,아파트,매매,78,높음,해당지역,448000.0,매매가,455737.2,390000.0,546000.0,9.60161,0.72274,4103.214,114.2,85.0,145.8,,
대치1동,강남구,행정동,37.49423224979712,127.05804881415179,연립다세대,매매,48,높음,법정동,90000.0,매매가,88277.9,55000.0,105125.0,7.44226,0.98041,1588.211,53.8,42.2,61.7,,
대치1동,강남구,행정동,37.49423224979712,127.05804881415179,오피스텔,매매,69,높음,법정동,29800.0,매매가,33929.0,23000.0,39000.0,8.11541,0.64242,877.193,32.0,26.4,38.6,,
대치1동,강남구,행정동,37.49423224979712,127.05804881415179,단독다가구,월세,393,높음,법정동,85.8,월환산,104.2,67.6,123.8,2.08063,0.67587,2.568,35.0,27.0,49.5,2000.0,70.0
대치1동,강남구,행정동,37.49423224979712,127.05804881415179,아파트,월세,233,높음,해당지역,701.4,월환산,728.5,577.5,833.3,3.97837,0.55963,7.487,94.5,84.8,121.1,90000.0,260.0
대치1동,강남구,행정동,37.49423224979712,127.05804881415179,연립다세대,월세,475,높음,법정동,100.6,월환산,128.5,78.6,158.0,2.22857,0.7043,3.132,33.1,26.5,49.0,5000.0,69.0
대치1동,강남구,행정동,37.49423224979712,127.05804881415179,오피스텔,월세,13,보통,해당지역,173.8,월환산,166.6,139.6,189.2,,,6.47,30.2,20.8,30.2,2000.0,160.0
대치1동,강남구,행정동,37.49423224979712,127.05804881415179,단독다가구,전세,65,높음,법정동,23700.0,보증금,26114.3,15000.0,33000.0,6.0198,1.0393,500.0,49.0,39.0,58.4,23700.0,0.0
대치1동,강남구,행정동,37.49423224979712,127.05804881415179,아파트,전세,252,높음,해당지역,157500.0,보증금,169223.0,130000.0,199500.0,9.24399,0.59599,1587.727,94.5,84.7,121.7,157500.0,0.0
대치1동,강남구,행정동,37.49423224979712,127.05804881415179,연립다세대,전세,197,높음,법정동,32000.0,보증금,37274.9,21000.0,47000.0,7.33466,0.80434,735.054,45.2,30.4,59.3,32000.0,0.0
대치1동,강남구,행정동,37.49423224979712,127.05804881415179,오피스텔,전세,56,높음,법정동,25600.0,보증금,26861.2,20187.5,29850.0,8.14126,0.61348,1122.3,23.3,22.2,32.0,25600.0,0.0
대치2동,강남구,행정동,37.499498668219715,127.06461091111048,단독다가구,매매,34,높음,자치구,412500.0,매매가,540889.7,316250.0,698750.0,12.87578,0.03058,1338.424,287.1,246.8,395.0,,
대치2동,강남구,행정동,37.499498668219715,127.06461091111048,아파트,매매,92,높음,해당지역,365000.0,매매가,365217.4,321875.0,401000.0,9.80299,0.65911,4052.751,84.6,84.3,115.2,,
대치2동,강남구,행정동,37.499498668219715,127.06461091111048,연립다세대,매매,10,보통,해당지역,143655.0,매매가,148004.1,112000.0,173432.8,,,2183.21,61.4,59.6,69.1,,
대치2동,강남구,행정동,37.499498668219715,127.06461091111048,오피스텔,매매,26,보통,해당지역,32000.0,매매가,38915.4,25125.0,36875.0,6.88103,1.08209,1314.425,24.3,22.2,30.1,,
대치2동,강남구,행정동,37.499498668219715,127.06461091111048,단독다가구,월세,393,높음,법정동,85.8,월환산,104.2,67.6,123.8,2.08063,0.67587,2.568,35.0,27.0,49.5,2000.0,70.0
대치2동,강남구,행정동,37.499498668219715,127.06461091111048,아파트,월세,412,높음,해당지역,341.7,월환산,385.3,288.8,461.5,0.85738,1.14457,4.269,84.4,76.8,84.9,40000.0,158.0
대치2동,강남구,행정동,37.499498668219715,127.06461091111048,연립다세대,월세,67,높음,해당지역,105.8,월환산,143.2,76.4,191.9,2.15908,0.73366,3.348,41.1,24.8,60.4,7000.0,65.0
대치2동,강남구,행정동,37.499498668219715,127.06461091111048,오피스텔,월세,45,높음,해당지역,123.6,월환산,122.2,94.6,127.8,2.10094,0.84843,5.527,22.4,21.5,27.4,1000.0,110.0
대치2동,강남구,행정동,37.499498668219715,127.06461091111048,단독다가구,전세,65,높음,법정동,23700.0,보증금,26114.3,15000.0,33000.0,6.0198,1.0393,500.0,49.0,39.0,58.4,23700.0,0.0
대치2동,강남구,행정동,37.499498668219715,127.06461091111048,아파트,전세,436,높음,해당지역,83000.0,보증금,95522.3,70778.8,110750.0,7.33483,0.91166,976.69,84.4,76.8,93.1,83000.0,0.0
대치2동,강남구,행정동,37.499498668219715,127.06461091111048,연립다세대,전세,43,높음,해당지역,31500.0,보증금,41781.5,23375.0,45500.0,7.09282,0.84002,700.365,59.4,36.2,71.4,31500.0,0.0
대치2동,강남구,행정동,37.499498668219715,127.06461091111048,오피스텔,전세,27,보통,해당지역,28000.0,보증금,25818.5,20500.0,29000.0,6.51137,1.15527,1262.399,22.4,21.8,22.4,28000.0,0.0
대치4동,강남구,행정동,37.50206034617482,127.0549397927638,단독다가구,매매,34,높음,자치구,412500.0,매매가,540889.7,316250.0,698750.0,12.87578,0.03058,1338.424,287.1,246.8,395.0,,
대치4동,강남구,행정동,37.50206034617482,127.0549397927638,아파트,매매,35,높음,해당지역,35000.0,매매가,112471.4,29500.0,166250.0,4.42114,1.67901,1057.082,35.8,34.2,84.9,,
대치4동,강남구,행정동,37.50206034617482,127.0549397927638,연립다세대,매매,37,높음,해당지역,65000.0,매매가,71767.6,49500.0,94500.0,8.25338,0.74606,1406.303,51.0,29.8,57.1,,
대치4동,강남구,행정동,37.50206034617482,127.0549397927638,오피스텔,매매,43,높음,해당지역,29800.0,매매가,30914.0,22500.0,40500.0,7.4598,0.7937,834.734,35.7,32.0,44.5,,
대치4동,강남구,행정동,37.50206034617482,127.0549397927638,단독다가구,월세,393,높음,법정동,85.8,월환산,104.2,67.6,123.8,2.08063,0.67587,2.568,35.0,27.0,49.5,2000.0,70.0
대치4동,강남구,행정동,37.50206034617482,127.0549397927638,아파트,월세,123,높음,해당지역,125.6,월환산,226.7,108.1,273.3,0.69147,1.16718,3.737,35.5,33.1,65.2,3000.0,105.0
대치4동,강남구,행정동,37.50206034617482,127.0549397927638,연립다세대,월세,407,높음,해당지역,100.5,월환산,125.8,78.6,152.0,2.27161,0.69015,3.108,32.4,26.7,46.6,4000.0,70.0
대치4동,강남구,행정동,37.50206034617482,127.0549397927638,오피스텔,월세,60,높음,해당지역,104.3,월환산,110.2,97.4,115.3,3.97381,0.21344,3.544,32.0,18.4,34.2,2000.0,84.5
대치4동,강남구,행정동,37.50206034617482,127.0549397927638,단독다가구,전세,65,높음,법정동,23700.0,보증금,26114.3,15000.0,33000.0,6.0198,1.0393,500.0,49.0,39.0,58.4,23700.0,0.0
대치4동,강남구,행정동,37.50206034617482,127.0549397927638,아파트,전세,88,높음,해당지역,55000.0,보증금,66595.8,31500.0,88250.0,6.35273,1.11956,929.316,59.9,35.4,84.9,55000.0,0.0
대치4동,강남구,행정동,37.50206034617482,127.0549397927638,연립다세대,전세,151,높음,해당지역,31900.0,보증금,35616.2,19000.0,46650.0,7.25523,0.83297,749.239,43.4,29.1,55.4,31900.0,0.0
대치4동,강남구,행정동,37.50206034617482,127.0549397927638,오피스텔,전세,28,보통,해당지역,23200.0,보증금,27343.9,20187.5,35000.0,8.89989,0.37237,746.923,32.0,25.1,34.7,23200.0,0.0
도곡1동,강남구,행정동,37.488197492902465,127.03894979688286,단독다가구,매매,34,높음,자치구,412500.0,매매가,540889.7,316250.0,698750.0,12.87578,0.03058,1338.424,287.1,246.8,395.0,,
도곡1동,강남구,행정동,37.488197492902465,127.03894979688286,아파트,매매,77,높음,해당지역,235000.0,매매가,199129.9,114500.0,262000.0,6.28451,1.28916,1836.345,85.0,67.5,124.1,,
도곡1동,강남구,행정동,37.488197492902465,127.03894979688286,연립다세대,매매,12,보통,법정동,56400.0,매매가,66541.7,41275.0,90000.0,,,1340.995,32.5,28.5,66.4,,
도곡1동,강남구,행정동,37.488197492902465,127.03894979688286,오피스텔,매매,27,보통,법정동,52000.0,매매가,68553.7,42050.0,64500.0,5.60866,1.34993,1088.613,45.9,43.6,59.7,,
도곡1동,강남구,행정동,37.488197492902465,127.03894979688286,단독다가구,월세,108,높음,법정동,74.2,월환산,89.1,63.2,95.8,2.22461,0.61687,2.657,29.3,26.0,38.5,1500.0,60.5
도곡1동,강남구,행정동,37.488197492902465,127.03894979688286,아파트,월세,234,높음,해당지역,310.4,월환산,308.5,156.6,408.1,1.74465,0.93497,4.339,84.7,33.8,85.0,30000.0,120.0
도곡1동,강남구,행정동,37.488197492902465,127.03894979688286,연립다세대,월세,86,높음,해당지역,84.2,월환산,105.2,67.8,127.5,2.52909,0.6124,3.866,25.6,15.3,35.4,4382.5,61.0
도곡1동,강남구,행정동,37.488197492902465,127.03894979688286,오피스텔,월세,27,보통,법정동,491.7,월환산,557.1,231.0,907.5,-0.21189,1.38752,5.551,88.4,58.6,159.1,20000.0,280.0
도곡1동,강남구,행정동,37.488197492902465,127.03894979688286,단독다가구,전세,24,보통,법정동,21500.0,보증금,24597.1,14500.0,30250.0,6.84996,0.81338,471.689,43.6,33.0,65.3,21500.0,0.0
도곡1동,강남구,행정동,37.488197492902465,127.03894979688286,아파트,전세,209,높음,해당지역,85000.0,보증금,87518.8,71400.0,104000.0,7.07602,0.95805,1008.539,84.9,74.9,85.0,85000.0,0.0
도곡1동,강남구,행정동,37.488197492902465,127.03894979688286,연립다세대,전세,26,보통,해당지역,23650.0,보증금,32611.2,22000.0,32750.0,7.23242,0.83769,743.505,30.3,24.2,44.1,23650.0,0.0
도곡1동,강남구,행정동,37.488197492902465,127.03894979688286,오피스텔,전세,22,보통,법정동,87500.0,보증금,80794.7,27375.0,127687.5,5.7579,1.25653,954.308,69.9,36.2,119.9,87500.0,0.0
도곡2동,강남구,행정동,37.49003060954952,127.05074721999544,단독다가구,매매,34,높음,자치구,412500.0,매매가,540889.7,316250.0,698750.0,12.87578,0.03058,1338.424,287.1,246.8,395.0,,
도곡2동,강남구,행정동,37.49003060954952,127.05074721999544,아파트,매매,118,높음,해당지역,342500.0,매매가,339328.4,278500.0,411375.0,7.56256,1.10628,3399.76,115.0,60.0,130.5,,
도곡2동,강남구,행정동,37.49003060954952,127.05074721999544,연립다세대,매매,12,보통,법정동,56400.0,매매가,66541.7,41275.0,90000.0,,,1340.995,32.5,28.5,66.4,,
도곡2동,강남구,행정동,37.49003060954952,127.05074721999544,오피스텔,매매,21,보통,해당지역,49000.0,매매가,46831.0,32000.0,57000.0,6.20558,1.19188,1052.447,45.9,41.1,47.0,,
도곡2동,강남구,행정동,37.49003060954952,127.05074721999544,단독다가구,월세,108,높음,법정동,74.2,월환산,89.1,63.2,95.8,2.22461,0.61687,2.657,29.3,26.0,38.5,1500.0,60.5
도곡2동,강남구,행정동,37.49003060954952,127.05074721999544,아파트,월세,327,높음,해당지역,605.0,월환산,592.8,426.2,741.2,1.68812,1.01331,6.595,85.0,60.0,122.8,60000.0,260.0
도곡2동,강남구,행정동,37.49003060954952,127.05074721999544,연립다세대,월세,40,높음,해당지역,79.6,월환산,123.6,69.6,149.2,2.51052,0.64805,3.843,20.9,16.8,39.7,1000.0,70.0
도곡2동,강남구,행정동,37.49003060954952,127.05074721999544,오피스텔,월세,26,보통,해당지역,506.1,월환산,562.2,223.4,919.6,-0.23648,1.39557,5.609,84.1,57.8,159.1,25000.0,270.0
도곡2동,강남구,행정동,37.49003060954952,127.05074721999544,단독다가구,전세,24,보통,법정동,21500.0,보증금,24597.1,14500.0,30250.0,6.84996,0.81338,471.689,43.6,33.0,65.3,21500.0,0.0
도곡2동,강남구,행정동,37.49003060954952,127.05074721999544,아파트,전세,287,높음,해당지역,147000.0,보증금,149068.7,102925.0,184375.0,6.51625,1.16089,1531.165,85.0,70.9,124.6,147000.0,0.0
도곡2동,강남구,행정동,37.49003060954952,127.05074721999544,연립다세대,전세,13,보통,해당지역,36000.0,보증금,39862.3,16000.0,50400.0,,,782.014,39.6,18.1,81.9,36000.0,0.0
도곡2동,강남구,행정동,37.49003060954952,127.05074721999544,오피스텔,전세,18,보통,해당지역,45000.0,보증금,69499.1,26250.0,114250.0,,,941.814,49.0,35.2,87.1,45000.0,0.0
삼성1동,강남구,행정동,37.515588600959006,127.05926404467228,단독다가구,매매,34,높음,자치구,412500.0,매매가,540889.7,316250.0,698750.0,12.87578,0.03058,1338.424,287.1,246.8,395.0,,
삼성1동,강남구,행정동,37.515588600959006,127.05926404467228,아파트,매매,41,높음,해당지역,300000.0,매매가,392785.4,215000.0,487500.0,7.63624,1.07321,2764.543,113.0,84.8,167.7,,
삼성1동,강남구,행정동,37.515588600959006,127.05926404467228,연립다세대,매매,22,보통,해당지역,190000.0,매매가,193818.2,148500.0,226750.0,8.89401,0.73439,2381.057,84.7,70.1,89.3,,
삼성1동,강남구,행정동,37.515588600959006,127.05926404467228,오피스텔,매매,24,보통,해당지역,33297.0,매매가,50277.1,29375.0,51875.0,6.86864,1.1045,1394.4,26.9,25.2,29.4,,
삼성1동,강남구,행정동,37.515588600959006,127.05926404467228,단독다가구,월세,72,높음,법정동,92.9,월환산,110.9,75.6,125.5,3.25636,0.36372,2.714,41.2,28.0,55.2,1750.0,71.5
삼성1동,강남구,행정동,37.515588600959006,127.05926404467228,아파트,월세,120,높음,해당지역,452.9,월환산,519.8,313.7,566.7,2.51136,0.81773,5.062,85.0,59.8,114.1,20000.0,267.0
삼성1동,강남구,행정동,37.515588600959006,127.05926404467228,연립다세대,월세,53,높음,해당지역,121.2,월환산,181.7,84.6,224.5,1.86747,0.79809,3.027,48.9,28.2,79.9,3000.0,88.0
삼성1동,강남구,행정동,37.515588600959006,127.05926404467228,오피스텔,월세,51,높음,해당지역,111.7,월환산,133.5,104.6,145.7,2.15168,0.81814,4.894,26.8,22.0,28.1,1000.0,100.0
삼성1동,강남구,행정동,37.515588600959006,127.05926404467228,단독다가구,전세,16,보통,법정동,15325.0,보증금,23125.6,12000.0,23250.0,,,453.119,38.3,31.7,50.0,15325.0,0.0
삼성1동,강남구,행정동,37.515588600959006,127.05926404467228,아파트,전세,101,높음,해당지역,90000.0,보증금,116850.0,80000.0,126000.0,7.27742,0.93385,1019.307,92.0,84.8,113.0,90000.0,0.0
삼성1동,강남구,행정동,37.515588600959006,127.05926404467228,연립다세대,전세,44,높음,해당지역,35650.0,보증금,38163.4,22037.5,50000.0,6.47613,0.98147,592.768,56.0,40.4,83.1,35650.0,0.0
삼성1동,강남구,행정동,37.515588600959006,127.05926404467228,오피스텔,전세,29,보통,해당지역,23500.0,보증금,27072.3,23000.0,32000.0,8.74171,0.45077,1199.69,26.2,18.4,27.2,23500.0,0.0
삼성2동,강남구,행정동,37.51354571259271,127.0488064399708,단독다가구,매매,34,높음,자치구,412500.0,매매가,540889.7,316250.0,698750.0,12.87578,0.03058,1338.424,287.1,246.8,395.0,,
삼성2동,강남구,행정동,37.51354571259271,127.0488064399708,아파트,매매,127,높음,해당지역,250000.0,매매가,254515.0,191000.0,337000.0,8.12956,0.98977,3771.044,80.3,58.6,84.9,,
삼성2동,강남구,행정동,37.51354571259271,127.0488064399708,연립다세대,매매,49,높음,해당지역,51000.0,매매가,67154.2,44435.0,76620.0,8.32056,0.74083,1571.709,32.2,26.3,47.8,,
삼성2동,강남구,행정동,37.51354571259271,127.0488064399708,오피스텔,매매,23,보통,해당지역,35500.0,매매가,49457.0,31500.0,63750.0,5.91638,1.28577,990.714,40.0,35.9,43.8,,
삼성2동,강남구,행정동,37.51354571259271,127.0488064399708,단독다가구,월세,72,높음,법정동,92.9,월환산,110.9,75.6,125.5,3.25636,0.36372,2.714,41.2,28.0,55.2,1750.0,71.5
삼성2동,강남구,행정동,37.51354571259271,127.0488064399708,아파트,월세,423,높음,해당지역,405.5,월환산,403.2,195.6,540.4,1.25103,1.0924,5.471,72.0,58.9,84.9,23040.0,200.0
삼성2동,강남구,행정동,37.51354571259271,127.0488064399708,연립다세대,월세,244,높음,해당지역,109.7,월환산,131.6,84.5,153.1,2.55668,0.60901,3.024,33.1,27.8,53.1,3000.0,83.5
삼성2동,강남구,행정동,37.51354571259271,127.0488064399708,오피스텔,월세,86,높음,해당지역,119.8,월환산,143.6,109.6,159.2,1.93853,0.91231,5.258,22.5,21.9,30.9,3000.0,100.0
삼성2동,강남구,행정동,37.51354571259271,127.0488064399708,단독다가구,전세,16,보통,법정동,15325.0,보증금,23125.6,12000.0,23250.0,,,453.119,38.3,31.7,50.0,15325.0,0.0
삼성2동,강남구,행정동,37.51354571259271,127.0488064399708,아파트,전세,265,높음,해당지역,102900.0,보증금,103505.2,70000.0,128000.0,7.11093,1.01221,1337.916,84.2,59.4,85.0,102900.0,0.0
삼성2동,강남구,행정동,37.51354571259271,127.0488064399708,연립다세대,전세,76,높음,해당지역,30685.0,보증금,34307.1,22000.0,40211.2,7.97568,0.62778,694.709,45.6,28.6,57.2,30685.0,0.0
삼성2동,강남구,행정동,37.51354571259271,127.0488064399708,오피스텔,전세,32,높음,해당지역,28937.5,보증금,35604.4,26475.0,39000.0,7.96307,0.69965,1073.721,38.3,21.6,40.0,28937.5,0.0
세곡동,강남구,행정동,37.4594019922679,127.05742833805868,단독다가구,매매,34,높음,자치구,412500.0,매매가,540889.7,316250.0,698750.0,12.87578,0.03058,1338.424,287.1,246.8,395.0,,
세곡동,강남구,행정동,37.4594019922679,127.05742833805868,아파트,매매,107,높음,해당지역,179000.0,매매가,180186.9,149500.0,215000.0,9.64103,0.55607,2272.727,84.8,59.9,98.2,,
세곡동,강남구,행정동,37.4594019922679,127.05742833805868,연립다세대,매매,13,보통,해당지역,232500.0,매매가,205423.1,144000.0,249500.0,,,2302.861,95.9,70.8,108.3,,
세곡동,강남구,행정동,37.4594019922679,127.05742833805868,오피스텔,매매,109,높음,해당지역,17000.0,매매가,21856.0,15300.0,22700.0,5.42242,1.34621,696.39,25.1,22.4,29.9,,
세곡동,강남구,행정동,37.4594019922679,127.05742833805868,단독다가구,월세,85,높음,해당지역,152.5,월환산,148.8,79.6,195.5,1.48048,0.84869,2.67,56.0,46.9,67.4,10000.0,70.0
세곡동,강남구,행정동,37.4594019922679,127.05742833805868,아파트,월세,967,높음,해당지역,93.5,월환산,127.0,59.1,132.3,0.82052,0.99753,2.664,44.9,36.8,59.9,12627.0,26.0
세곡동,강남구,행정동,37.4594019922679,127.05742833805868,연립다세대,월세,15,보통,해당지역,315.8,월환산,379.1,242.9,571.4,,,4.563,83.3,59.7,105.5,50000.0,80.0
세곡동,강남구,행정동,37.4594019922679,127.05742833805868,오피스텔,월세,716,높음,해당지역,86.6,월환산,95.2,80.3,92.9,1.56427,0.90604,3.557,24.6,22.4,26.7,3000.0,73.0
세곡동,강남구,행정동,37.4594019922679,127.05742833805868,단독다가구,전세,55,높음,해당지역,35000.0,보증금,37506.2,29000.0,45000.0,7.53621,0.70696,583.902,59.0,52.9,71.9,35000.0,0.0
세곡동,강남구,행정동,37.4594019922679,127.05742833805868,아파트,전세,687,높음,해당지역,43410.0,보증금,53406.9,30807.0,73250.0,6.05702,1.09217,583.159,84.4,60.0,85.0,43410.0,0.0
세곡동,강남구,행정동,37.4594019922679,127.05742833805868,연립다세대,전세,13,보통,해당지역,120000.0,보증금,109642.3,67000.0,135000.0,,,1124.538,105.8,59.7,108.3,120000.0,0.0
세곡동,강남구,행정동,37.4594019922679,127.05742833805868,오피스텔,전세,135,높음,해당지역,27000.0,보증금,29894.5,17000.0,38150.0,6.01652,1.17289,742.913,34.6,24.1,50.7,27000.0,0.0
수서동,강남구,행정동,37.4874954438907,127.0997263107432,단독다가구,매매,34,높음,자치구,412500.0,매매가,540889.7,316250.0,698750.0,12.87578,0.03058,1338.424,287.1,246.8,395.0,,
수서동,강남구,행정동,37.4874954438907,127.0997263107432,아파트,매매,50,높음,해당지역,199000.0,매매가,212622.0,162500.0,240750.0,10.08886,0.5313,4068.308,50.0,39.5,78.3,,
수서동,강남구,행정동,37.4874954438907,127.0997263107432,연립다세대,매매,699,높음,자치구,55000.0,매매가,70350.6,40000.0,80750.0,7.76195,0.87644,1456.452,34.1,26.6,56.1,,
수서동,강남구,행정동,37.4874954438907,127.0997263107432,오피스텔,매매,20,보통,해당지역,29900.0,매매가,34089.2,25000.0,35750.0,5.32374,1.35284,760.378,41.5,33.5,44.1,,
수서동,강남구,행정동,37.4874954438907,127.0997263107432,단독다가구,월세,3032,높음,자치구,84.6,월환산,102.5,67.6,121.4,2.18211,0.65169,2.625,33.0,26.4,46.3,1000.0,70.0
수서동,강남구,행정동,37.4874954438907,127.0997263107432,아파트,월세,137,높음,해당지역,191.3,월환산,221.1,154.6,241.7,1.4944,0.97621,4.24,39.5,39.5,60.0,20000.0,110.0
수서동,강남구,행정동,37.4874954438907,127.0997263107432,연립다세대,월세,2958,높음,자치구,113.8,월환산,135.7,82.3,158.8,2.62266,0.61044,3.437,30.4,25.5,47.1,3000.0,74.0
수서동,강남구,행정동,37.4874954438907,127.0997263107432,오피스텔,월세,21,보통,해당지역,89.6,월환산,98.2,79.6,104.6,1.77467,0.77164,2.482,33.5,32.0,38.8,1000.0,85.0
수서동,강남구,행정동,37.4874954438907,127.0997263107432,단독다가구,전세,525,높음,자치구,23000.0,보증금,25269.0,15000.0,31500.0,6.77109,0.84097,509.259,45.0,32.8,60.0,23000.0,0.0
수서동,강남구,행정동,37.4874954438907,127.0997263107432,아파트,전세,205,높음,해당지역,50000.0,보증금,58838.4,40000.0,68000.0,6.98024,0.98259,1000.801,50.0,39.5,60.0,50000.0,0.0
수서동,강남구,행정동,37.4874954438907,127.0997263107432,연립다세대,전세,1562,높음,자치구,30000.0,보증금,33594.2,22000.0,39975.0,8.00323,0.63434,802.099,34.0,27.4,53.9,30000.0,0.0
수서동,강남구,행정동,37.4874954438907,127.0997263107432,오피스텔,전세,16,보통,해당지역,20425.0,보증금,24484.4,18800.0,26250.0,,,611.57,35.8,32.4,42.1,20425.0,0.0
신사동,강남구,행정동,37.523672905673926,127.02237135003068,단독다가구,매매,34,높음,자치구,412500.0,매매가,540889.7,316250.0,698750.0,12.87578,0.03058,1338.424,287.1,246.8,395.0,,
신사동,강남구,행정동,37.523672905673926,127.02237135003068,아파트,매매,54,높음,해당지역,730000.0,매매가,709950.0,599250.0,911250.0,5.67999,1.57763,5428.557,136.7,108.9,170.8,,
신사동,강남구,행정동,37.523672905673926,127.02237135003068,연립다세대,매매,699,높음,자치구,55000.0,매매가,70350.6,40000.0,80750.0,7.76195,0.87644,1456.452,34.1,26.6,56.1,,
신사동,강남구,행정동,37.523672905673926,127.02237135003068,오피스텔,매매,596,높음,자치구,27000.0,매매가,35192.6,20000.0,36000.0,6.48636,1.09768,836.334,29.0,24.2,39.0,,
신사동,강남구,행정동,37.523672905673926,127.02237135003068,단독다가구,월세,3032,높음,자치구,84.6,월환산,102.5,67.6,121.4,2.18211,0.65169,2.625,33.0,26.4,46.3,1000.0,70.0
신사동,강남구,행정동,37.523672905673926,127.02237135003068,아파트,월세,77,높음,해당지역,386.2,월환산,420.1,343.3,489.6,1.12409,1.04702,3.911,108.9,78.5,115.2,30000.0,220.0
신사동,강남구,행정동,37.523672905673926,127.02237135003068,연립다세대,월세,59,높음,해당지역,94.6,월환산,128.2,82.0,144.9,2.02257,0.77293,3.38,30.0,23.0,44.6,3000.0,80.0
신사동,강남구,행정동,37.523672905673926,127.02237135003068,오피스텔,월세,2028,높음,자치구,99.6,월환산,116.6,87.6,119.5,2.35827,0.71255,3.907,24.6,21.5,29.5,2000.0,83.0
신사동,강남구,행정동,37.523672905673926,127.02237135003068,단독다가구,전세,525,높음,자치구,23000.0,보증금,25269.0,15000.0,31500.0,6.77109,0.84097,509.259,45.0,32.8,60.0,23000.0,0.0
신사동,강남구,행정동,37.523672905673926,127.02237135003068,아파트,전세,103,높음,해당지역,94000.0,보증금,106720.0,81500.0,132700.0,7.21982,0.92495,964.506,108.3,74.4,118.6,94000.0,0.0
신사동,강남구,행정동,37.523672905673926,127.02237135003068,연립다세대,전세,34,높음,해당지역,21760.0,보증금,24316.5,16550.0,27500.0,7.50445,0.70163,627.349,40.9,24.2,48.0,21760.0,0.0
신사동,강남구,행정동,37.523672905673926,127.02237135003068,오피스텔,전세,541,높음,자치구,24990.0,보증금,29883.3,19000.0,34470.0,7.34695,0.8325,838.15,28.1,22.4,38.0,24990.0,0.0
압구정동,강남구,행정동,37.52955870725697,127.03322599570629,단독다가구,매매,34,높음,자치구,412500.0,매매가,540889.7,316250.0,698750.0,12.87578,0.03058,1338.424,287.1,246.8,395.0,,
압구정동,강남구,행정동,37.52955870725697,127.03322599570629,아파트,매매,88,높음,해당지역,574500.0,매매가,561795.5,482500.0,700000.0,8.40055,1.01539,5130.848,107.2,82.5,144.7,,
압구정동,강남구,행정동,37.52955870725697,127.03322599570629,연립다세대,매매,699,높음,자치구,55000.0,매매가,70350.6,40000.0,80750.0,7.76195,0.87644,1456.452,34.1,26.6,56.1,,
압구정동,강남구,행정동,37.52955870725697,127.03322599570629,오피스텔,매매,596,높음,자치구,27000.0,매매가,35192.6,20000.0,36000.0,6.48636,1.09768,836.334,29.0,24.2,39.0,,
압구정동,강남구,행정동,37.52955870725697,127.03322599570629,단독다가구,월세,3032,높음,자치구,84.6,월환산,102.5,67.6,121.4,2.18211,0.65169,2.625,33.0,26.4,46.3,1000.0,70.0
압구정동,강남구,행정동,37.52955870725697,127.03322599570629,아파트,월세,188,높음,해당지역,380.8,월환산,448.2,303.2,547.3,2.07645,0.85566,4.263,102.4,78.0,144.2,20000.0,250.0
압구정동,강남구,행정동,37.52955870725697,127.03322599570629,연립다세대,월세,22,보통,해당지역,101.2,월환산,144.0,84.0,204.6,2.07545,0.77312,3.574,33.4,22.9,48.6,2500.0,84.0
압구정동,강남구,행정동,37.52955870725697,127.03322599570629,오피스텔,월세,2028,높음,자치구,99.6,월환산,116.6,87.6,119.5,2.35827,0.71255,3.907,24.6,21.5,29.5,2000.0,83.0
압구정동,강남구,행정동,37.52955870725697,127.03322599570629,단독다가구,전세,525,높음,자치구,23000.0,보증금,25269.0,15000.0,31500.0,6.77109,0.84097,509.259,45.0,32.8,60.0,23000.0,0.0
압구정동,강남구,행정동,37.52955870725697,127.03322599570629,아파트,전세,294,높음,해당지역,90000.0,보증금,111586.5,75000.0,132787.5,6.99798,0.97143,971.968,106.5,82.5,144.6,90000.0,0.0
압구정동,강남구,행정동,37.52955870725697,127.03322599570629,연립다세대,전세,15,보통,해당지역,23146.0,보증금,46098.3,15837.5,67500.0,,,634.46,46.2,27.1,87.3,23146.0,0.0
압구정동,강남구,행정동,37.52955870725697,127.03322599570629,오피스텔,전세,541,높음,자치구,24990.0,보증금,29883.3,19000.0,34470.0,7.34695,0.8325,838.15,28.1,22.4,38.0,24990.0,0.0
역삼1동,강남구,행정동,37.49956087498183,127.03534979178593,단독다가구,매매,34,높음,자치구,412500.0,매매가,540889.7,316250.0,698750.0,12.87578,0.03058,1338.424,287.1,246.8,395.0,,
역삼1동,강남구,행정동,37.49956087498183,127.03534979178593,아파트,매매,64,높음,해당지역,103000.0,매매가,119067.2,53750.0,161500.0,6.82992,1.10635,1462.427,66.2,44.0,85.0,,
역삼1동,강남구,행정동,37.49956087498183,127.03534979178593,연립다세대,매매,122,높음,해당지역,47000.0,매매가,52962.5,34125.0,58000.0,8.00311,0.77706,1334.803,29.3,26.1,43.1,,
역삼1동,강남구,행정동,37.49956087498183,127.03534979178593,오피스텔,매매,175,높음,해당지역,25000.0,매매가,29724.0,20000.0,30000.0,7.27373,0.84725,790.216,28.9,24.6,39.0,,
역삼1동,강남구,행정동,37.49956087498183,127.03534979178593,단독다가구,월세,901,높음,법정동,89.6,월환산,103.6,72.9,119.6,2.22052,0.65157,2.709,33.0,26.5,45.0,1000.0,76.0
역삼1동,강남구,행정동,37.49956087498183,127.03534979178593,아파트,월세,210,높음,해당지역,176.9,월환산,239.1,103.8,362.6,2.3279,0.79544,4.765,43.8,19.4,72.4,5000.0,130.0
역삼1동,강남구,행정동,37.49956087498183,127.03534979178593,연립다세대,월세,646,높음,해당지역,106.8,월환산,124.4,84.6,152.1,2.99233,0.50455,3.515,29.7,25.3,41.0,3000.0,80.0
역삼1동,강남구,행정동,37.49956087498183,127.03534979178593,오피스텔,월세,647,높음,해당지역,110.8,월환산,118.3,99.6,123.8,3.67689,0.33351,4.59,24.0,20.6,27.7,1300.0,93.0
역삼1동,강남구,행정동,37.49956087498183,127.03534979178593,단독다가구,전세,129,높음,법정동,21000.0,보증금,22881.5,17000.0,28000.0,7.61986,0.62425,541.321,40.3,30.0,56.1,21000.0,0.0
역삼1동,강남구,행정동,37.49956087498183,127.03534979178593,아파트,전세,112,높음,해당지역,61100.0,보증금,59178.5,32750.0,79062.5,7.66919,0.80851,940.44,49.6,35.9,83.5,61100.0,0.0
역삼1동,강남구,행정동,37.49956087498183,127.03534979178593,연립다세대,전세,248,높음,해당지역,27000.0,보증금,27658.0,19636.5,33000.0,8.47108,0.4872,863.739,28.9,26.1,37.8,27000.0,0.0
역삼1동,강남구,행정동,37.49956087498183,127.03534979178593,오피스텔,전세,149,높음,해당지역,23500.0,보증금,25603.3,20000.0,29500.0,8.45793,0.50535,920.502,25.5,21.4,29.9,23500.0,0.0
역삼2동,강남구,행정동,37.49869219147775,127.04517438821742,단독다가구,매매,34,높음,자치구,412500.0,매매가,540889.7,316250.0,698750.0,12.87578,0.03058,1338.424,287.1,246.8,395.0,,
역삼2동,강남구,행정동,37.49869219147775,127.04517438821742,아파트,매매,157,높음,해당지역,265000.0,매매가,207158.0,71000.0,290000.0,5.47729,1.56672,2970.009,59.9,47.8,84.7,,
역삼2동,강남구,행정동,37.49869219147775,127.04517438821742,연립다세대,매매,58,높음,해당지역,51750.0,매매가,58927.8,42625.0,65750.0,8.79232,0.59321,1667.031,29.1,24.7,47.9,,
역삼2동,강남구,행정동,37.49869219147775,127.04517438821742,오피스텔,매매,67,높음,해당지역,28000.0,매매가,30338.8,22500.0,36900.0,8.07378,0.6761,1320.293,26.9,20.9,29.1,,
역삼2동,강남구,행정동,37.49869219147775,127.04517438821742,단독다가구,월세,901,높음,법정동,89.6,월환산,103.6,72.9,119.6,2.22052,0.65157,2.709,33.0,26.5,45.0,1000.0,76.0
역삼2동,강남구,행정동,37.49869219147775,127.04517438821742,아파트,월세,516,높음,해당지역,432.2,월환산,419.7,190.7,568.9,1.19851,1.13667,6.438,59.9,44.4,85.0,27000.0,180.0
역삼2동,강남구,행정동,37.49869219147775,127.04517438821742,연립다세대,월세,245,높음,해당지역,115.8,월환산,138.4,81.9,170.8,2.75002,0.59806,3.978,29.6,24.0,38.3,3000.0,69.0
역삼2동,강남구,행정동,37.49869219147775,127.04517438821742,오피스텔,월세,190,높음,해당지역,95.6,월환산,102.1,92.6,100.7,3.23516,0.45083,5.317,17.6,17.6,27.4,3000.0,83.0
역삼2동,강남구,행정동,37.49869219147775,127.04517438821742,단독다가구,전세,129,높음,법정동,21000.0,보증금,22881.5,17000.0,28000.0,7.61986,0.62425,541.321,40.3,30.0,56.1,21000.0,0.0
역삼2동,강남구,행정동,37.49869219147775,127.04517438821742,아파트,전세,364,높음,해당지역,105000.0,보증금,103907.7,62434.0,136500.0,6.89763,1.07382,1494.94,60.0,59.5,85.0,105000.0,0.0
역삼2동,강남구,행정동,37.49869219147775,127.04517438821742,연립다세대,전세,150,높음,해당지역,30000.0,보증금,30638.0,22000.0,36075.0,8.54573,0.49368,959.543,29.7,25.2,40.5,30000.0,0.0
역삼2동,강남구,행정동,37.49869219147775,127.04517438821742,오피스텔,전세,41,높음,해당지역,19000.0,보증금,22766.0,18600.0,22700.0,8.13862,0.58976,1036.995,18.3,17.6,29.3,19000.0,0.0
일원1동,강남구,행정동,37.49270477016295,127.0863185166145,단독다가구,매매,34,높음,자치구,412500.0,매매가,540889.7,316250.0,698750.0,12.87578,0.03058,1338.424,287.1,246.8,395.0,,
일원1동,강남구,행정동,37.49270477016295,127.0863185166145,아파트,매매,18,보통,해당지역,164000.0,매매가,163888.9,150000.0,181250.0,,,3382.979,51.3,40.0,59.9,,
일원1동,강남구,행정동,37.49270477016295,127.0863185166145,연립다세대,매매,37,높음,해당지역,80000.0,매매가,81386.5,70000.0,88000.0,10.17965,0.32627,2905.921,28.8,24.3,36.8,,
일원1동,강남구,행정동,37.49270477016295,127.0863185166145,오피스텔,매매,596,높음,자치구,27000.0,매매가,35192.6,20000.0,36000.0,6.48636,1.09768,836.334,29.0,24.2,39.0,,
일원1동,강남구,행정동,37.49270477016295,127.0863185166145,단독다가구,월세,224,높음,법정동,64.6,월환산,83.8,54.6,89.2,1.96814,0.67436,2.482,25.0,20.0,40.0,1000.0,55.0
일원1동,강남구,행정동,37.49270477016295,127.0863185166145,아파트,월세,54,높음,해당지역,184.4,월환산,181.6,153.6,235.6,-2.36506,1.9029,4.13,49.7,40.0,59.9,10000.0,105.5
일원1동,강남구,행정동,37.49270477016295,127.0863185166145,연립다세대,월세,82,높음,해당지역,130.9,월환산,131.8,103.6,158.6,4.99863,-0.05029,4.397,29.9,25.8,44.7,10000.0,60.0
일원1동,강남구,행정동,37.49270477016295,127.0863185166145,오피스텔,월세,2028,높음,자치구,99.6,월환산,116.6,87.6,119.5,2.35827,0.71255,3.907,24.6,21.5,29.5,2000.0,83.0
일원1동,강남구,행정동,37.49270477016295,127.0863185166145,단독다가구,전세,48,높음,법정동,26750.0,보증금,27442.3,12450.0,37750.0,5.78718,1.08265,478.92,52.5,29.8,81.4,26750.0,0.0
일원1동,강남구,행정동,37.49270477016295,127.0863185166145,아파트,전세,56,높음,해당지역,50000.0,보증금,49562.4,41875.0,57750.0,7.7818,0.76213,948.053,51.8,40.0,59.9,50000.0,0.0
일원1동,강남구,행정동,37.49270477016295,127.0863185166145,연립다세대,전세,152,높음,해당지역,29655.0,보증금,29354.0,25000.0,33000.0,9.63763,0.18058,1047.04,28.7,24.9,36.6,29655.0,0.0
일원1동,강남구,행정동,37.49270477016295,127.0863185166145,오피스텔,전세,541,높음,자치구,24990.0,보증금,29883.3,19000.0,34470.0,7.34695,0.8325,838.15,28.1,22.4,38.0,24990.0,0.0
일원본동,강남구,행정동,37.483420444293166,127.08542458509596,단독다가구,매매,34,높음,자치구,412500.0,매매가,540889.7,316250.0,698750.0,12.87578,0.03058,1338.424,287.1,246.8,395.0,,
일원본동,강남구,행정동,37.483420444293166,127.08542458509596,아파트,매매,126,높음,해당지역,200000.0,매매가,203011.9,154000.0,245000.0,9.69172,0.6262,3853.473,49.5,34.4,75.2,,
일원본동,강남구,행정동,37.483420444293166,127.08542458509596,연립다세대,매매,699,높음,자치구,55000.0,매매가,70350.6,40000.0,80750.0,7.76195,0.87644,1456.452,34.1,26.6,56.1,,
일원본동,강남구,행정동,37.483420444293166,127.08542458509596,오피스텔,매매,20,보통,법정동,29900.0,매매가,34089.2,25000.0,35750.0,5.32374,1.35284,760.378,41.5,33.5,44.1,,
일원본동,강남구,행정동,37.483420444293166,127.08542458509596,단독다가구,월세,3032,높음,자치구,84.6,월환산,102.5,67.6,121.4,2.18211,0.65169,2.625,33.0,26.4,46.3,1000.0,70.0
일원본동,강남구,행정동,37.483420444293166,127.08542458509596,아파트,월세,251,높음,해당지역,312.5,월환산,307.4,181.7,400.0,1.0175,1.11214,4.543,60.0,39.6,85.0,30000.0,120.0
일원본동,강남구,행정동,37.483420444293166,127.08542458509596,연립다세대,월세,11,보통,해당지역,253.3,월환산,251.8,229.2,283.8,,,4.24,59.8,59.8,59.8,30000.0,145.0
일원본동,강남구,행정동,37.483420444293166,127.08542458509596,오피스텔,월세,21,보통,법정동,89.6,월환산,98.2,79.6,104.6,1.77467,0.77164,2.482,33.5,32.0,38.8,1000.0,85.0
일원본동,강남구,행정동,37.483420444293166,127.08542458509596,단독다가구,전세,525,높음,자치구,23000.0,보증금,25269.0,15000.0,31500.0,6.77109,0.84097,509.259,45.0,32.8,60.0,23000.0,0.0
일원본동,강남구,행정동,37.483420444293166,127.08542458509596,아파트,전세,293,높음,해당지역,73500.0,보증금,72542.8,47000.0,88000.0,6.8515,1.02608,1059.447,63.8,39.6,84.9,73500.0,0.0
일원본동,강남구,행정동,37.483420444293166,127.08542458509596,연립다세대,전세,14,보통,해당지역,59400.0,보증금,57065.7,51610.0,62343.8,,,994.142,59.8,59.8,59.8,59400.0,0.0
일원본동,강남구,행정동,37.483420444293166,127.08542458509596,오피스텔,전세,16,보통,법정동,20425.0,보증금,24484.4,18800.0,26250.0,,,611.57,35.8,32.4,42.1,20425.0,0.0
청담동,강남구,행정동,37.5225531547456,127.05023504289909,단독다가구,매매,34,높음,자치구,412500.0,매매가,540889.7,316250.0,698750.0,12.87578,0.03058,1338.424,287.1,246.8,395.0,,
청담동,강남구,행정동,37.5225531547456,127.05023504289909,아파트,매매,113,높음,해당지역,270000.0,매매가,310677.4,240000.0,330000.0,8.33351,0.92238,2814.195,89.4,60.0,114.8,,
청담동,강남구,행정동,37.5225531547456,127.05023504289909,연립다세대,매매,19,보통,해당지역,71000.0,매매가,80385.3,51200.0,90000.0,,,1658.104,50.8,32.2,70.2,,
청담동,강남구,행정동,37.5225531547456,127.05023504289909,오피스텔,매매,23,보통,해당지역,28000.0,매매가,76947.8,27000.0,29750.0,5.57225,1.48741,1220.905,22.8,22.8,22.8,,
청담동,강남구,행정동,37.5225531547456,127.05023504289909,단독다가구,월세,148,높음,해당지역,89.6,월환산,111.0,69.6,124.3,2.5992,0.55533,2.692,33.0,26.2,47.7,1000.0,80.0
청담동,강남구,행정동,37.5225531547456,127.05023504289909,아파트,월세,285,높음,해당지역,465.8,월환산,535.1,333.3,650.0,2.19246,0.9184,5.957,84.5,49.6,105.7,25000.0,280.0
청담동,강남구,행정동,37.5225531547456,127.05023504289909,연립다세대,월세,135,높음,해당지역,141.8,월환산,182.9,94.6,200.3,2.20501,0.76653,3.805,39.5,24.8,56.5,4000.0,100.0
청담동,강남구,행정동,37.5225531547456,127.05023504289909,오피스텔,월세,21,보통,해당지역,79.6,월환산,91.7,66.6,86.6,1.29059,1.02537,3.634,17.7,17.7,22.8,1000.0,67.0
청담동,강남구,행정동,37.5225531547456,127.05023504289909,단독다가구,전세,16,보통,해당지역,28500.0,보증금,32696.9,16375.0,45000.0,,,519.694,55.4,33.5,85.7,28500.0,0.0
청담동,강남구,행정동,37.5225531547456,127.05023504289909,아파트,전세,278,높음,해당지역,100000.0,보증금,120817.5,74112.5,137625.0,7.5286,0.91087,1188.447,84.9,59.4,109.5,100000.0,0.0
청담동,강남구,행정동,37.5225531547456,127.05023504289909,연립다세대,전세,65,높음,해당지역,50000.0,보증금,50821.8,35000.0,62000.0,8.31729,0.60933,815.538,56.7,30.4,72.8,50000.0,0.0
청담동,강남구,행정동,37.5225531547456,127.05023504289909,오피스텔,전세,541,높음,자치구,24990.0,보증금,29883.3,19000.0,34470.0,7.34695,0.8325,838.15,28.1,22.4,38.0,24990.0,0.0
강일동,강동구,행정동,37.566692546385426,127.17532836258682,단독다가구,매매,93,높음,자치구,146500.0,매매가,182545.7,100000.0,237430.0,8.82191,0.5831,700.052,204.2,154.4,265.9,,
강일동,강동구,행정동,37.566692546385426,127.17532836258682,아파트,매매,161,높음,해당지역,122000.0,매매가,118619.9,99000.0,130000.0,9.01345,0.62621,1734.2,84.5,49.8,84.7,,
강일동,강동구,행정동,37.566692546385426,127.17532836258682,연립다세대,매매,1284,높음,자치구,38500.0,매매가,45842.1,30000.0,49900.0,8.53148,0.56022,1019.747,40.5,29.6,51.7,,
강일동,강동구,행정동,37.566692546385426,127.17532836258682,오피스텔,매매,24,보통,해당지역,11150.0,매매가,12367.0,10000.0,12200.0,6.11393,1.01061,447.975,23.1,21.3,28.9,,
강일동,강동구,행정동,37.566692546385426,127.17532836258682,단독다가구,월세,3086,높음,자치구,59.6,월환산,66.2,45.3,79.6,2.97109,0.31846,1.82,33.0,24.9,44.1,1000.0,50.0
강일동,강동구,행정동,37.566692546385426,127.17532836258682,아파트,월세,578,높음,해당지역,49.7,월환산,90.9,41.5,59.8,-2.63765,1.74484,0.988,49.9,39.9,59.9,5590.0,26.0
강일동,강동구,행정동,37.566692546385426,127.17532836258682,연립다세대,월세,2904,높음,자치구,95.9,월환산,99.7,67.0,124.3,3.29834,0.3473,2.932,30.1,25.2,45.3,10000.0,40.0
강일동,강동구,행정동,37.566692546385426,127.17532836258682,오피스텔,월세,191,높음,해당지역,60.6,월환산,59.8,52.3,65.3,2.72476,0.4509,3.013,18.5,15.9,23.1,500.0,55.0
강일동,강동구,행정동,37.566692546385426,127.17532836258682,단독다가구,전세,13,보통,해당지역,45000.0,보증금,40846.2,30000.0,47000.0,,,228.112,233.5,65.6,242.0,45000.0,0.0
강일동,강동구,행정동,37.566692546385426,127.17532836258682,아파트,전세,478,높음,해당지역,50400.0,보증금,49395.6,38532.0,60000.0,7.47516,0.7476,619.484,84.7,60.0,84.9,50400.0,0.0
강일동,강동구,행정동,37.566692546385426,127.17532836258682,연립다세대,전세,1581,높음,자치구,24700.0,보증금,25095.6,19900.0,29500.0,8.54032,0.42319,691.869,36.9,28.8,48.1,24700.0,0.0
강일동,강동구,행정동,37.566692546385426,127.17532836258682,오피스텔,전세,29,보통,해당지역,10000.0,보증금,13929.3,9700.0,11500.0,5.41587,1.2445,496.492,22.3,18.5,28.2,10000.0,0.0
고덕1동,강동구,행정동,37.55901054852198,127.14963087797194,단독다가구,매매,12,보통,법정동,260000.0,매매가,265583.3,243000.0,287500.0,,,974.863,269.7,249.7,309.4,,
고덕1동,강동구,행정동,37.55901054852198,127.14963087797194,아파트,매매,124,높음,해당지역,168750.0,매매가,175977.0,149000.0,201250.0,9.14716,0.66317,2273.131,84.9,72.0,84.9,,
고덕1동,강동구,행정동,37.55901054852198,127.14963087797194,연립다세대,매매,39,높음,해당지역,55500.0,매매가,53505.1,49350.0,59500.0,11.49971,-0.1711,1569.822,37.0,35.1,47.6,,
고덕1동,강동구,행정동,37.55901054852198,127.14963087797194,오피스텔,매매,222,높음,자치구,17000.0,매매가,23070.1,12525.0,23300.0,6.3333,1.03516,632.201,28.3,22.3,34.2,,
고덕1동,강동구,행정동,37.55901054852198,127.14963087797194,단독다가구,월세,172,높음,법정동,57.1,월환산,65.0,42.3,74.6,2.28009,0.48389,1.558,36.5,30.0,43.4,1000.0,45.0
고덕1동,강동구,행정동,37.55901054852198,127.14963087797194,아파트,월세,146,높음,해당지역,329.0,월환산,322.8,262.5,384.9,3.15003,0.59784,4.345,84.9,59.5,84.9,40000.0,122.5
고덕1동,강동구,행정동,37.55901054852198,127.14963087797194,연립다세대,월세,34,높음,해당지역,71.7,월환산,87.5,56.2,122.4,6.9261,-0.68394,1.716,41.9,35.5,53.3,4938.0,40.0
고덕1동,강동구,행정동,37.55901054852198,127.14963087797194,오피스텔,월세,12,보통,법정동,85.1,월환산,102.7,82.1,108.1,,,3.967,21.3,21.0,23.8,1000.0,79.0
고덕1동,강동구,행정동,37.55901054852198,127.14963087797194,단독다가구,전세,65,높음,법정동,15000.0,보증금,18577.4,10000.0,27783.0,6.65675,0.73902,306.604,50.0,40.0,81.0,15000.0,0.0
고덕1동,강동구,행정동,37.55901054852198,127.14963087797194,아파트,전세,278,높음,해당지역,72544.0,보증금,70305.7,52250.0,87500.0,5.92111,1.19648,922.632,84.8,60.0,84.9,72544.0,0.0
고덕1동,강동구,행정동,37.55901054852198,127.14963087797194,연립다세대,전세,37,높음,해당지역,23000.0,보증금,24592.6,18000.0,32000.0,10.70351,-0.17883,730.117,39.3,35.5,53.8,23000.0,0.0
고덕1동,강동구,행정동,37.55901054852198,127.14963087797194,오피스텔,전세,15,보통,법정동,35800.0,보증금,30133.3,18850.0,38500.0,,,978.849,31.5,20.5,34.5,35800.0,0.0
고덕2동,강동구,행정동,37.55894358626012,127.16483823771338,단독다가구,매매,12,보통,법정동,260000.0,매매가,265583.3,243000.0,287500.0,,,974.863,269.7,249.7,309.4,,
고덕2동,강동구,행정동,37.55894358626012,127.16483823771338,아파트,매매,107,높음,해당지역,195000.0,매매가,199513.6,178500.0,221250.0,9.56488,0.61953,2881.766,59.8,59.1,84.1,,
고덕2동,강동구,행정동,37.55894358626012,127.16483823771338,연립다세대,매매,25,보통,해당지역,55500.0,매매가,55754.0,50000.0,60000.0,9.4977,0.39913,1794.511,30.7,28.6,40.5,,
고덕2동,강동구,행정동,37.55894358626012,127.16483823771338,오피스텔,매매,222,높음,자치구,17000.0,매매가,23070.1,12525.0,23300.0,6.3333,1.03516,632.201,28.3,22.3,34.2,,
고덕2동,강동구,행정동,37.55894358626012,127.16483823771338,단독다가구,월세,172,높음,법정동,57.1,월환산,65.0,42.3,74.6,2.28009,0.48389,1.558,36.5,30.0,43.4,1000.0,45.0
고덕2동,강동구,행정동,37.55894358626012,127.16483823771338,아파트,월세,178,높음,해당지역,317.1,월환산,298.9,257.0,363.4,-1.16598,1.62102,4.751,59.8,59.1,73.9,21973.0,160.0
고덕2동,강동구,행정동,37.55894358626012,127.16483823771338,연립다세대,월세,73,높음,해당지역,74.6,월환산,90.5,55.9,126.7,4.35539,0.00977,2.202,29.6,27.6,40.5,5000.0,40.0
고덕2동,강동구,행정동,37.55894358626012,127.16483823771338,오피스텔,월세,12,보통,해당지역,85.1,월환산,102.7,82.1,108.1,,,3.967,21.3,21.0,23.8,1000.0,79.0
고덕2동,강동구,행정동,37.55894358626012,127.16483823771338,단독다가구,전세,65,높음,법정동,15000.0,보증금,18577.4,10000.0,27783.0,6.65675,0.73902,306.604,50.0,40.0,81.0,15000.0,0.0
고덕2동,강동구,행정동,37.55894358626012,127.16483823771338,아파트,전세,273,높음,해당지역,77000.0,보증금,78976.3,66000.0,88000.0,7.30288,0.93328,1127.677,59.8,59.8,84.2,77000.0,0.0
고덕2동,강동구,행정동,37.55894358626012,127.16483823771338,연립다세대,전세,124,높음,해당지역,25000.0,보증금,24900.7,20875.0,28000.0,8.83098,0.35706,844.151,29.8,27.8,35.0,25000.0,0.0
고덕2동,강동구,행정동,37.55894358626012,127.16483823771338,오피스텔,전세,15,보통,해당지역,35800.0,보증금,30133.3,18850.0,38500.0,,,978.849,31.5,20.5,34.5,35800.0,0.0
길동,강동구,행정동,37.53848533959358,127.14187295098802,단독다가구,매매,93,높음,자치구,146500.0,매매가,182545.7,100000.0,237430.0,8.82191,0.5831,700.052,204.2,154.4,265.9,,
길동,강동구,행정동,37.53848533959358,127.14187295098802,아파트,매매,284,높음,해당지역,75600.0,매매가,88343.3,58562.5,130500.0,6.96992,1.01845,1037.575,74.1,57.1,84.9,,
길동,강동구,행정동,37.53848533959358,127.14187295098802,연립다세대,매매,110,높음,해당지역,34500.0,매매가,36671.8,29025.0,43000.0,9.16141,0.35007,813.874,43.4,29.6,56.4,,
길동,강동구,행정동,37.53848533959358,127.14187295098802,오피스텔,매매,31,높음,해당지역,10000.0,매매가,12240.3,8375.0,12500.0,6.8537,0.77724,436.637,22.8,18.8,30.7,,
길동,강동구,행정동,37.53848533959358,127.14187295098802,단독다가구,월세,373,높음,해당지역,62.9,월환산,68.2,47.6,83.2,2.1072,0.57615,1.848,36.0,25.0,43.0,1500.0,50.0
길동,강동구,행정동,37.53848533959358,127.14187295098802,아파트,월세,533,높음,해당지역,70.8,월환산,120.3,60.3,176.9,2.20058,0.73163,3.929,17.1,14.5,59.9,7000.0,55.0
길동,강동구,행정동,37.53848533959358,127.14187295098802,연립다세대,월세,319,높음,해당지역,91.7,월환산,95.9,65.4,118.8,3.24456,0.35818,2.887,29.9,24.7,44.1,7000.0,50.0
길동,강동구,행정동,37.53848533959358,127.14187295098802,오피스텔,월세,288,높음,해당지역,80.0,월환산,98.9,63.0,125.7,1.65844,0.87732,3.743,23.0,18.8,30.7,2000.0,60.0
길동,강동구,행정동,37.53848533959358,127.14187295098802,단독다가구,전세,66,높음,해당지역,15875.0,보증금,16677.3,9250.0,22000.0,6.4317,0.8278,376.389,42.6,33.1,56.5,15875.0,0.0
길동,강동구,행정동,37.53848533959358,127.14187295098802,아파트,전세,322,높음,해당지역,52500.0,보증금,50269.1,42643.8,60000.0,7.85618,0.70636,814.01,60.0,59.8,84.0,52500.0,0.0
길동,강동구,행정동,37.53848533959358,127.14187295098802,연립다세대,전세,147,높음,해당지역,25000.0,보증금,24466.8,19900.0,29874.0,8.52508,0.41884,668.857,39.6,29.4,48.5,25000.0,0.0
길동,강동구,행정동,37.53848533959358,127.14187295098802,오피스텔,전세,52,높음,해당지역,23500.0,보증금,22909.1,18300.0,25550.0,7.86605,0.63014,828.624,29.3,21.9,32.2,23500.0,0.0
둔촌1동,강동구,행정동,37.52537641179983,127.13999907005721,단독다가구,매매,93,높음,자치구,146500.0,매매가,182545.7,100000.0,237430.0,8.82191,0.5831,700.052,204.2,154.4,265.9,,
둔촌1동,강동구,행정동,37.52537641179983,127.13999907005721,아파트,매매,99,높음,해당지역,249000.0,매매가,226962.6,168250.0,284750.0,9.31166,0.72819,3682.786,60.0,40.0,85.0,,
둔촌1동,강동구,행정동,37.52537641179983,127.13999907005721,연립다세대,매매,80,높음,법정동,53000.0,매매가,58077.9,39450.0,70250.0,9.19674,0.45224,1195.274,44.8,30.0,51.0,,
둔촌1동,강동구,행정동,37.52537641179983,127.13999907005721,오피스텔,매매,222,높음,자치구,17000.0,매매가,23070.1,12525.0,23300.0,6.3333,1.03516,632.201,28.3,22.3,34.2,,
둔촌1동,강동구,행정동,37.52537641179983,127.13999907005721,단독다가구,월세,146,높음,법정동,62.3,월환산,67.4,47.6,82.4,3.85166,0.07418,1.896,35.0,28.0,50.0,1600.0,45.0
둔촌1동,강동구,행정동,37.52537641179983,127.13999907005721,아파트,월세,65,높음,해당지역,451.7,월환산,448.3,331.7,566.7,2.93583,0.7514,6.873,85.0,40.0,85.0,40000.0,240.0
둔촌1동,강동구,행정동,37.52537641179983,127.13999907005721,연립다세대,월세,153,높음,법정동,101.2,월환산,101.3,64.6,125.8,3.05336,0.42021,2.91,36.6,24.6,47.5,13000.0,42.0
둔촌1동,강동구,행정동,37.52537641179983,127.13999907005721,오피스텔,월세,1565,높음,자치구,81.7,월환산,87.9,65.4,98.8,2.27894,0.66358,3.41,25.1,19.4,30.3,1000.0,63.0
둔촌1동,강동구,행정동,37.52537641179983,127.13999907005721,단독다가구,전세,41,높음,법정동,15000.0,보증금,17529.3,10000.0,25000.0,8.46571,0.30357,413.544,42.9,30.0,59.5,15000.0,0.0
둔촌1동,강동구,행정동,37.52537641179983,127.13999907005721,아파트,전세,60,높음,해당지역,101450.0,보증금,105235.4,73750.0,138500.0,7.07073,1.04878,1501.689,85.0,47.5,85.0,101450.0,0.0
둔촌1동,강동구,행정동,37.52537641179983,127.13999907005721,연립다세대,전세,116,높음,법정동,27000.0,보증금,27946.0,22000.0,32000.0,8.22558,0.52343,645.065,42.6,29.8,52.7,27000.0,0.0
둔촌1동,강동구,행정동,37.52537641179983,127.13999907005721,오피스텔,전세,357,높음,자치구,20000.0,보증금,22514.6,16500.0,26890.0,7.35765,0.77282,818.833,26.1,20.5,34.5,20000.0,0.0
둔촌2동,강동구,행정동,37.531310933681986,127.14304594017918,단독다가구,매매,93,높음,자치구,146500.0,매매가,182545.7,100000.0,237430.0,8.82191,0.5831,700.052,204.2,154.4,265.9,,
둔촌2동,강동구,행정동,37.531310933681986,127.14304594017918,아파트,매매,159,높음,해당지역,135000.0,매매가,128014.2,104100.0,150000.0,10.36195,0.31462,1826.896,80.0,59.8,84.9,,
둔촌2동,강동구,행정동,37.531310933681986,127.14304594017918,연립다세대,매매,80,높음,해당지역,53000.0,매매가,58077.9,39450.0,70250.0,9.19674,0.45224,1195.274,44.8,30.0,51.0,,
둔촌2동,강동구,행정동,37.531310933681986,127.14304594017918,오피스텔,매매,222,높음,자치구,17000.0,매매가,23070.1,12525.0,23300.0,6.3333,1.03516,632.201,28.3,22.3,34.2,,
둔촌2동,강동구,행정동,37.531310933681986,127.14304594017918,단독다가구,월세,146,높음,법정동,62.3,월환산,67.4,47.6,82.4,3.85166,0.07418,1.896,35.0,28.0,50.0,1600.0,45.0
둔촌2동,강동구,행정동,37.531310933681986,127.14304594017918,아파트,월세,70,높음,해당지역,252.3,월환산,257.4,214.6,296.6,2.57436,0.67945,3.312,80.0,59.9,84.9,30000.0,105.0
둔촌2동,강동구,행정동,37.531310933681986,127.14304594017918,연립다세대,월세,153,높음,해당지역,101.2,월환산,101.3,64.6,125.8,3.05336,0.42021,2.91,36.6,24.6,47.5,13000.0,42.0
둔촌2동,강동구,행정동,37.531310933681986,127.14304594017918,오피스텔,월세,1565,높음,자치구,81.7,월환산,87.9,65.4,98.8,2.27894,0.66358,3.41,25.1,19.4,30.3,1000.0,63.0
둔촌2동,강동구,행정동,37.531310933681986,127.14304594017918,단독다가구,전세,41,높음,법정동,15000.0,보증금,17529.3,10000.0,25000.0,8.46571,0.30357,413.544,42.9,30.0,59.5,15000.0,0.0
둔촌2동,강동구,행정동,37.531310933681986,127.14304594017918,아파트,전세,180,높음,해당지역,56500.0,보증금,59460.9,45000.0,70000.0,8.05882,0.66995,741.909,83.4,59.8,84.9,56500.0,0.0
둔촌2동,강동구,행정동,37.531310933681986,127.14304594017918,연립다세대,전세,116,높음,해당지역,27000.0,보증금,27946.0,22000.0,32000.0,8.22558,0.52343,645.065,42.6,29.8,52.7,27000.0,0.0
둔촌2동,강동구,행정동,37.531310933681986,127.14304594017918,오피스텔,전세,357,높음,자치구,20000.0,보증금,22514.6,16500.0,26890.0,7.35765,0.77282,818.833,26.1,20.5,34.5,20000.0,0.0
명일1동,강동구,행정동,37.551069444938264,127.1463988194015,단독다가구,매매,93,높음,자치구,146500.0,매매가,182545.7,100000.0,237430.0,8.82191,0.5831,700.052,204.2,154.4,265.9,,
명일1동,강동구,행정동,37.551069444938264,127.1463988194015,아파트,매매,142,높음,해당지역,148375.0,매매가,145138.7,115500.0,178500.0,12.15816,-0.07694,2363.874,59.8,57.1,83.6,,
명일1동,강동구,행정동,37.551069444938264,127.1463988194015,연립다세대,매매,39,높음,해당지역,42000.0,매매가,41370.5,30500.0,50000.0,9.16836,0.37383,878.807,41.6,37.5,56.7,,
명일1동,강동구,행정동,37.551069444938264,127.1463988194015,오피스텔,매매,28,보통,법정동,22500.0,매매가,45232.1,18000.0,91375.0,6.96763,0.92179,892.799,39.2,20.9,100.2,,
명일1동,강동구,행정동,37.551069444938264,127.1463988194015,단독다가구,월세,108,높음,법정동,67.2,월환산,74.6,45.9,94.2,2.27886,0.51872,1.71,39.0,30.0,50.0,2000.0,50.0
명일1동,강동구,행정동,37.551069444938264,127.1463988194015,아파트,월세,175,높음,해당지역,213.8,월환산,223.2,158.6,286.4,2.34967,0.73827,3.446,59.1,54.8,66.9,20000.0,96.0
명일1동,강동구,행정동,37.551069444938264,127.1463988194015,연립다세대,월세,67,높음,해당지역,101.7,월환산,107.0,75.4,146.0,2.91286,0.4782,3.183,33.0,28.2,43.9,8700.0,50.0
명일1동,강동구,행정동,37.551069444938264,127.1463988194015,오피스텔,월세,149,높음,법정동,79.9,월환산,86.9,69.8,84.6,2.2773,0.68974,3.916,19.5,17.9,21.3,1000.0,70.0
명일1동,강동구,행정동,37.551069444938264,127.1463988194015,단독다가구,전세,29,보통,법정동,20000.0,보증금,20017.2,12000.0,26000.0,5.34217,1.12361,366.667,50.0,33.0,70.2,20000.0,0.0
명일1동,강동구,행정동,37.551069444938264,127.1463988194015,아파트,전세,287,높음,해당지역,50000.0,보증금,53412.7,40000.0,66575.0,8.78562,0.49096,727.969,59.3,55.6,78.8,50000.0,0.0
명일1동,강동구,행정동,37.551069444938264,127.1463988194015,연립다세대,전세,28,보통,해당지역,25000.0,보증금,25821.1,21125.0,29600.0,8.0778,0.54241,603.701,40.9,35.2,49.7,25000.0,0.0
명일1동,강동구,행정동,37.551069444938264,127.1463988194015,오피스텔,전세,60,높음,법정동,18000.0,보증금,24709.1,16762.5,23750.0,7.38351,0.78598,844.674,21.3,19.5,26.4,18000.0,0.0
명일2동,강동구,행정동,37.55110095088826,127.15381938078608,단독다가구,매매,93,높음,자치구,146500.0,매매가,182545.7,100000.0,237430.0,8.82191,0.5831,700.052,204.2,154.4,265.9,,
명일2동,강동구,행정동,37.55110095088826,127.15381938078608,아파트,매매,65,높음,해당지역,189500.0,매매가,192284.6,174000.0,217500.0,9.91665,0.48861,2035.441,84.9,83.5,122.0,,
명일2동,강동구,행정동,37.55110095088826,127.15381938078608,연립다세대,매매,17,보통,해당지역,59900.0,매매가,55717.6,49000.0,62000.0,,,1411.015,49.8,29.9,53.5,,
명일2동,강동구,행정동,37.55110095088826,127.15381938078608,오피스텔,매매,28,보통,해당지역,22500.0,매매가,45232.1,18000.0,91375.0,6.96763,0.92179,892.799,39.2,20.9,100.2,,
명일2동,강동구,행정동,37.55110095088826,127.15381938078608,단독다가구,월세,108,높음,법정동,67.2,월환산,74.6,45.9,94.2,2.27886,0.51872,1.71,39.0,30.0,50.0,2000.0,50.0
명일2동,강동구,행정동,37.55110095088826,127.15381938078608,아파트,월세,98,높음,해당지역,263.3,월환산,277.4,234.5,324.5,2.21225,0.74276,2.85,84.9,83.5,119.4,40000.0,100.0
명일2동,강동구,행정동,37.55110095088826,127.15381938078608,연립다세대,월세,51,높음,해당지역,122.9,월환산,126.8,111.2,136.3,4.34279,0.12735,2.997,47.0,31.2,55.3,20000.0,30.0
명일2동,강동구,행정동,37.55110095088826,127.15381938078608,오피스텔,월세,149,높음,해당지역,79.9,월환산,86.9,69.8,84.6,2.2773,0.68974,3.916,19.5,17.9,21.3,1000.0,70.0
명일2동,강동구,행정동,37.55110095088826,127.15381938078608,단독다가구,전세,29,보통,법정동,20000.0,보증금,20017.2,12000.0,26000.0,5.34217,1.12361,366.667,50.0,33.0,70.2,20000.0,0.0
명일2동,강동구,행정동,37.55110095088826,127.15381938078608,아파트,전세,180,높음,해당지역,57750.0,보증금,59005.3,48300.0,70000.0,6.99193,0.87581,614.624,84.9,83.5,108.2,57750.0,0.0
명일2동,강동구,행정동,37.55110095088826,127.15381938078608,연립다세대,전세,76,높음,해당지역,26000.0,보증금,26533.7,23650.0,27140.0,9.31728,0.23721,823.224,30.0,29.6,44.2,26000.0,0.0
명일2동,강동구,행정동,37.55110095088826,127.15381938078608,오피스텔,전세,60,높음,해당지역,18000.0,보증금,24709.1,16762.5,23750.0,7.38351,0.78598,844.674,21.3,19.5,26.4,18000.0,0.0
상일1동,강동구,행정동,37.55225743741064,127.16587822166983,단독다가구,매매,93,높음,자치구,146500.0,매매가,182545.7,100000.0,237430.0,8.82191,0.5831,700.052,204.2,154.4,265.9,,
상일1동,강동구,행정동,37.55225743741064,127.16587822166983,아파트,매매,194,높음,해당지역,180000.0,매매가,176567.8,165000.0,193000.0,9.25912,0.6479,2410.772,84.2,60.0,84.9,,
상일1동,강동구,행정동,37.55225743741064,127.16587822166983,연립다세대,매매,55,높음,해당지역,35700.0,매매가,69825.1,30684.5,63458.0,6.9718,1.00825,1238.817,38.3,27.3,69.6,,
상일1동,강동구,행정동,37.55225743741064,127.16587822166983,오피스텔,매매,222,높음,자치구,17000.0,매매가,23070.1,12525.0,23300.0,6.3333,1.03516,632.201,28.3,22.3,34.2,,
상일1동,강동구,행정동,37.55225743741064,127.16587822166983,단독다가구,월세,56,높음,법정동,59.4,월환산,63.8,41.0,75.4,2.29517,0.46229,1.409,41.0,30.6,49.8,2000.0,40.0
상일1동,강동구,행정동,37.55225743741064,127.16587822166983,아파트,월세,456,높음,해당지역,312.9,월환산,281.0,192.0,360.8,-1.87014,1.73621,4.197,60.0,60.0,84.9,22528.0,120.0
상일1동,강동구,행정동,37.55225743741064,127.16587822166983,연립다세대,월세,42,높음,해당지역,92.4,월환산,115.7,60.5,121.4,0.97639,0.92366,2.056,42.8,37.7,50.2,7500.0,50.5
상일1동,강동구,행정동,37.55225743741064,127.16587822166983,오피스텔,월세,1565,높음,자치구,81.7,월환산,87.9,65.4,98.8,2.27894,0.66358,3.41,25.1,19.4,30.3,1000.0,63.0
상일1동,강동구,행정동,37.55225743741064,127.16587822166983,단독다가구,전세,31,높음,법정동,15000.0,보증금,17251.6,8600.0,22800.0,8.25938,0.32945,272.727,55.0,34.6,83.4,15000.0,0.0
상일1동,강동구,행정동,37.55225743741064,127.16587822166983,아파트,전세,609,높음,해당지역,74500.0,보증금,74113.9,64000.0,85000.0,8.07678,0.72014,997.999,84.8,60.0,85.0,74500.0,0.0
상일1동,강동구,행정동,37.55225743741064,127.16587822166983,연립다세대,전세,49,높음,해당지역,23000.0,보증금,35364.7,21000.0,51000.0,6.30178,0.9775,540.906,50.2,41.2,84.5,23000.0,0.0
상일1동,강동구,행정동,37.55225743741064,127.16587822166983,오피스텔,전세,357,높음,자치구,20000.0,보증금,22514.6,16500.0,26890.0,7.35765,0.77282,818.833,26.1,20.5,34.5,20000.0,0.0
상일2동,강동구,행정동,37.55330163261258,127.17776079080399,단독다가구,매매,93,높음,자치구,146500.0,매매가,182545.7,100000.0,237430.0,8.82191,0.5831,700.052,204.2,154.4,265.9,,
상일2동,강동구,행정동,37.55330163261258,127.17776079080399,아파트,매매,50,높음,해당지역,90900.0,매매가,98852.0,87175.0,109000.0,8.99044,0.61452,1742.805,49.7,49.7,59.9,,
상일2동,강동구,행정동,37.55330163261258,127.17776079080399,연립다세대,매매,55,높음,법정동,35700.0,매매가,69825.1,30684.5,63458.0,6.9718,1.00825,1238.817,38.3,27.3,69.6,,
상일2동,강동구,행정동,37.55330163261258,127.17776079080399,오피스텔,매매,222,높음,자치구,17000.0,매매가,23070.1,12525.0,23300.0,6.3333,1.03516,632.201,28.3,22.3,34.2,,
상일2동,강동구,행정동,37.55330163261258,127.17776079080399,단독다가구,월세,56,높음,법정동,59.4,월환산,63.8,41.0,75.4,2.29517,0.46229,1.409,41.0,30.6,49.8,2000.0,40.0
상일2동,강동구,행정동,37.55330163261258,127.17776079080399,아파트,월세,373,높음,해당지역,52.4,월환산,69.5,40.5,69.6,1.38244,0.7719,2.13,30.0,18.0,49.7,6776.0,20.0
상일2동,강동구,행정동,37.55330163261258,127.17776079080399,연립다세대,월세,12,보통,해당지역,17.7,월환산,18.5,16.5,17.7,,,0.897,19.1,19.1,19.1,1026.0,13.0
상일2동,강동구,행정동,37.55330163261258,127.17776079080399,오피스텔,월세,1565,높음,자치구,81.7,월환산,87.9,65.4,98.8,2.27894,0.66358,3.41,25.1,19.4,30.3,1000.0,63.0
상일2동,강동구,행정동,37.55330163261258,127.17776079080399,단독다가구,전세,31,높음,법정동,15000.0,보증금,17251.6,8600.0,22800.0,8.25938,0.32945,272.727,55.0,34.6,83.4,15000.0,0.0
상일2동,강동구,행정동,37.55330163261258,127.17776079080399,아파트,전세,110,높음,해당지역,45156.0,보증금,45638.7,37406.0,53690.0,9.99576,0.15925,509.306,84.8,59.9,85.0,45156.0,0.0
상일2동,강동구,행정동,37.55330163261258,127.17776079080399,연립다세대,전세,50,높음,법정동,23000.0,보증금,34722.9,20850.0,45750.0,5.9848,1.05096,533.505,48.9,40.4,78.4,23000.0,0.0
상일2동,강동구,행정동,37.55330163261258,127.17776079080399,오피스텔,전세,357,높음,자치구,20000.0,보증금,22514.6,16500.0,26890.0,7.35765,0.77282,818.833,26.1,20.5,34.5,20000.0,0.0
성내1동,강동구,행정동,37.528311675267105,127.12642283807074,단독다가구,매매,34,높음,법정동,144109.5,매매가,222758.0,123328.8,249000.0,9.50398,0.48993,737.664,191.7,175.2,233.4,,
성내1동,강동구,행정동,37.528311675267105,127.12642283807074,아파트,매매,65,높음,해당지역,89000.0,매매가,99878.9,70000.0,129500.0,7.66733,0.88329,1293.513,64.2,55.6,84.9,,
성내1동,강동구,행정동,37.528311675267105,127.12642283807074,연립다세대,매매,67,높음,해당지역,44000.0,매매가,44706.7,30000.0,58000.0,7.46685,0.8043,792.291,51.9,40.4,65.4,,
성내1동,강동구,행정동,37.528311675267105,127.12642283807074,오피스텔,매매,22,보통,법정동,23200.0,매매가,29081.8,14575.0,44425.0,7.06715,0.92375,740.401,26.6,21.0,30.6,,
성내1동,강동구,행정동,37.528311675267105,127.12642283807074,단독다가구,월세,845,높음,법정동,64.6,월환산,69.5,49.6,83.8,2.53053,0.47387,2.017,33.0,22.5,40.0,1500.0,50.0
성내1동,강동구,행정동,37.528311675267105,127.12642283807074,아파트,월세,51,높음,해당지역,241.7,월환산,230.9,138.2,306.5,2.70938,0.67101,4.123,59.6,35.3,84.6,20000.0,90.0
성내1동,강동구,행정동,37.528311675267105,127.12642283807074,연립다세대,월세,263,높음,해당지역,89.2,월환산,94.6,61.5,120.1,3.18951,0.36178,2.543,35.5,24.7,47.7,9932.0,40.0
성내1동,강동구,행정동,37.528311675267105,127.12642283807074,오피스텔,월세,105,높음,법정동,97.8,월환산,99.2,79.6,107.1,3.81292,0.23307,3.93,26.4,17.0,30.1,2000.0,70.0
성내1동,강동구,행정동,37.528311675267105,127.12642283807074,단독다가구,전세,176,높음,법정동,15000.0,보증금,16633.3,11000.0,20000.0,6.75893,0.78034,384.77,38.3,23.8,53.1,15000.0,0.0
성내1동,강동구,행정동,37.528311675267105,127.12642283807074,아파트,전세,89,높음,해당지역,58500.0,보증금,62222.2,49600.0,70000.0,8.16773,0.66365,835.668,73.6,59.6,84.9,58500.0,0.0
성내1동,강동구,행정동,37.528311675267105,127.12642283807074,연립다세대,전세,72,높음,해당지역,21990.0,보증금,23000.8,15000.0,27587.5,7.84507,0.57845,533.699,41.2,29.4,51.8,21990.0,0.0
성내1동,강동구,행정동,37.528311675267105,127.12642283807074,오피스텔,전세,48,높음,법정동,19950.0,보증금,22115.7,18975.0,23000.0,8.51461,0.45724,1114.241,20.6,17.0,30.2,19950.0,0.0
성내2동,강동구,행정동,37.535201959466875,127.1271069312732,단독다가구,매매,34,높음,법정동,144109.5,매매가,222758.0,123328.8,249000.0,9.50398,0.48993,737.664,191.7,175.2,233.4,,
성내2동,강동구,행정동,37.535201959466875,127.1271069312732,아파트,매매,110,높음,해당지역,112250.0,매매가,107445.5,82000.0,136375.0,7.4344,0.96703,1459.699,59.9,59.4,84.8,,
성내2동,강동구,행정동,37.535201959466875,127.1271069312732,연립다세대,매매,142,높음,해당지역,45000.0,매매가,78391.4,33550.0,58375.0,6.83605,1.08095,1131.649,49.8,32.5,61.2,,
성내2동,강동구,행정동,37.535201959466875,127.1271069312732,오피스텔,매매,14,보통,해당지역,43600.0,매매가,38014.3,25800.0,44650.0,,,1361.103,30.3,27.5,39.6,,
성내2동,강동구,행정동,37.535201959466875,127.1271069312732,단독다가구,월세,845,높음,법정동,64.6,월환산,69.5,49.6,83.8,2.53053,0.47387,2.017,33.0,22.5,40.0,1500.0,50.0
성내2동,강동구,행정동,37.535201959466875,127.1271069312732,아파트,월세,176,높음,해당지역,105.8,월환산,143.0,42.8,220.5,0.24713,1.2181,3.113,33.7,16.1,60.0,6066.0,48.5
성내2동,강동구,행정동,37.535201959466875,127.1271069312732,연립다세대,월세,263,높음,해당지역,98.8,월환산,103.3,69.4,125.7,3.41516,0.34122,3.595,29.3,20.7,41.2,11300.0,40.0
성내2동,강동구,행정동,37.535201959466875,127.1271069312732,오피스텔,월세,74,높음,해당지역,99.6,월환산,109.7,94.7,110.5,3.52533,0.36341,4.847,23.0,17.0,30.1,5000.0,78.5
성내2동,강동구,행정동,37.535201959466875,127.1271069312732,단독다가구,전세,176,높음,법정동,15000.0,보증금,16633.3,11000.0,20000.0,6.75893,0.78034,384.77,38.3,23.8,53.1,15000.0,0.0
성내2동,강동구,행정동,37.535201959466875,127.1271069312732,아파트,전세,97,높음,해당지역,60000.0,보증금,60341.9,43050.0,75600.0,7.21425,0.87737,813.276,84.2,59.4,84.8,60000.0,0.0
성내2동,강동구,행정동,37.535201959466875,127.1271069312732,연립다세대,전세,112,높음,해당지역,22550.0,보증금,23318.7,18625.0,28550.0,8.49515,0.43217,713.458,32.9,23.6,44.2,22550.0,0.0
성내2동,강동구,행정동,37.535201959466875,127.1271069312732,오피스텔,전세,39,높음,해당지역,20000.0,보증금,24085.5,19800.0,26250.0,8.3437,0.54511,1132.723,17.6,17.0,29.9,20000.0,0.0
성내3동,강동구,행정동,37.530371932500564,127.13406284606911,단독다가구,매매,34,높음,법정동,144109.5,매매가,222758.0,123328.8,249000.0,9.50398,0.48993,737.664,191.7,175.2,233.4,,
성내3동,강동구,행정동,37.530371932500564,127.13406284606911,아파트,매매,77,높음,해당지역,80000.0,매매가,77208.6,69000.0,96000.0,6.79611,1.04112,1045.728,81.4,59.9,84.9,,
성내3동,강동구,행정동,37.530371932500564,127.13406284606911,연립다세대,매매,67,높음,해당지역,34000.0,매매가,36707.5,26000.0,48700.0,8.26903,0.58286,854.793,43.0,32.0,52.9,,
성내3동,강동구,행정동,37.530371932500564,127.13406284606911,오피스텔,매매,22,보통,법정동,23200.0,매매가,29081.8,14575.0,44425.0,7.06715,0.92375,740.401,26.6,21.0,30.6,,
성내3동,강동구,행정동,37.530371932500564,127.13406284606911,단독다가구,월세,845,높음,법정동,64.6,월환산,69.5,49.6,83.8,2.53053,0.47387,2.017,33.0,22.5,40.0,1500.0,50.0
성내3동,강동구,행정동,37.530371932500564,127.13406284606911,아파트,월세,129,높음,해당지역,125.8,월환산,134.1,73.2,172.0,2.61875,0.63383,4.42,26.1,15.9,57.8,18740.0,27.0
성내3동,강동구,행정동,37.530371932500564,127.13406284606911,연립다세대,월세,271,높음,해당지역,96.5,월환산,102.6,72.0,120.8,2.59124,0.5417,2.456,39.9,27.4,51.5,10000.0,50.0
성내3동,강동구,행정동,37.530371932500564,127.13406284606911,오피스텔,월세,30,높음,해당지역,74.6,월환산,74.9,64.6,79.4,2.94592,0.4097,2.578,29.2,22.8,30.4,1000.0,65.0
성내3동,강동구,행정동,37.530371932500564,127.13406284606911,단독다가구,전세,176,높음,법정동,15000.0,보증금,16633.3,11000.0,20000.0,6.75893,0.78034,384.77,38.3,23.8,53.1,15000.0,0.0
성내3동,강동구,행정동,37.530371932500564,127.13406284606911,아파트,전세,60,높음,해당지역,47600.0,보증금,48003.8,43500.0,55250.0,8.3092,0.58097,684.227,75.4,59.8,84.7,47600.0,0.0
성내3동,강동구,행정동,37.530371932500564,127.13406284606911,연립다세대,전세,100,높음,해당지역,24890.0,보증금,25483.8,20000.0,30000.0,8.74711,0.36822,615.16,42.1,29.5,51.4,24890.0,0.0
성내3동,강동구,행정동,37.530371932500564,127.13406284606911,오피스텔,전세,48,높음,법정동,19950.0,보증금,22115.7,18975.0,23000.0,8.51461,0.45724,1114.241,20.6,17.0,30.2,19950.0,0.0
암사1동,강동구,행정동,37.551530808173766,127.13400404701461,단독다가구,매매,93,높음,자치구,146500.0,매매가,182545.7,100000.0,237430.0,8.82191,0.5831,700.052,204.2,154.4,265.9,,
암사1동,강동구,행정동,37.551530808173766,127.13400404701461,아파트,매매,70,높음,해당지역,156500.0,매매가,130282.9,82125.0,172000.0,8.4292,0.7415,1502.767,84.9,77.7,85.0,,
암사1동,강동구,행정동,37.551530808173766,127.13400404701461,연립다세대,매매,163,높음,해당지역,34000.0,매매가,34874.5,27300.0,42650.0,9.38927,0.27935,896.459,40.5,28.5,48.4,,
암사1동,강동구,행정동,37.551530808173766,127.13400404701461,오피스텔,매매,222,높음,자치구,17000.0,매매가,23070.1,12525.0,23300.0,6.3333,1.03516,632.201,28.3,22.3,34.2,,
암사1동,강동구,행정동,37.551530808173766,127.13400404701461,단독다가구,월세,424,높음,법정동,58.8,월환산,66.2,44.6,79.7,3.10059,0.27551,1.806,33.0,24.8,45.0,1000.0,50.0
암사1동,강동구,행정동,37.551530808173766,127.13400404701461,아파트,월세,39,높음,해당지역,297.5,월환산,272.4,216.3,330.8,1.68906,0.87176,3.358,85.0,72.6,85.0,41000.0,100.0
암사1동,강동구,행정동,37.551530808173766,127.13400404701461,연립다세대,월세,323,높음,해당지역,95.6,월환산,97.6,68.5,122.8,3.01302,0.42115,2.752,35.2,27.5,44.3,10000.0,35.0
암사1동,강동구,행정동,37.551530808173766,127.13400404701461,오피스텔,월세,24,보통,해당지역,69.4,월환산,98.8,61.5,109.9,0.61277,1.09568,3.047,28.7,22.1,44.8,2766.5,60.0
암사1동,강동구,행정동,37.551530808173766,127.13400404701461,단독다가구,전세,69,높음,법정동,15000.0,보증금,17812.9,9000.0,23000.0,7.42844,0.55079,348.653,39.7,29.8,62.0,15000.0,0.0
암사1동,강동구,행정동,37.551530808173766,127.13400404701461,아파트,전세,50,높음,해당지역,65000.0,보증금,61932.6,46500.0,73125.0,8.24334,0.63083,777.239,84.9,60.0,85.0,65000.0,0.0
암사1동,강동구,행정동,37.551530808173766,127.13400404701461,연립다세대,전세,184,높음,해당지역,24000.0,보증금,23632.1,18900.0,28000.0,8.65243,0.37292,585.522,40.6,29.4,49.9,24000.0,0.0
암사1동,강동구,행정동,37.551530808173766,127.13400404701461,오피스텔,전세,17,보통,법정동,15750.0,보증금,19244.1,10500.0,21000.0,,,601.805,20.8,17.8,35.1,15750.0,0.0
암사2동,강동구,행정동,37.55116962180513,127.12593586429503,단독다가구,매매,93,높음,자치구,146500.0,매매가,182545.7,100000.0,237430.0,8.82191,0.5831,700.052,204.2,154.4,265.9,,
암사2동,강동구,행정동,37.55116962180513,127.12593586429503,아파트,매매,106,높음,해당지역,150000.0,매매가,148580.7,143925.0,159675.0,11.45025,0.10473,2325.609,59.7,59.6,82.9,,
암사2동,강동구,행정동,37.55116962180513,127.12593586429503,연립다세대,매매,18,보통,해당지역,28625.0,매매가,29550.0,23675.0,33150.0,,,786.88,38.8,30.0,47.4,,
암사2동,강동구,행정동,37.55116962180513,127.12593586429503,오피스텔,매매,222,높음,자치구,17000.0,매매가,23070.1,12525.0,23300.0,6.3333,1.03516,632.201,28.3,22.3,34.2,,
암사2동,강동구,행정동,37.55116962180513,127.12593586429503,단독다가구,월세,424,높음,법정동,58.8,월환산,66.2,44.6,79.7,3.10059,0.27551,1.806,33.0,24.8,45.0,1000.0,50.0
암사2동,강동구,행정동,37.55116962180513,127.12593586429503,아파트,월세,93,높음,해당지역,250.8,월환산,254.6,222.9,291.7,3.07934,0.57113,3.64,72.8,59.6,83.7,20000.0,150.0
암사2동,강동구,행정동,37.55116962180513,127.12593586429503,연립다세대,월세,89,높음,해당지역,76.8,월환산,88.3,59.6,105.8,2.58804,0.54283,3.17,26.2,20.3,32.2,4000.0,50.0
암사2동,강동구,행정동,37.55116962180513,127.12593586429503,오피스텔,월세,25,보통,해당지역,64.2,월환산,69.3,55.6,76.0,2.98251,0.38565,2.905,25.7,18.2,28.6,2000.0,46.0
암사2동,강동구,행정동,37.55116962180513,127.12593586429503,단독다가구,전세,69,높음,법정동,15000.0,보증금,17812.9,9000.0,23000.0,7.42844,0.55079,348.653,39.7,29.8,62.0,15000.0,0.0
암사2동,강동구,행정동,37.55116962180513,127.12593586429503,아파트,전세,299,높음,해당지역,51000.0,보증금,51119.3,31689.0,62600.0,7.08494,0.8786,763.898,60.0,59.6,83.2,51000.0,0.0
암사2동,강동구,행정동,37.55116962180513,127.12593586429503,연립다세대,전세,27,보통,해당지역,25000.0,보증금,28962.2,20550.0,38090.0,6.91653,0.92834,830.554,36.0,28.5,40.5,25000.0,0.0
암사2동,강동구,행정동,37.55116962180513,127.12593586429503,오피스텔,전세,17,보통,법정동,15750.0,보증금,19244.1,10500.0,21000.0,,,601.805,20.8,17.8,35.1,15750.0,0.0
암사3동,강동구,행정동,37.556277990760194,127.13964867013465,단독다가구,매매,93,높음,자치구,146500.0,매매가,182545.7,100000.0,237430.0,8.82191,0.5831,700.052,204.2,154.4,265.9,,
암사3동,강동구,행정동,37.556277990760194,127.13964867013465,아파트,매매,98,높음,해당지역,176500.0,매매가,163489.8,142750.0,191000.0,9.71352,0.505,1884.436,85.0,80.6,102.8,,
암사3동,강동구,행정동,37.556277990760194,127.13964867013465,연립다세대,매매,27,보통,해당지역,34000.0,매매가,34894.4,23000.0,44250.0,7.56723,0.75213,742.574,41.5,37.0,47.1,,
암사3동,강동구,행정동,37.556277990760194,127.13964867013465,오피스텔,매매,222,높음,자치구,17000.0,매매가,23070.1,12525.0,23300.0,6.3333,1.03516,632.201,28.3,22.3,34.2,,
암사3동,강동구,행정동,37.556277990760194,127.13964867013465,단독다가구,월세,424,높음,법정동,58.8,월환산,66.2,44.6,79.7,3.10059,0.27551,1.806,33.0,24.8,45.0,1000.0,50.0
암사3동,강동구,행정동,37.556277990760194,127.13964867013465,아파트,월세,73,높음,해당지역,307.5,월환산,307.8,268.5,357.5,2.58838,0.7131,3.736,84.9,60.0,102.3,30000.0,150.0
암사3동,강동구,행정동,37.556277990760194,127.13964867013465,연립다세대,월세,40,높음,해당지역,111.3,월환산,122.8,92.5,149.5,2.63403,0.58651,3.105,38.8,29.6,51.8,20000.0,16.0
암사3동,강동구,행정동,37.556277990760194,127.13964867013465,오피스텔,월세,55,높음,법정동,69.2,월환산,82.7,57.2,84.0,1.58286,0.81647,2.905,27.6,21.1,33.8,2200.0,51.0
암사3동,강동구,행정동,37.556277990760194,127.13964867013465,단독다가구,전세,69,높음,법정동,15000.0,보증금,17812.9,9000.0,23000.0,7.42844,0.55079,348.653,39.7,29.8,62.0,15000.0,0.0
암사3동,강동구,행정동,37.556277990760194,127.13964867013465,아파트,전세,135,높음,해당지역,72000.0,보증금,71211.3,62475.0,83500.0,7.42959,0.85113,882.561,85.0,60.0,102.3,72000.0,0.0
암사3동,강동구,행정동,37.556277990760194,127.13964867013465,연립다세대,전세,38,높음,해당지역,30300.0,보증금,28227.1,25225.0,32250.0,8.67889,0.40047,625.53,45.8,37.6,53.8,30300.0,0.0
암사3동,강동구,행정동,37.556277990760194,127.13964867013465,오피스텔,전세,17,보통,법정동,15750.0,보증금,19244.1,10500.0,21000.0,,,601.805,20.8,17.8,35.1,15750.0,0.0
천호1동,강동구,행정동,37.5463177614656,127.13862851679956,단독다가구,매매,30,높음,법정동,94250.0,매매가,116994.0,74250.0,155875.0,9.09568,0.48126,545.567,174.8,146.0,233.9,,
천호1동,강동구,행정동,37.5463177614656,127.13862851679956,아파트,매매,95,높음,해당지역,78000.0,매매가,80244.2,62750.0,105600.0,8.05026,0.759,1122.782,75.8,59.9,84.7,,
천호1동,강동구,행정동,37.5463177614656,127.13862851679956,연립다세대,매매,155,높음,해당지역,32000.0,매매가,34403.2,27000.0,41000.0,9.01698,0.37668,895.154,38.5,29.5,49.6,,
천호1동,강동구,행정동,37.5463177614656,127.13862851679956,오피스텔,매매,110,높음,법정동,17750.0,매매가,21534.7,15400.0,22925.0,6.82207,0.89359,632.201,30.5,25.2,34.2,,
천호1동,강동구,행정동,37.5463177614656,127.13862851679956,단독다가구,월세,955,높음,법정동,54.6,월환산,61.3,42.3,73.2,3.19154,0.23603,1.695,33.0,23.2,44.6,1000.0,45.0
천호1동,강동구,행정동,37.5463177614656,127.13862851679956,아파트,월세,41,높음,해당지역,159.9,월환산,155.6,89.2,191.7,1.64166,0.80545,2.625,66.4,51.4,84.7,10000.0,80.0
천호1동,강동구,행정동,37.5463177614656,127.13862851679956,연립다세대,월세,307,높음,해당지역,89.2,월환산,94.3,58.0,122.9,3.3168,0.31833,2.76,33.4,27.5,44.5,5000.0,40.0
천호1동,강동구,행정동,37.5463177614656,127.13862851679956,오피스텔,월세,761,높음,법정동,85.3,월환산,89.5,74.6,99.6,2.85846,0.4855,3.363,25.7,23.2,31.4,2000.0,67.0
천호1동,강동구,행정동,37.5463177614656,127.13862851679956,단독다가구,전세,228,높음,법정동,13000.0,보증금,14066.4,8000.0,18000.0,7.20085,0.58363,337.838,38.1,28.0,58.1,13000.0,0.0
천호1동,강동구,행정동,37.5463177614656,127.13862851679956,아파트,전세,49,높음,해당지역,44000.0,보증금,43042.3,38100.0,50000.0,7.77859,0.68678,670.825,78.8,58.1,84.8,44000.0,0.0
천호1동,강동구,행정동,37.5463177614656,127.13862851679956,연립다세대,전세,122,높음,해당지역,21867.5,보증금,22618.3,17700.0,27000.0,8.26525,0.467,590.761,38.3,29.8,51.5,21867.5,0.0
천호1동,강동구,행정동,37.5463177614656,127.13862851679956,오피스텔,전세,131,높음,법정동,23000.0,보증금,22766.6,17158.5,27375.0,7.7475,0.65088,742.942,28.6,23.2,39.7,23000.0,0.0
천호2동,강동구,행정동,37.54343277553406,127.12612949122938,단독다가구,매매,30,높음,법정동,94250.0,매매가,116994.0,74250.0,155875.0,9.09568,0.48126,545.567,174.8,146.0,233.9,,
천호2동,강동구,행정동,37.54343277553406,127.12612949122938,아파트,매매,87,높음,해당지역,82000.0,매매가,86757.8,64635.0,125750.0,6.37116,1.15385,1134.089,84.5,56.0,85.0,,
천호2동,강동구,행정동,37.54343277553406,127.12612949122938,연립다세대,매매,236,높음,해당지역,38849.5,매매가,40685.6,31000.0,48500.0,9.53879,0.29587,1197.434,30.6,26.6,42.1,,
천호2동,강동구,행정동,37.54343277553406,127.12612949122938,오피스텔,매매,52,높음,해당지역,17350.0,매매가,20590.4,15800.0,20600.0,6.5162,0.96987,632.201,31.4,25.4,34.2,,
천호2동,강동구,행정동,37.54343277553406,127.12612949122938,단독다가구,월세,955,높음,법정동,54.6,월환산,61.3,42.3,73.2,3.19154,0.23603,1.695,33.0,23.2,44.6,1000.0,45.0
천호2동,강동구,행정동,37.54343277553406,127.12612949122938,아파트,월세,212,높음,해당지역,86.0,월환산,121.4,62.6,160.6,3.07872,0.42794,3.771,31.4,17.1,47.8,8218.5,40.0
천호2동,강동구,행정동,37.54343277553406,127.12612949122938,연립다세대,월세,357,높음,해당지역,104.6,월환산,108.2,83.8,129.1,3.91896,0.19807,3.538,29.9,26.3,44.4,12800.0,34.0
천호2동,강동구,행정동,37.54343277553406,127.12612949122938,오피스텔,월세,328,높음,해당지역,87.6,월환산,89.2,82.6,92.8,3.51871,0.28664,3.312,26.6,25.2,31.6,1000.0,75.0
천호2동,강동구,행정동,37.54343277553406,127.12612949122938,단독다가구,전세,228,높음,법정동,13000.0,보증금,14066.4,8000.0,18000.0,7.20085,0.58363,337.838,38.1,28.0,58.1,13000.0,0.0
천호2동,강동구,행정동,37.54343277553406,127.12612949122938,아파트,전세,114,높음,해당지역,62000.0,보증금,57843.2,40237.5,74875.0,8.06943,0.69746,1024.0,74.8,31.8,85.0,62000.0,0.0
천호2동,강동구,행정동,37.54343277553406,127.12612949122938,연립다세대,전세,242,높음,해당지역,24775.0,보증금,24861.2,20960.2,29000.0,8.58829,0.42092,738.114,30.9,26.9,45.6,24775.0,0.0
천호2동,강동구,행정동,37.54343277553406,127.12612949122938,오피스텔,전세,17,보통,해당지역,17000.0,보증금,19268.6,15400.0,25000.0,,,618.812,31.4,23.4,34.2,17000.0,0.0
천호3동,강동구,행정동,37.53868845535211,127.13171632416102,단독다가구,매매,30,높음,법정동,94250.0,매매가,116994.0,74250.0,155875.0,9.09568,0.48126,545.567,174.8,146.0,233.9,,
천호3동,강동구,행정동,37.53868845535211,127.13171632416102,아파트,매매,124,높음,해당지역,84500.0,매매가,101064.1,69000.0,143250.0,7.32344,0.9662,1238.326,75.9,60.0,85.0,,
천호3동,강동구,행정동,37.53868845535211,127.13171632416102,연립다세대,매매,44,높음,해당지역,34000.0,매매가,36826.1,27750.0,44950.0,8.10423,0.64243,983.791,38.6,29.3,48.5,,
천호3동,강동구,행정동,37.53868845535211,127.13171632416102,오피스텔,매매,57,높음,해당지역,18000.0,매매가,22344.1,13900.0,30000.0,6.86191,0.89064,620.821,28.4,22.8,39.6,,
천호3동,강동구,행정동,37.53868845535211,127.13171632416102,단독다가구,월세,955,높음,법정동,54.6,월환산,61.3,42.3,73.2,3.19154,0.23603,1.695,33.0,23.2,44.6,1000.0,45.0
천호3동,강동구,행정동,37.53868845535211,127.13171632416102,아파트,월세,210,높음,해당지역,99.6,월환산,155.8,84.6,207.4,2.76287,0.64185,5.693,14.4,14.4,60.0,3000.0,85.0
천호3동,강동구,행정동,37.53868845535211,127.13171632416102,연립다세대,월세,240,높음,해당지역,98.2,월환산,97.8,67.5,123.2,4.64034,-0.046,4.072,26.6,19.4,34.6,7634.0,32.0
천호3동,강동구,행정동,37.53868845535211,127.13171632416102,오피스텔,월세,427,높음,해당지역,84.6,월환산,90.0,67.8,110.3,2.65395,0.55039,3.602,25.0,20.5,31.4,2000.0,60.0
천호3동,강동구,행정동,37.53868845535211,127.13171632416102,단독다가구,전세,228,높음,법정동,13000.0,보증금,14066.4,8000.0,18000.0,7.20085,0.58363,337.838,38.1,28.0,58.1,13000.0,0.0
천호3동,강동구,행정동,37.53868845535211,127.13171632416102,아파트,전세,124,높음,해당지역,70000.0,보증금,67882.7,50000.0,87500.0,8.12332,0.68887,988.584,84.9,60.0,85.0,70000.0,0.0
천호3동,강동구,행정동,37.53868845535211,127.13171632416102,연립다세대,전세,106,높음,해당지역,23600.0,보증금,24241.8,20000.0,27300.0,9.52591,0.15653,865.196,29.2,22.5,40.2,23600.0,0.0
천호3동,강동구,행정동,37.53868845535211,127.13171632416102,오피스텔,전세,114,높음,해당지역,23086.0,보증금,23288.2,18600.0,28000.0,7.7112,0.667,796.744,27.8,23.2,41.0,23086.0,0.0
미아동,강북구,행정동,37.63096045957435,127.025383747342,단독다가구,매매,43,높음,법정동,63000.0,매매가,69567.4,46500.0,81900.0,9.29432,0.37445,515.464,137.1,66.6,176.2,,
미아동,강북구,행정동,37.63096045957435,127.025383747342,아파트,매매,25,보통,해당지역,44500.0,매매가,43464.0,13900.0,61000.0,6.66779,0.96724,718.408,66.0,18.6,84.9,,
미아동,강북구,행정동,37.63096045957435,127.025383747342,연립다세대,매매,102,높음,해당지역,26775.0,매매가,25714.0,21500.0,31800.0,7.2645,0.77082,566.488,40.3,29.9,52.3,,
미아동,강북구,행정동,37.63096045957435,127.025383747342,오피스텔,매매,14,보통,해당지역,13200.0,매매가,13260.7,12562.5,13887.5,,,588.579,22.4,22.4,22.4,,
미아동,강북구,행정동,37.63096045957435,127.025383747342,단독다가구,월세,868,높음,법정동,49.6,월환산,53.1,37.3,64.6,3.37799,0.14474,1.498,33.0,21.0,50.0,1000.0,42.0
미아동,강북구,행정동,37.63096045957435,127.025383747342,아파트,월세,55,높음,해당지역,74.6,월환산,86.7,71.1,74.6,2.35362,0.66306,4.0,18.6,18.6,18.6,1000.0,70.0
미아동,강북구,행정동,37.63096045957435,127.025383747342,연립다세대,월세,165,높음,해당지역,59.6,월환산,74.0,52.3,84.2,2.8768,0.41268,2.988,27.5,15.9,40.3,1000.0,53.0
미아동,강북구,행정동,37.63096045957435,127.025383747342,오피스텔,월세,119,높음,해당지역,74.6,월환산,88.4,72.6,97.3,0.68346,1.21581,3.446,22.4,18.5,22.4,1000.0,70.0
미아동,강북구,행정동,37.63096045957435,127.025383747342,단독다가구,전세,239,높음,법정동,10000.0,보증금,11372.4,7000.0,15000.0,7.92569,0.32749,250.0,45.0,30.8,54.4,10000.0,0.0
미아동,강북구,행정동,37.63096045957435,127.025383747342,아파트,전세,12,보통,해당지역,34000.0,보증금,37575.0,32000.0,42250.0,,,746.37,59.7,34.4,77.4,34000.0,0.0
미아동,강북구,행정동,37.63096045957435,127.025383747342,연립다세대,전세,83,높음,해당지역,13000.0,보증금,15611.9,11525.0,20000.0,8.42586,0.30089,328.048,39.6,36.7,47.9,13000.0,0.0
미아동,강북구,행정동,37.63096045957435,127.025383747342,오피스텔,전세,56,높음,자치구,18600.0,보증금,20330.4,15500.0,26000.0,8.22062,0.50218,893.495,24.3,17.0,29.5,18600.0,0.0
번1동,강북구,행정동,37.637376778538936,127.02738305047131,단독다가구,매매,87,높음,자치구,59000.0,매매가,69805.1,45750.0,81500.0,8.62179,0.50329,482.42,148.7,69.0,179.9,,
번1동,강북구,행정동,37.637376778538936,127.02738305047131,아파트,매매,17,보통,해당지역,56500.0,매매가,59911.8,50600.0,75500.0,,,846.579,71.0,59.8,85.0,,
번1동,강북구,행정동,37.637376778538936,127.02738305047131,연립다세대,매매,20,보통,해당지역,28500.0,매매가,27985.0,19875.0,34500.0,6.44527,0.96304,520.963,42.7,38.7,55.2,,
번1동,강북구,행정동,37.637376778538936,127.02738305047131,오피스텔,매매,14,보통,해당지역,14100.0,매매가,15534.3,8650.0,16285.0,,,406.927,24.9,24.1,36.4,,
번1동,강북구,행정동,37.637376778538936,127.02738305047131,단독다가구,월세,331,높음,법정동,47.3,월환산,52.6,39.4,62.3,2.82941,0.32202,1.697,27.0,19.9,36.2,500.0,45.0
번1동,강북구,행정동,37.637376778538936,127.02738305047131,아파트,월세,52,높음,해당지역,101.8,월환산,105.9,90.6,129.9,3.25674,0.45336,5.382,18.9,14.4,21.6,2500.0,83.0
번1동,강북구,행정동,37.637376778538936,127.02738305047131,연립다세대,월세,70,높음,해당지역,74.2,월환산,77.2,54.6,93.1,3.07652,0.35133,2.168,40.3,17.8,48.8,2500.0,54.5
번1동,강북구,행정동,37.637376778538936,127.02738305047131,오피스텔,월세,64,높음,해당지역,64.6,월환산,72.7,55.1,72.9,5.05628,-0.25215,2.378,25.6,24.1,29.1,1000.0,60.0
번1동,강북구,행정동,37.637376778538936,127.02738305047131,단독다가구,전세,73,높음,법정동,12000.0,보증금,11116.4,7000.0,14000.0,7.49072,0.46612,290.0,36.4,28.8,50.0,12000.0,0.0
번1동,강북구,행정동,37.637376778538936,127.02738305047131,아파트,전세,43,높음,해당지역,22500.0,보증금,28797.7,21350.0,38850.0,8.44915,0.49993,1031.271,20.2,18.5,85.0,22500.0,0.0
번1동,강북구,행정동,37.637376778538936,127.02738305047131,연립다세대,전세,22,보통,해당지역,14000.0,보증금,15263.2,13000.0,18000.0,8.94505,0.17682,353.929,42.8,34.4,55.9,14000.0,0.0
번1동,강북구,행정동,37.637376778538936,127.02738305047131,오피스텔,전세,12,보통,해당지역,26000.0,보증금,22958.3,21125.0,27250.0,,,924.975,27.1,24.3,29.2,26000.0,0.0
번2동,강북구,행정동,37.628829604242675,127.03493192012391,단독다가구,매매,87,높음,자치구,59000.0,매매가,69805.1,45750.0,81500.0,8.62179,0.50329,482.42,148.7,69.0,179.9,,
번2동,강북구,행정동,37.628829604242675,127.03493192012391,아파트,매매,31,높음,해당지역,49200.0,매매가,50129.0,43350.0,56875.0,8.30129,0.60699,827.423,59.2,49.9,84.8,,
번2동,강북구,행정동,37.628829604242675,127.03493192012391,연립다세대,매매,32,높음,해당지역,17000.0,매매가,20146.9,13450.0,24850.0,5.75933,1.0788,411.843,41.5,37.1,48.9,,
번2동,강북구,행정동,37.628829604242675,127.03493192012391,오피스텔,매매,14,보통,법정동,14100.0,매매가,15534.3,8650.0,16285.0,,,406.927,24.9,24.1,36.4,,
번2동,강북구,행정동,37.628829604242675,127.03493192012391,단독다가구,월세,331,높음,법정동,47.3,월환산,52.6,39.4,62.3,2.82941,0.32202,1.697,27.0,19.9,36.2,500.0,45.0
번2동,강북구,행정동,37.628829604242675,127.03493192012391,아파트,월세,18,보통,해당지역,89.2,월환산,97.5,85.3,99.5,,,1.986,44.9,41.3,49.9,2750.0,80.0
번2동,강북구,행정동,37.628829604242675,127.03493192012391,연립다세대,월세,78,높음,해당지역,55.8,월환산,57.0,46.8,64.6,1.7673,0.61487,1.437,36.3,32.4,44.1,1750.0,40.0
번2동,강북구,행정동,37.628829604242675,127.03493192012391,오피스텔,월세,64,높음,법정동,64.6,월환산,72.7,55.1,72.9,5.05628,-0.25215,2.378,25.6,24.1,29.1,1000.0,60.0
번2동,강북구,행정동,37.628829604242675,127.03493192012391,단독다가구,전세,73,높음,법정동,12000.0,보증금,11116.4,7000.0,14000.0,7.49072,0.46612,290.0,36.4,28.8,50.0,12000.0,0.0
번2동,강북구,행정동,37.628829604242675,127.03493192012391,아파트,전세,34,높음,해당지역,28000.0,보증금,29722.1,21250.0,37725.0,6.36405,0.94679,477.651,59.2,46.2,82.7,28000.0,0.0
번2동,강북구,행정동,37.628829604242675,127.03493192012391,연립다세대,전세,87,높음,해당지역,10000.0,보증금,10202.2,8095.0,12000.0,7.33933,0.50641,278.33,36.9,32.3,45.2,10000.0,0.0
번2동,강북구,행정동,37.628829604242675,127.03493192012391,오피스텔,전세,12,보통,법정동,26000.0,보증금,22958.3,21125.0,27250.0,,,924.975,27.1,24.3,29.2,26000.0,0.0
번3동,강북구,행정동,37.62565634579554,127.04393325200834,단독다가구,매매,87,높음,자치구,59000.0,매매가,69805.1,45750.0,81500.0,8.62179,0.50329,482.42,148.7,69.0,179.9,,
번3동,강북구,행정동,37.62565634579554,127.04393325200834,아파트,매매,140,높음,해당지역,52750.0,매매가,54117.1,47000.0,60125.0,9.55696,0.32149,817.484,59.9,49.9,84.6,,
번3동,강북구,행정동,37.62565634579554,127.04393325200834,연립다세대,매매,12,보통,해당지역,15500.0,매매가,16680.0,10715.0,19675.0,,,335.457,45.6,40.2,54.4,,
번3동,강북구,행정동,37.62565634579554,127.04393325200834,오피스텔,매매,14,보통,법정동,14100.0,매매가,15534.3,8650.0,16285.0,,,406.927,24.9,24.1,36.4,,
번3동,강북구,행정동,37.62565634579554,127.04393325200834,단독다가구,월세,331,높음,법정동,47.3,월환산,52.6,39.4,62.3,2.82941,0.32202,1.697,27.0,19.9,36.2,500.0,45.0
번3동,강북구,행정동,37.62565634579554,127.04393325200834,아파트,월세,73,높음,해당지역,89.2,월환산,92.6,76.5,100.1,-0.09977,1.18446,1.917,41.3,41.3,49.9,4760.0,70.0
번3동,강북구,행정동,37.62565634579554,127.04393325200834,연립다세대,월세,12,보통,해당지역,53.9,월환산,54.5,48.3,59.4,,,1.175,46.3,41.0,50.2,1000.0,47.5
번3동,강북구,행정동,37.62565634579554,127.04393325200834,오피스텔,월세,64,높음,법정동,64.6,월환산,72.7,55.1,72.9,5.05628,-0.25215,2.378,25.6,24.1,29.1,1000.0,60.0
번3동,강북구,행정동,37.62565634579554,127.04393325200834,단독다가구,전세,73,높음,법정동,12000.0,보증금,11116.4,7000.0,14000.0,7.49072,0.46612,290.0,36.4,28.8,50.0,12000.0,0.0
번3동,강북구,행정동,37.62565634579554,127.04393325200834,아파트,전세,85,높음,해당지역,28000.0,보증금,29185.0,19400.0,35500.0,5.82988,1.07423,460.553,49.9,41.3,84.6,28000.0,0.0
번3동,강북구,행정동,37.62565634579554,127.04393325200834,연립다세대,전세,111,높음,법정동,11000.0,보증금,11143.1,8550.0,13000.0,7.37505,0.51489,282.965,37.3,32.3,48.3,11000.0,0.0
번3동,강북구,행정동,37.62565634579554,127.04393325200834,오피스텔,전세,12,보통,법정동,26000.0,보증금,22958.3,21125.0,27250.0,,,924.975,27.1,24.3,29.2,26000.0,0.0
삼각산동,강북구,행정동,37.616827694162275,127.016766786174,단독다가구,매매,43,높음,법정동,63000.0,매매가,69567.4,46500.0,81900.0,9.29432,0.37445,515.464,137.1,66.6,176.2,,
삼각산동,강북구,행정동,37.616827694162275,127.016766786174,아파트,매매,428,높음,해당지역,79000.0,매매가,82306.1,72500.0,91175.0,10.07669,0.27898,991.355,84.8,60.0,85.0,,
삼각산동,강북구,행정동,37.616827694162275,127.016766786174,연립다세대,매매,281,높음,법정동,29700.0,매매가,30898.2,21500.0,37700.0,8.02294,0.58319,594.714,46.4,36.4,55.4,,
삼각산동,강북구,행정동,37.616827694162275,127.016766786174,오피스텔,매매,14,보통,법정동,13200.0,매매가,13260.7,12562.5,13887.5,,,588.579,22.4,22.4,22.4,,
삼각산동,강북구,행정동,37.616827694162275,127.016766786174,단독다가구,월세,868,높음,법정동,49.6,월환산,53.1,37.3,64.6,3.37799,0.14474,1.498,33.0,21.0,50.0,1000.0,42.0
삼각산동,강북구,행정동,37.616827694162275,127.016766786174,아파트,월세,192,높음,해당지역,190.3,월환산,163.7,57.9,222.3,-3.87031,2.09726,2.482,60.0,55.5,84.8,9546.0,92.5
삼각산동,강북구,행정동,37.616827694162275,127.016766786174,연립다세대,월세,385,높음,법정동,69.6,월환산,78.2,56.6,97.1,3.00459,0.36056,2.053,39.6,25.9,49.7,2000.0,52.0
삼각산동,강북구,행정동,37.616827694162275,127.016766786174,오피스텔,월세,120,높음,법정동,74.6,월환산,88.1,72.6,93.6,1.25724,1.0279,3.386,22.4,18.5,22.4,1000.0,70.0
삼각산동,강북구,행정동,37.616827694162275,127.016766786174,단독다가구,전세,239,높음,법정동,10000.0,보증금,11372.4,7000.0,15000.0,7.92569,0.32749,250.0,45.0,30.8,54.4,10000.0,0.0
삼각산동,강북구,행정동,37.616827694162275,127.016766786174,아파트,전세,229,높음,해당지역,49350.0,보증금,49918.2,43000.0,55650.0,6.43733,0.99064,623.603,84.8,60.0,85.0,49350.0,0.0
삼각산동,강북구,행정동,37.616827694162275,127.016766786174,연립다세대,전세,264,높음,법정동,14950.0,보증금,16394.1,11537.5,21000.0,7.46905,0.55907,320.589,45.0,39.2,55.5,14950.0,0.0
삼각산동,강북구,행정동,37.616827694162275,127.016766786174,오피스텔,전세,56,높음,자치구,18600.0,보증금,20330.4,15500.0,26000.0,8.22062,0.50218,893.495,24.3,17.0,29.5,18600.0,0.0
삼양동,강북구,행정동,37.624129456705155,127.01474102674199,단독다가구,매매,43,높음,법정동,63000.0,매매가,69567.4,46500.0,81900.0,9.29432,0.37445,515.464,137.1,66.6,176.2,,
삼양동,강북구,행정동,37.624129456705155,127.01474102674199,아파트,매매,83,높음,해당지역,67000.0,매매가,67660.8,62000.0,71250.0,9.88341,0.28148,824.597,84.9,60.0,84.9,,
삼양동,강북구,행정동,37.624129456705155,127.01474102674199,연립다세대,매매,73,높음,해당지역,22500.0,매매가,23267.3,17300.0,30577.0,8.2549,0.44463,435.903,52.1,43.0,57.3,,
삼양동,강북구,행정동,37.624129456705155,127.01474102674199,오피스텔,매매,14,보통,법정동,13200.0,매매가,13260.7,12562.5,13887.5,,,588.579,22.4,22.4,22.4,,
삼양동,강북구,행정동,37.624129456705155,127.01474102674199,단독다가구,월세,868,높음,법정동,49.6,월환산,53.1,37.3,64.6,3.37799,0.14474,1.498,33.0,21.0,50.0,1000.0,42.0
삼양동,강북구,행정동,37.624129456705155,127.01474102674199,아파트,월세,29,보통,해당지역,162.9,월환산,167.0,147.5,190.5,1.74423,0.77761,2.402,84.6,59.7,84.9,10000.0,120.0
삼양동,강북구,행정동,37.624129456705155,127.01474102674199,연립다세대,월세,78,높음,해당지역,88.0,월환산,94.3,73.0,112.0,3.18892,0.33096,1.737,48.6,42.5,59.8,5000.0,60.0
삼양동,강북구,행정동,37.624129456705155,127.01474102674199,오피스텔,월세,120,높음,법정동,74.6,월환산,88.1,72.6,93.6,1.25724,1.0279,3.386,22.4,18.5,22.4,1000.0,70.0
삼양동,강북구,행정동,37.624129456705155,127.01474102674199,단독다가구,전세,239,높음,법정동,10000.0,보증금,11372.4,7000.0,15000.0,7.92569,0.32749,250.0,45.0,30.8,54.4,10000.0,0.0
삼양동,강북구,행정동,37.624129456705155,127.01474102674199,아파트,전세,55,높음,해당지역,42000.0,보증금,42532.3,37400.0,48000.0,8.28734,0.54774,588.838,84.6,59.7,84.9,42000.0,0.0
삼양동,강북구,행정동,37.624129456705155,127.01474102674199,연립다세대,전세,68,높음,해당지역,17000.0,보증금,17692.9,12037.5,23000.0,6.55535,0.80332,305.27,52.5,43.1,59.5,17000.0,0.0
삼양동,강북구,행정동,37.624129456705155,127.01474102674199,오피스텔,전세,56,높음,자치구,18600.0,보증금,20330.4,15500.0,26000.0,8.22062,0.50218,893.495,24.3,17.0,29.5,18600.0,0.0
송중동,강북구,행정동,37.618654765758386,127.03376644023399,단독다가구,매매,43,높음,법정동,63000.0,매매가,69567.4,46500.0,81900.0,9.29432,0.37445,515.464,137.1,66.6,176.2,,
송중동,강북구,행정동,37.618654765758386,127.03376644023399,아파트,매매,130,높음,해당지역,87250.0,매매가,87644.6,78550.0,95000.0,10.70993,0.15216,1173.806,84.7,60.0,84.9,,
송중동,강북구,행정동,37.618654765758386,127.03376644023399,연립다세대,매매,32,높음,해당지역,36500.0,매매가,36587.5,29925.0,43375.0,8.76673,0.43488,724.368,50.9,45.6,58.1,,
송중동,강북구,행정동,37.618654765758386,127.03376644023399,오피스텔,매매,14,보통,법정동,13200.0,매매가,13260.7,12562.5,13887.5,,,588.579,22.4,22.4,22.4,,
송중동,강북구,행정동,37.618654765758386,127.03376644023399,단독다가구,월세,868,높음,법정동,49.6,월환산,53.1,37.3,64.6,3.37799,0.14474,1.498,33.0,21.0,50.0,1000.0,42.0
송중동,강북구,행정동,37.618654765758386,127.03376644023399,아파트,월세,74,높음,해당지역,193.7,월환산,169.6,86.8,243.1,-0.33883,1.27824,2.357,60.0,49.5,84.9,10999.0,73.0
송중동,강북구,행정동,37.618654765758386,127.03376644023399,연립다세대,월세,81,높음,해당지역,66.2,월환산,72.9,56.7,89.2,3.11797,0.3012,1.657,42.4,31.1,52.1,2000.0,50.0
송중동,강북구,행정동,37.618654765758386,127.03376644023399,오피스텔,월세,120,높음,법정동,74.6,월환산,88.1,72.6,93.6,1.25724,1.0279,3.386,22.4,18.5,22.4,1000.0,70.0
송중동,강북구,행정동,37.618654765758386,127.03376644023399,단독다가구,전세,239,높음,법정동,10000.0,보증금,11372.4,7000.0,15000.0,7.92569,0.32749,250.0,45.0,30.8,54.4,10000.0,0.0
송중동,강북구,행정동,37.618654765758386,127.03376644023399,아파트,전세,73,높음,해당지역,50000.0,보증금,49761.2,45000.0,55650.0,7.70065,0.71659,682.06,84.6,60.0,84.9,50000.0,0.0
송중동,강북구,행정동,37.618654765758386,127.03376644023399,연립다세대,전세,67,높음,해당지역,13000.0,보증금,14953.0,10995.0,18500.0,7.41319,0.55471,281.385,46.2,39.7,54.5,13000.0,0.0
송중동,강북구,행정동,37.618654765758386,127.03376644023399,오피스텔,전세,56,높음,자치구,18600.0,보증금,20330.4,15500.0,26000.0,8.22062,0.50218,893.495,24.3,17.0,29.5,18600.0,0.0
송천동,강북구,행정동,37.61837448148578,127.02418625320547,단독다가구,매매,43,높음,법정동,63000.0,매매가,69567.4,46500.0,81900.0,9.29432,0.37445,515.464,137.1,66.6,176.2,,
송천동,강북구,행정동,37.61837448148578,127.02418625320547,아파트,매매,48,높음,해당지역,97750.0,매매가,86404.2,54700.0,107250.0,7.09963,0.9841,1283.882,68.7,60.0,84.9,,
송천동,강북구,행정동,37.61837448148578,127.02418625320547,연립다세대,매매,74,높음,해당지역,42000.0,매매가,43111.5,29250.0,56750.0,9.42985,0.30067,833.012,46.5,39.1,54.0,,
송천동,강북구,행정동,37.61837448148578,127.02418625320547,오피스텔,매매,14,보통,법정동,13200.0,매매가,13260.7,12562.5,13887.5,,,588.579,22.4,22.4,22.4,,
송천동,강북구,행정동,37.61837448148578,127.02418625320547,단독다가구,월세,868,높음,법정동,49.6,월환산,53.1,37.3,64.6,3.37799,0.14474,1.498,33.0,21.0,50.0,1000.0,42.0
송천동,강북구,행정동,37.61837448148578,127.02418625320547,아파트,월세,92,높음,해당지역,214.6,월환산,195.4,84.5,282.9,0.67266,1.08832,3.202,60.0,40.0,84.9,9280.0,112.5
송천동,강북구,행정동,37.61837448148578,127.02418625320547,연립다세대,월세,60,높음,해당지역,74.6,월환산,76.0,55.7,92.7,2.76117,0.40983,1.797,40.9,32.0,49.2,3000.0,50.0
송천동,강북구,행정동,37.61837448148578,127.02418625320547,오피스텔,월세,120,높음,법정동,74.6,월환산,88.1,72.6,93.6,1.25724,1.0279,3.386,22.4,18.5,22.4,1000.0,70.0
송천동,강북구,행정동,37.61837448148578,127.02418625320547,단독다가구,전세,239,높음,법정동,10000.0,보증금,11372.4,7000.0,15000.0,7.92569,0.32749,250.0,45.0,30.8,54.4,10000.0,0.0
송천동,강북구,행정동,37.61837448148578,127.02418625320547,아파트,전세,100,높음,해당지역,60000.0,보증금,56444.8,44750.0,66000.0,5.58687,1.24709,802.165,75.0,59.4,84.9,60000.0,0.0
송천동,강북구,행정동,37.61837448148578,127.02418625320547,연립다세대,전세,46,높음,해당지역,20000.0,보증금,17984.8,12125.0,22875.0,6.90242,0.72462,333.333,48.0,40.7,57.1,20000.0,0.0
송천동,강북구,행정동,37.61837448148578,127.02418625320547,오피스텔,전세,56,높음,자치구,18600.0,보증금,20330.4,15500.0,26000.0,8.22062,0.50218,893.495,24.3,17.0,29.5,18600.0,0.0
수유1동,강북구,행정동,37.631975036373326,127.01907210684752,단독다가구,매매,30,높음,법정동,51250.0,매매가,66738.1,42325.0,78000.0,7.82446,0.65058,428.231,126.6,64.7,180.7,,
수유1동,강북구,행정동,37.631975036373326,127.01907210684752,아파트,매매,16,보통,해당지역,46500.0,매매가,37228.1,11375.0,53500.0,,,685.9,48.6,19.0,75.4,,
수유1동,강북구,행정동,37.631975036373326,127.01907210684752,연립다세대,매매,90,높음,해당지역,23000.0,매매가,24019.4,16250.0,31000.0,6.63978,0.87812,482.705,45.7,37.0,58.1,,
수유1동,강북구,행정동,37.631975036373326,127.01907210684752,오피스텔,매매,26,보통,해당지역,12400.0,매매가,15579.1,11000.0,16125.0,7.9711,0.46836,379.821,29.5,22.6,38.7,,
수유1동,강북구,행정동,37.631975036373326,127.01907210684752,단독다가구,월세,1179,높음,법정동,50.3,월환산,55.1,40.5,64.2,3.19194,0.21997,1.86,28.0,19.0,40.4,500.0,45.0
수유1동,강북구,행정동,37.631975036373326,127.01907210684752,아파트,월세,44,높음,해당지역,69.6,월환산,76.9,56.6,85.5,2.8205,0.47921,3.692,18.8,14.4,25.8,2500.0,44.5
수유1동,강북구,행정동,37.631975036373326,127.01907210684752,연립다세대,월세,112,높음,해당지역,67.9,월환산,70.8,49.6,92.9,2.98544,0.33016,1.755,35.4,29.6,47.7,3000.0,45.0
수유1동,강북구,행정동,37.631975036373326,127.01907210684752,오피스텔,월세,98,높음,해당지역,94.6,월환산,91.1,74.6,106.6,5.10645,-0.19354,4.21,23.2,21.6,28.1,1000.0,90.0
수유1동,강북구,행정동,37.631975036373326,127.01907210684752,단독다가구,전세,183,높음,법정동,10500.0,보증금,11452.0,7000.0,15000.0,6.84812,0.61843,231.702,43.7,31.5,58.2,10500.0,0.0
수유1동,강북구,행정동,37.631975036373326,127.01907210684752,아파트,전세,14,보통,해당지역,17800.0,보증금,19339.3,16075.0,19950.0,,,902.715,18.7,14.8,22.1,17800.0,0.0
수유1동,강북구,행정동,37.631975036373326,127.01907210684752,연립다세대,전세,67,높음,해당지역,15120.0,보증금,16631.5,11000.0,20700.0,7.1036,0.66545,332.945,44.5,36.9,56.3,15120.0,0.0
수유1동,강북구,행정동,37.631975036373326,127.01907210684752,오피스텔,전세,22,보통,해당지역,16250.0,보증금,18190.9,15500.0,19375.0,8.36399,0.41842,867.137,17.0,17.0,33.3,16250.0,0.0
수유2동,강북구,행정동,37.64593817436504,127.01816816299781,단독다가구,매매,30,높음,법정동,51250.0,매매가,66738.1,42325.0,78000.0,7.82446,0.65058,428.231,126.6,64.7,180.7,,
수유2동,강북구,행정동,37.64593817436504,127.01816816299781,아파트,매매,78,높음,해당지역,61350.0,매매가,61869.9,55125.0,70875.0,7.73307,0.75041,800.471,83.4,63.8,85.0,,
수유2동,강북구,행정동,37.64593817436504,127.01816816299781,연립다세대,매매,83,높음,해당지역,22000.0,매매가,24262.3,15650.0,30150.0,6.85879,0.82563,520.833,46.6,36.3,56.0,,
수유2동,강북구,행정동,37.64593817436504,127.01816816299781,오피스텔,매매,41,높음,법정동,12400.0,매매가,14366.0,11000.0,14400.0,7.90126,0.47393,401.771,30.2,25.5,34.2,,
수유2동,강북구,행정동,37.64593817436504,127.01816816299781,단독다가구,월세,1179,높음,법정동,50.3,월환산,55.1,40.5,64.2,3.19194,0.21997,1.86,28.0,19.0,40.4,500.0,45.0
수유2동,강북구,행정동,37.64593817436504,127.01816816299781,아파트,월세,46,높음,해당지역,105.8,월환산,108.3,74.6,141.9,3.12706,0.41492,2.307,59.9,14.9,63.8,5000.0,70.0
수유2동,강북구,행정동,37.64593817436504,127.01816816299781,연립다세대,월세,137,높음,해당지역,56.7,월환산,62.5,34.7,87.9,0.81346,0.89626,1.621,33.3,26.0,46.7,2000.0,35.0
수유2동,강북구,행정동,37.64593817436504,127.01816816299781,오피스텔,월세,10,보통,해당지역,68.6,월환산,66.2,64.6,71.1,,,3.812,19.0,16.7,19.2,1000.0,60.0
수유2동,강북구,행정동,37.64593817436504,127.01816816299781,단독다가구,전세,183,높음,법정동,10500.0,보증금,11452.0,7000.0,15000.0,6.84812,0.61843,231.702,43.7,31.5,58.2,10500.0,0.0
수유2동,강북구,행정동,37.64593817436504,127.01816816299781,아파트,전세,58,높음,해당지역,38000.0,보증금,39188.9,35000.0,45000.0,8.16669,0.55193,529.911,63.8,63.8,84.9,38000.0,0.0
수유2동,강북구,행정동,37.64593817436504,127.01816816299781,연립다세대,전세,41,높음,해당지역,17500.0,보증금,16816.6,12870.0,20900.0,9.02003,0.16342,341.815,46.7,36.4,57.7,17500.0,0.0
수유2동,강북구,행정동,37.64593817436504,127.01816816299781,오피스텔,전세,36,높음,법정동,17500.0,보증금,19719.4,15925.0,25000.0,8.54015,0.39533,893.495,19.9,17.0,31.3,17500.0,0.0
수유3동,강북구,행정동,37.63844709092183,127.02308638855217,단독다가구,매매,30,높음,법정동,51250.0,매매가,66738.1,42325.0,78000.0,7.82446,0.65058,428.231,126.6,64.7,180.7,,
수유3동,강북구,행정동,37.63844709092183,127.02308638855217,아파트,매매,13,보통,해당지역,30800.0,매매가,30984.6,26000.0,38500.0,,,949.252,27.4,24.3,77.5,,
수유3동,강북구,행정동,37.63844709092183,127.02308638855217,연립다세대,매매,72,높음,해당지역,24900.0,매매가,24928.1,18375.0,28550.0,7.52593,0.66254,476.089,49.3,35.3,57.6,,
수유3동,강북구,행정동,37.63844709092183,127.02308638855217,오피스텔,매매,11,보통,해당지역,12500.0,매매가,13059.1,12275.0,14250.0,,,408.577,30.5,30.3,34.3,,
수유3동,강북구,행정동,37.63844709092183,127.02308638855217,단독다가구,월세,1179,높음,법정동,50.3,월환산,55.1,40.5,64.2,3.19194,0.21997,1.86,28.0,19.0,40.4,500.0,45.0
수유3동,강북구,행정동,37.63844709092183,127.02308638855217,아파트,월세,112,높음,해당지역,85.1,월환산,97.0,77.6,102.6,2.95108,0.53422,5.045,17.5,13.5,22.0,1000.0,78.0
수유3동,강북구,행정동,37.63844709092183,127.02308638855217,연립다세대,월세,127,높음,해당지역,77.2,월환산,79.4,62.0,93.5,2.57314,0.47969,1.965,42.1,29.2,48.5,3000.0,53.0
수유3동,강북구,행정동,37.63844709092183,127.02308638855217,오피스텔,월세,121,높음,해당지역,79.6,월환산,81.5,69.6,92.3,5.39024,-0.32027,3.523,23.0,16.1,31.2,1000.0,75.0
수유3동,강북구,행정동,37.63844709092183,127.02308638855217,단독다가구,전세,183,높음,법정동,10500.0,보증금,11452.0,7000.0,15000.0,6.84812,0.61843,231.702,43.7,31.5,58.2,10500.0,0.0
수유3동,강북구,행정동,37.63844709092183,127.02308638855217,아파트,전세,16,보통,해당지역,21950.0,보증금,26612.5,15300.0,39250.0,,,735.144,35.8,13.4,64.5,21950.0,0.0
수유3동,강북구,행정동,37.63844709092183,127.02308638855217,연립다세대,전세,31,높음,해당지역,16500.0,보증금,17044.5,12250.0,20000.0,7.68454,0.53789,366.524,41.6,34.2,57.3,16500.0,0.0
수유3동,강북구,행정동,37.63844709092183,127.02308638855217,오피스텔,전세,36,높음,법정동,17500.0,보증금,19719.4,15925.0,25000.0,8.54015,0.39533,893.495,19.9,17.0,31.3,17500.0,0.0
우이동,강북구,행정동,37.65485501031822,127.01169635012567,단독다가구,매매,87,높음,자치구,59000.0,매매가,69805.1,45750.0,81500.0,8.62179,0.50329,482.42,148.7,69.0,179.9,,
우이동,강북구,행정동,37.65485501031822,127.01169635012567,아파트,매매,17,보통,해당지역,49000.0,매매가,47447.1,40000.0,57000.0,,,611.909,84.9,66.3,85.0,,
우이동,강북구,행정동,37.65485501031822,127.01169635012567,연립다세대,매매,126,높음,해당지역,23750.0,매매가,24723.4,15337.5,31875.0,6.91529,0.80431,441.936,46.4,38.9,56.0,,
우이동,강북구,행정동,37.65485501031822,127.01169635012567,오피스텔,매매,69,높음,자치구,12800.0,매매가,14378.8,11500.0,14400.0,7.75116,0.52814,420.168,27.8,22.4,33.7,,
우이동,강북구,행정동,37.65485501031822,127.01169635012567,단독다가구,월세,118,높음,해당지역,48.6,월환산,54.3,41.5,61.1,3.11401,0.24774,2.223,19.8,16.5,46.1,500.0,43.0
우이동,강북구,행정동,37.65485501031822,127.01169635012567,아파트,월세,855,높음,자치구,100.1,월환산,130.0,74.6,184.2,2.75714,0.53052,2.979,41.3,18.6,65.6,5000.0,76.0
우이동,강북구,행정동,37.65485501031822,127.01169635012567,연립다세대,월세,140,높음,해당지역,65.0,월환산,69.0,42.3,85.1,2.20678,0.50903,1.433,44.4,31.2,52.4,3679.5,35.0
우이동,강북구,행정동,37.65485501031822,127.01169635012567,오피스텔,월세,450,높음,자치구,77.6,월환산,86.4,69.6,97.3,4.54882,-0.04097,3.527,23.1,19.6,28.1,1000.0,70.0
우이동,강북구,행정동,37.65485501031822,127.01169635012567,단독다가구,전세,15,보통,해당지역,7500.0,보증금,9380.0,6750.0,12500.0,,,300.0,30.2,17.2,44.6,7500.0,0.0
우이동,강북구,행정동,37.65485501031822,127.01169635012567,아파트,전세,15,보통,해당지역,35306.0,보증금,36243.7,32525.0,40500.0,,,435.397,84.9,84.8,85.0,35306.0,0.0
우이동,강북구,행정동,37.65485501031822,127.01169635012567,연립다세대,전세,41,높음,해당지역,18370.0,보증금,17775.6,11000.0,21000.0,8.80112,0.2204,341.168,47.9,35.8,60.9,18370.0,0.0
우이동,강북구,행정동,37.65485501031822,127.01169635012567,오피스텔,전세,56,높음,자치구,18600.0,보증금,20330.4,15500.0,26000.0,8.22062,0.50218,893.495,24.3,17.0,29.5,18600.0,0.0
인수동,강북구,행정동,37.638694442317025,127.01475823915263,단독다가구,매매,30,높음,법정동,51250.0,매매가,66738.1,42325.0,78000.0,7.82446,0.65058,428.231,126.6,64.7,180.7,,
인수동,강북구,행정동,37.638694442317025,127.01475823915263,아파트,매매,27,보통,해당지역,26000.0,매매가,38629.6,25900.0,52500.0,8.58589,0.51943,1207.729,20.7,20.4,85.0,,
인수동,강북구,행정동,37.638694442317025,127.01475823915263,연립다세대,매매,219,높음,해당지역,22200.0,매매가,23201.0,17000.0,26729.5,8.87369,0.30005,537.804,41.1,28.6,53.9,,
인수동,강북구,행정동,37.638694442317025,127.01475823915263,오피스텔,매매,41,높음,법정동,12400.0,매매가,14366.0,11000.0,14400.0,7.90126,0.47393,401.771,30.2,25.5,34.2,,
인수동,강북구,행정동,37.638694442317025,127.01475823915263,단독다가구,월세,1179,높음,법정동,50.3,월환산,55.1,40.5,64.2,3.19194,0.21997,1.86,28.0,19.0,40.4,500.0,45.0
인수동,강북구,행정동,37.638694442317025,127.01475823915263,아파트,월세,64,높음,해당지역,97.3,월환산,89.7,37.1,111.6,7.26464,-0.95418,5.661,17.2,14.8,36.8,1000.0,95.0
인수동,강북구,행정동,37.638694442317025,127.01475823915263,연립다세대,월세,204,높음,해당지역,64.8,월환산,72.8,45.4,94.7,2.29068,0.51183,1.651,43.7,30.0,53.6,3000.0,40.0
인수동,강북구,행정동,37.638694442317025,127.01475823915263,오피스텔,월세,37,높음,해당지역,114.6,월환산,113.5,84.2,134.6,3.87518,0.2425,3.676,28.0,23.6,35.0,2000.0,110.0
인수동,강북구,행정동,37.638694442317025,127.01475823915263,단독다가구,전세,183,높음,법정동,10500.0,보증금,11452.0,7000.0,15000.0,6.84812,0.61843,231.702,43.7,31.5,58.2,10500.0,0.0
인수동,강북구,행정동,37.638694442317025,127.01475823915263,아파트,전세,97,높음,법정동,36000.0,보증금,33519.2,26500.0,42000.0,7.89474,0.61071,540.922,63.8,51.9,84.9,36000.0,0.0
인수동,강북구,행정동,37.638694442317025,127.01475823915263,연립다세대,전세,79,높음,해당지역,14100.0,보증금,14834.3,8000.0,18100.0,5.89598,0.94312,280.28,47.5,29.5,59.3,14100.0,0.0
인수동,강북구,행정동,37.638694442317025,127.01475823915263,오피스텔,전세,36,높음,법정동,17500.0,보증금,19719.4,15925.0,25000.0,8.54015,0.39533,893.495,19.9,17.0,31.3,17500.0,0.0
가양1동,강서구,행정동,37.56648006694209,126.834914873601,단독다가구,매매,52,높음,자치구,117500.0,매매가,135960.0,97250.0,145000.0,11.10413,0.11428,651.304,190.5,118.8,256.0,,
가양1동,강서구,행정동,37.56648006694209,126.834914873601,아파트,매매,202,높음,해당지역,91650.0,매매가,98380.7,75000.0,114625.0,9.09191,0.57817,1635.487,59.9,39.6,85.0,,
가양1동,강서구,행정동,37.56648006694209,126.834914873601,연립다세대,매매,18,보통,해당지역,29000.0,매매가,30771.1,22475.0,31937.5,,,714.985,43.0,27.5,53.4,,
가양1동,강서구,행정동,37.56648006694209,126.834914873601,오피스텔,매매,228,높음,해당지역,16790.0,매매가,17405.1,13650.0,19000.0,5.43303,1.36195,713.44,23.0,21.2,24.6,,
가양1동,강서구,행정동,37.56648006694209,126.834914873601,단독다가구,월세,19,보통,법정동,59.6,월환산,93.3,52.3,97.2,,,1.757,48.0,32.5,70.9,3000.0,50.0
가양1동,강서구,행정동,37.56648006694209,126.834914873601,아파트,월세,193,높음,해당지역,134.2,월환산,152.8,93.2,210.8,1.09515,0.95549,2.707,49.8,39.6,84.9,10000.0,80.0
가양1동,강서구,행정동,37.56648006694209,126.834914873601,연립다세대,월세,76,높음,해당지역,96.2,월환산,92.9,82.7,106.8,3.73344,0.21923,3.291,27.5,23.7,48.5,16475.0,20.0
가양1동,강서구,행정동,37.56648006694209,126.834914873601,오피스텔,월세,3335,높음,해당지역,81.6,월환산,84.5,74.2,89.6,1.74171,0.8585,3.662,22.2,20.6,24.1,1500.0,67.0
가양1동,강서구,행정동,37.56648006694209,126.834914873601,단독다가구,전세,371,높음,자치구,12000.0,보증금,12824.8,8000.0,15750.0,6.73731,0.67839,258.324,41.5,34.8,59.6,12000.0,0.0
가양1동,강서구,행정동,37.56648006694209,126.834914873601,아파트,전세,313,높음,해당지역,47000.0,보증금,47518.4,29000.0,60000.0,6.87185,0.91199,676.63,60.0,39.6,85.0,47000.0,0.0
가양1동,강서구,행정동,37.56648006694209,126.834914873601,연립다세대,전세,54,높음,해당지역,23550.0,보증금,21330.0,17500.0,26000.0,8.89597,0.27715,490.483,41.5,29.5,54.6,23550.0,0.0
가양1동,강서구,행정동,37.56648006694209,126.834914873601,오피스텔,전세,486,높음,해당지역,18000.0,보증금,20499.0,15300.0,25312.5,6.38442,1.07624,764.496,24.6,21.4,30.8,18000.0,0.0
가양2동,강서구,행정동,37.564326577473885,126.85388115632057,단독다가구,매매,52,높음,자치구,117500.0,매매가,135960.0,97250.0,145000.0,11.10413,0.11428,651.304,190.5,118.8,256.0,,
가양2동,강서구,행정동,37.564326577473885,126.85388115632057,아파트,매매,109,높음,해당지역,80000.0,매매가,91732.6,67400.0,114500.0,9.32001,0.52265,1898.99,39.6,34.4,84.8,,
가양2동,강서구,행정동,37.564326577473885,126.85388115632057,연립다세대,매매,1827,높음,자치구,24000.0,매매가,25176.4,18500.0,29000.0,8.8193,0.33156,569.83,41.4,29.9,55.4,,
가양2동,강서구,행정동,37.564326577473885,126.85388115632057,오피스텔,매매,18,보통,해당지역,12150.0,매매가,12761.1,10500.0,14975.0,,,430.026,26.3,25.6,32.2,,
가양2동,강서구,행정동,37.564326577473885,126.85388115632057,단독다가구,월세,22,보통,법정동,59.2,월환산,62.0,58.8,71.3,3.12152,0.2843,2.054,27.3,19.9,37.3,1000.0,50.0
가양2동,강서구,행정동,37.564326577473885,126.85388115632057,아파트,월세,111,높음,해당지역,113.8,월환산,138.5,103.1,172.1,0.59418,1.07792,2.872,39.6,34.4,62.5,5000.0,85.0
가양2동,강서구,행정동,37.564326577473885,126.85388115632057,연립다세대,월세,45,높음,법정동,98.5,월환산,92.3,85.3,106.2,2.79294,0.50083,3.342,27.2,22.3,32.6,17500.0,19.0
가양2동,강서구,행정동,37.564326577473885,126.85388115632057,오피스텔,월세,175,높음,해당지역,64.6,월환산,64.9,59.6,69.6,2.01027,0.64779,2.318,27.0,25.6,30.6,1000.0,60.0
가양2동,강서구,행정동,37.564326577473885,126.85388115632057,단독다가구,전세,371,높음,자치구,12000.0,보증금,12824.8,8000.0,15750.0,6.73731,0.67839,258.324,41.5,34.8,59.6,12000.0,0.0
가양2동,강서구,행정동,37.564326577473885,126.85388115632057,아파트,전세,167,높음,해당지역,30400.0,보증금,37173.4,24075.0,47125.0,7.10475,0.84207,667.828,39.6,39.6,62.5,30400.0,0.0
가양2동,강서구,행정동,37.564326577473885,126.85388115632057,연립다세대,전세,21,보통,법정동,25350.0,보증금,21545.2,17500.0,26400.0,7.71506,0.63912,801.345,29.7,22.3,39.0,25350.0,0.0
가양2동,강서구,행정동,37.564326577473885,126.85388115632057,오피스텔,전세,78,높음,법정동,23500.0,보증금,21389.1,20350.0,26625.0,5.89923,1.20512,813.876,28.3,28.1,32.5,23500.0,0.0
가양3동,강서구,행정동,37.56126052274479,126.85986120345831,단독다가구,매매,52,높음,자치구,117500.0,매매가,135960.0,97250.0,145000.0,11.10413,0.11428,651.304,190.5,118.8,256.0,,
가양3동,강서구,행정동,37.56126052274479,126.85986120345831,아파트,매매,153,높음,해당지역,88800.0,매매가,91328.8,72400.0,108500.0,8.43199,0.76824,1959.596,49.5,39.6,58.6,,
가양3동,강서구,행정동,37.56126052274479,126.85986120345831,연립다세대,매매,1827,높음,자치구,24000.0,매매가,25176.4,18500.0,29000.0,8.8193,0.33156,569.83,41.4,29.9,55.4,,
가양3동,강서구,행정동,37.56126052274479,126.85986120345831,오피스텔,매매,28,보통,법정동,12450.0,매매가,14971.4,10500.0,16087.5,6.33554,0.98078,483.204,27.0,24.4,29.2,,
가양3동,강서구,행정동,37.56126052274479,126.85986120345831,단독다가구,월세,22,보통,법정동,59.2,월환산,62.0,58.8,71.3,3.12152,0.2843,2.054,27.3,19.9,37.3,1000.0,50.0
가양3동,강서구,행정동,37.56126052274479,126.85986120345831,아파트,월세,213,높음,해당지역,99.2,월환산,93.4,16.8,135.8,-5.4064,2.52777,2.473,39.6,39.6,49.5,2874.0,50.0
가양3동,강서구,행정동,37.56126052274479,126.85986120345831,연립다세대,월세,45,높음,법정동,98.5,월환산,92.3,85.3,106.2,2.79294,0.50083,3.342,27.2,22.3,32.6,17500.0,19.0
가양3동,강서구,행정동,37.56126052274479,126.85986120345831,오피스텔,월세,55,높음,해당지역,120.4,월환산,119.3,114.7,125.0,,,4.282,28.1,28.1,28.1,23000.0,21.0
가양3동,강서구,행정동,37.56126052274479,126.85986120345831,단독다가구,전세,371,높음,자치구,12000.0,보증금,12824.8,8000.0,15750.0,6.73731,0.67839,258.324,41.5,34.8,59.6,12000.0,0.0
가양3동,강서구,행정동,37.56126052274479,126.85986120345831,아파트,전세,239,높음,해당지역,35000.0,보증금,36547.9,28965.0,42000.0,6.30606,1.0669,732.323,49.5,39.6,58.6,35000.0,0.0
가양3동,강서구,행정동,37.56126052274479,126.85986120345831,연립다세대,전세,21,보통,법정동,25350.0,보증금,21545.2,17500.0,26400.0,7.71506,0.63912,801.345,29.7,22.3,39.0,25350.0,0.0
가양3동,강서구,행정동,37.56126052274479,126.85986120345831,오피스텔,전세,78,높음,법정동,23500.0,보증금,21389.1,20350.0,26625.0,5.89923,1.20512,813.876,28.3,28.1,32.5,23500.0,0.0
공항동,강서구,행정동,37.55934521976572,126.8152615909614,단독다가구,매매,52,높음,자치구,117500.0,매매가,135960.0,97250.0,145000.0,11.10413,0.11428,651.304,190.5,118.8,256.0,,
공항동,강서구,행정동,37.55934521976572,126.8152615909614,아파트,매매,126,높음,해당지역,67500.0,매매가,98557.9,64400.0,145750.0,6.59412,1.17525,1336.663,59.9,48.3,84.6,,
공항동,강서구,행정동,37.55934521976572,126.8152615909614,연립다세대,매매,94,높음,해당지역,26250.0,매매가,27083.8,24012.2,28000.0,8.54084,0.45757,756.438,35.5,26.2,41.0,,
공항동,강서구,행정동,37.55934521976572,126.8152615909614,오피스텔,매매,591,높음,자치구,15960.0,매매가,20253.3,11500.0,22900.0,6.03442,1.10542,636.384,25.6,22.2,29.7,,
공항동,강서구,행정동,37.55934521976572,126.8152615909614,단독다가구,월세,262,높음,해당지역,54.4,월환산,57.7,43.4,66.5,3.08002,0.26362,1.736,30.6,19.9,46.8,1000.0,45.0
공항동,강서구,행정동,37.55934521976572,126.8152615909614,아파트,월세,119,높음,해당지역,263.7,월환산,216.0,63.8,329.0,-3.19082,1.96665,3.485,60.0,59.8,85.0,10540.0,80.0
공항동,강서구,행정동,37.55934521976572,126.8152615909614,연립다세대,월세,221,높음,해당지역,89.8,월환산,87.1,61.3,108.5,2.59863,0.54116,3.08,29.0,23.5,33.2,3000.0,47.0
공항동,강서구,행정동,37.55934521976572,126.8152615909614,오피스텔,월세,66,높음,해당지역,97.6,월환산,95.9,76.0,114.7,0.59719,1.17275,3.395,28.4,26.9,29.0,2000.0,80.0
공항동,강서구,행정동,37.55934521976572,126.8152615909614,단독다가구,전세,46,높음,해당지역,10750.0,보증금,11494.0,7000.0,14750.0,7.79596,0.37787,246.655,45.0,30.2,62.2,10750.0,0.0
공항동,강서구,행정동,37.55934521976572,126.8152615909614,아파트,전세,223,높음,해당지역,60000.0,보증금,58798.3,40000.0,75000.0,5.96037,1.17445,852.188,60.0,59.9,84.9,60000.0,0.0
공항동,강서구,행정동,37.55934521976572,126.8152615909614,연립다세대,전세,133,높음,해당지역,20000.0,보증금,19733.8,17000.0,23300.0,9.05747,0.22677,636.061,30.0,27.1,41.9,20000.0,0.0
공항동,강서구,행정동,37.55934521976572,126.8152615909614,오피스텔,전세,16,보통,해당지역,21750.0,보증금,19504.1,14625.0,23000.0,,,700.467,28.8,26.9,30.0,21750.0,0.0
등촌1동,강서구,행정동,37.55589683145575,126.85888999623295,단독다가구,매매,52,높음,자치구,117500.0,매매가,135960.0,97250.0,145000.0,11.10413,0.11428,651.304,190.5,118.8,256.0,,
등촌1동,강서구,행정동,37.55589683145575,126.85888999623295,아파트,매매,172,높음,해당지역,87000.0,매매가,85957.6,74500.0,96850.0,8.87411,0.58596,1253.489,60.0,59.7,84.8,,
등촌1동,강서구,행정동,37.55589683145575,126.85888999623295,연립다세대,매매,39,높음,해당지역,33000.0,매매가,31493.6,22500.0,40250.0,8.89317,0.38213,729.167,36.9,29.9,47.4,,
등촌1동,강서구,행정동,37.55589683145575,126.85888999623295,오피스텔,매매,85,높음,해당지역,21000.0,매매가,23100.9,14000.0,27500.0,6.7523,0.89798,585.814,30.0,27.4,50.2,,
등촌1동,강서구,행정동,37.55589683145575,126.85888999623295,단독다가구,월세,163,높음,법정동,64.6,월환산,66.6,54.2,76.4,3.16598,0.28249,1.979,33.7,22.1,42.3,1000.0,55.0
등촌1동,강서구,행정동,37.55589683145575,126.85888999623295,아파트,월세,179,높음,해당지역,73.7,월환산,128.2,69.4,194.6,2.04049,0.77937,3.615,15.5,15.2,60.0,7500.0,41.0
등촌1동,강서구,행정동,37.55589683145575,126.85888999623295,연립다세대,월세,117,높음,해당지역,108.8,월환산,109.5,98.3,120.9,5.02748,-0.11179,3.607,29.9,22.5,39.2,17300.0,25.0
등촌1동,강서구,행정동,37.55589683145575,126.85888999623295,오피스텔,월세,719,높음,해당지역,80.0,월환산,91.8,67.2,114.7,2.42567,0.63037,3.604,27.4,17.3,29.7,3000.0,54.0
등촌1동,강서구,행정동,37.55589683145575,126.85888999623295,단독다가구,전세,37,높음,법정동,14000.0,보증금,15810.8,10000.0,17000.0,7.27137,0.59182,323.764,41.4,35.0,52.8,14000.0,0.0
등촌1동,강서구,행정동,37.55589683145575,126.85888999623295,아파트,전세,172,높음,해당지역,50000.0,보증금,50383.9,45000.0,58000.0,8.63631,0.51685,707.089,60.0,59.7,84.8,50000.0,0.0
등촌1동,강서구,행정동,37.55589683145575,126.85888999623295,연립다세대,전세,69,높음,해당지역,24000.0,보증금,25044.6,20000.0,29000.0,9.84516,0.06874,805.204,29.9,25.7,38.9,24000.0,0.0
등촌1동,강서구,행정동,37.55589683145575,126.85888999623295,오피스텔,전세,250,높음,해당지역,25000.0,보증금,25236.4,23000.0,27450.0,8.42135,0.48943,874.179,28.1,22.5,37.3,25000.0,0.0
등촌2동,강서구,행정동,37.546375063373894,126.86104208290325,단독다가구,매매,52,높음,자치구,117500.0,매매가,135960.0,97250.0,145000.0,11.10413,0.11428,651.304,190.5,118.8,256.0,,
등촌2동,강서구,행정동,37.546375063373894,126.86104208290325,아파트,매매,92,높음,해당지역,110250.0,매매가,103456.5,79850.0,127250.0,7.75555,0.82861,1062.191,85.0,75.6,119.9,,
등촌2동,강서구,행정동,37.546375063373894,126.86104208290325,연립다세대,매매,132,높음,해당지역,29900.0,매매가,31087.3,25000.0,38000.0,8.92201,0.37638,772.475,39.3,29.3,48.2,,
등촌2동,강서구,행정동,37.546375063373894,126.86104208290325,오피스텔,매매,120,높음,법정동,22407.5,매매가,25471.9,14500.0,37000.0,6.73331,0.90564,586.055,36.0,27.4,61.4,,
등촌2동,강서구,행정동,37.546375063373894,126.86104208290325,단독다가구,월세,163,높음,법정동,64.6,월환산,66.6,54.2,76.4,3.16598,0.28249,1.979,33.7,22.1,42.3,1000.0,55.0
등촌2동,강서구,행정동,37.546375063373894,126.86104208290325,아파트,월세,33,높음,해당지역,223.8,월환산,219.5,172.9,261.7,2.81932,0.56248,2.64,84.8,79.8,85.0,20000.0,104.0
등촌2동,강서구,행정동,37.546375063373894,126.86104208290325,연립다세대,월세,220,높음,해당지역,103.9,월환산,98.4,79.2,120.0,3.49749,0.29984,3.148,29.9,25.7,43.6,9000.0,41.0
등촌2동,강서구,행정동,37.546375063373894,126.86104208290325,오피스텔,월세,23,보통,해당지역,123.8,월환산,119.6,105.8,128.8,5.35054,-0.16719,3.909,30.0,29.0,43.7,5000.0,80.0
등촌2동,강서구,행정동,37.546375063373894,126.86104208290325,단독다가구,전세,37,높음,법정동,14000.0,보증금,15810.8,10000.0,17000.0,7.27137,0.59182,323.764,41.4,35.0,52.8,14000.0,0.0
등촌2동,강서구,행정동,37.546375063373894,126.86104208290325,아파트,전세,60,높음,해당지역,64500.0,보증금,64184.1,52875.0,75250.0,7.50779,0.7762,686.584,85.0,84.8,134.9,64500.0,0.0
등촌2동,강서구,행정동,37.546375063373894,126.86104208290325,연립다세대,전세,114,높음,해당지역,21000.0,보증금,20775.3,16350.0,25181.2,9.44808,0.1236,561.419,36.5,27.7,51.5,21000.0,0.0
등촌2동,강서구,행정동,37.546375063373894,126.86104208290325,오피스텔,전세,13,보통,해당지역,26570.0,보증금,29173.8,25400.0,29400.0,,,860.585,34.9,30.0,42.8,26570.0,0.0
등촌3동,강서구,행정동,37.56242604846667,126.84457359151284,단독다가구,매매,52,높음,자치구,117500.0,매매가,135960.0,97250.0,145000.0,11.10413,0.11428,651.304,190.5,118.8,256.0,,
등촌3동,강서구,행정동,37.56242604846667,126.84457359151284,아파트,매매,301,높음,해당지역,95500.0,매매가,90536.9,69000.0,107000.0,9.06623,0.56577,1577.061,58.1,41.8,80.6,,
등촌3동,강서구,행정동,37.56242604846667,126.84457359151284,연립다세대,매매,177,높음,법정동,30180.0,매매가,31113.5,24500.0,38000.0,8.97288,0.36099,766.983,39.1,29.4,48.3,,
등촌3동,강서구,행정동,37.56242604846667,126.84457359151284,오피스텔,매매,33,높음,해당지역,30500.0,매매가,32450.0,16100.0,46500.0,6.57235,0.94953,583.882,60.8,29.7,77.8,,
등촌3동,강서구,행정동,37.56242604846667,126.84457359151284,단독다가구,월세,163,높음,법정동,64.6,월환산,66.6,54.2,76.4,3.16598,0.28249,1.979,33.7,22.1,42.3,1000.0,55.0
등촌3동,강서구,행정동,37.56242604846667,126.84457359151284,아파트,월세,226,높음,해당지역,133.0,월환산,143.8,111.8,183.2,1.52709,0.86313,2.948,41.8,37.7,58.1,5800.0,100.0
등촌3동,강서구,행정동,37.56242604846667,126.84457359151284,연립다세대,월세,19,보통,해당지역,54.6,월환산,83.1,50.7,127.9,,,2.8,24.3,20.1,27.0,5000.0,47.0
등촌3동,강서구,행정동,37.56242604846667,126.84457359151284,오피스텔,월세,165,높음,해당지역,117.7,월환산,111.7,79.6,125.2,2.82812,0.52814,3.791,29.7,29.7,39.0,12000.0,40.0
등촌3동,강서구,행정동,37.56242604846667,126.84457359151284,단독다가구,전세,37,높음,법정동,14000.0,보증금,15810.8,10000.0,17000.0,7.27137,0.59182,323.764,41.4,35.0,52.8,14000.0,0.0
등촌3동,강서구,행정동,37.56242604846667,126.84457359151284,아파트,전세,293,높음,해당지역,38850.0,보증금,39496.7,29300.0,46000.0,7.81502,0.68409,706.215,58.1,41.8,58.1,38850.0,0.0
등촌3동,강서구,행정동,37.56242604846667,126.84457359151284,연립다세대,전세,185,높음,법정동,22800.0,보증금,22424.1,18700.0,25650.0,9.78605,0.05096,648.679,30.0,27.1,47.0,22800.0,0.0
등촌3동,강서구,행정동,37.56242604846667,126.84457359151284,오피스텔,전세,50,높음,해당지역,23400.0,보증금,24912.0,22625.0,26750.0,7.98763,0.58012,778.302,29.7,29.7,58.9,23400.0,0.0
발산1동,강서구,행정동,37.5538491339151,126.82753088976241,단독다가구,매매,52,높음,자치구,117500.0,매매가,135960.0,97250.0,145000.0,11.10413,0.11428,651.304,190.5,118.8,256.0,,
발산1동,강서구,행정동,37.5538491339151,126.82753088976241,아파트,매매,138,높음,해당지역,113250.0,매매가,107651.5,86125.0,124950.0,11.13936,0.09375,1447.74,84.6,67.1,84.8,,
발산1동,강서구,행정동,37.5538491339151,126.82753088976241,연립다세대,매매,67,높음,해당지역,27500.0,매매가,37270.1,21600.0,36650.0,6.15064,1.06772,578.577,53.3,40.1,66.1,,
발산1동,강서구,행정동,37.5538491339151,126.82753088976241,오피스텔,매매,591,높음,자치구,15960.0,매매가,20253.3,11500.0,22900.0,6.03442,1.10542,636.384,25.6,22.2,29.7,,
발산1동,강서구,행정동,37.5538491339151,126.82753088976241,단독다가구,월세,113,높음,법정동,59.6,월환산,64.3,49.3,69.6,2.90601,0.34077,1.97,29.8,20.1,41.6,1000.0,50.0
발산1동,강서구,행정동,37.5538491339151,126.82753088976241,아파트,월세,460,높음,해당지역,54.3,월환산,90.8,42.8,71.1,-6.11673,2.58306,1.061,50.0,49.9,59.8,6577.0,28.0
발산1동,강서구,행정동,37.5538491339151,126.82753088976241,연립다세대,월세,142,높음,해당지역,82.3,월환산,86.4,59.6,112.9,3.11475,0.37761,2.847,33.9,18.9,43.0,3000.0,47.0
발산1동,강서구,행정동,37.5538491339151,126.82753088976241,오피스텔,월세,13,보통,법정동,134.2,월환산,124.4,129.2,134.2,,,5.156,26.3,26.0,26.4,2000.0,125.0
발산1동,강서구,행정동,37.5538491339151,126.82753088976241,단독다가구,전세,24,보통,법정동,14000.0,보증금,15727.5,9875.0,20000.0,6.16963,0.84915,290.807,44.8,39.4,63.7,14000.0,0.0
발산1동,강서구,행정동,37.5538491339151,126.82753088976241,아파트,전세,572,높음,해당지역,34294.0,보증금,38188.1,22636.0,53000.0,5.00452,1.27035,448.246,75.5,59.8,84.8,34294.0,0.0
발산1동,강서구,행정동,37.5538491339151,126.82753088976241,연립다세대,전세,50,높음,해당지역,19975.0,보증금,24216.9,16250.0,24650.0,7.38142,0.67555,495.647,41.0,29.8,69.3,19975.0,0.0
발산1동,강서구,행정동,37.5538491339151,126.82753088976241,오피스텔,전세,1483,높음,자치구,21000.0,보증금,22189.7,15500.0,26000.0,7.19168,0.82527,788.41,27.7,21.2,31.6,21000.0,0.0
방화1동,강서구,행정동,37.56783148225659,126.81871644637837,단독다가구,매매,52,높음,자치구,117500.0,매매가,135960.0,97250.0,145000.0,11.10413,0.11428,651.304,190.5,118.8,256.0,,
방화1동,강서구,행정동,37.56783148225659,126.81871644637837,아파트,매매,294,높음,해당지역,82750.0,매매가,99025.3,71125.0,111375.0,6.94083,1.03441,1121.148,84.5,60.0,85.0,,
방화1동,강서구,행정동,37.56783148225659,126.81871644637837,연립다세대,매매,79,높음,해당지역,28000.0,매매가,29915.5,21000.0,34300.0,8.4769,0.47096,731.707,38.9,29.4,45.6,,
방화1동,강서구,행정동,37.56783148225659,126.81871644637837,오피스텔,매매,25,보통,해당지역,15000.0,매매가,49902.0,12150.0,85300.0,3.48658,1.93404,600.549,24.1,20.2,46.2,,
방화1동,강서구,행정동,37.56783148225659,126.81871644637837,단독다가구,월세,19,보통,법정동,59.6,월환산,93.3,52.3,97.2,,,1.757,48.0,32.5,70.9,3000.0,50.0
방화1동,강서구,행정동,37.56783148225659,126.81871644637837,아파트,월세,226,높음,해당지역,101.5,월환산,175.9,67.0,290.0,-2.73479,1.82885,2.165,59.9,59.4,84.9,10231.0,50.0
방화1동,강서구,행정동,37.56783148225659,126.81871644637837,연립다세대,월세,133,높음,해당지역,86.9,월환산,85.1,65.2,100.1,3.45854,0.27135,2.861,29.6,26.2,38.5,5000.0,39.0
방화1동,강서구,행정동,37.56783148225659,126.81871644637837,오피스텔,월세,219,높음,해당지역,72.6,월환산,105.6,66.3,78.6,0.06133,1.35584,3.232,24.1,20.2,24.1,1000.0,65.0
방화1동,강서구,행정동,37.56783148225659,126.81871644637837,단독다가구,전세,371,높음,자치구,12000.0,보증금,12824.8,8000.0,15750.0,6.73731,0.67839,258.324,41.5,34.8,59.6,12000.0,0.0
방화1동,강서구,행정동,37.56783148225659,126.81871644637837,아파트,전세,413,높음,해당지역,52000.0,보증금,56533.7,42000.0,73000.0,5.95726,1.13375,671.717,84.8,60.0,85.0,52000.0,0.0
방화1동,강서구,행정동,37.56783148225659,126.81871644637837,연립다세대,전세,82,높음,해당지역,20000.0,보증금,18684.5,15124.5,23950.0,8.07268,0.47254,523.507,30.7,28.2,46.1,20000.0,0.0
방화1동,강서구,행정동,37.56783148225659,126.81871644637837,오피스텔,전세,49,높음,해당지역,27500.0,보증금,43163.3,26000.0,75000.0,5.83453,1.26617,937.5,28.8,28.8,69.8,27500.0,0.0
방화2동,강서구,행정동,37.567449370969314,126.80834356522884,단독다가구,매매,21,보통,법정동,113000.0,매매가,114812.1,100000.0,137302.0,10.89196,0.15267,784.757,133.2,75.2,191.8,,
방화2동,강서구,행정동,37.567449370969314,126.80834356522884,아파트,매매,112,높음,해당지역,64000.0,매매가,64158.0,53875.0,74925.0,8.07475,0.72004,1053.252,59.3,51.0,82.7,,
방화2동,강서구,행정동,37.567449370969314,126.80834356522884,연립다세대,매매,70,높음,해당지역,28000.0,매매가,30651.4,24100.0,33500.0,7.55843,0.72671,693.998,39.4,29.9,48.0,,
방화2동,강서구,행정동,37.567449370969314,126.80834356522884,오피스텔,매매,22,보통,해당지역,10400.0,매매가,15075.0,8150.0,13075.0,4.08523,1.59968,410.899,27.4,19.9,28.0,,
방화2동,강서구,행정동,37.567449370969314,126.80834356522884,단독다가구,월세,12,보통,해당지역,37.3,월환산,63.7,31.9,50.0,,,1.723,23.5,16.5,35.3,500.0,35.0
방화2동,강서구,행정동,37.567449370969314,126.80834356522884,아파트,월세,121,높음,해당지역,103.9,월환산,107.2,59.3,138.3,1.36871,0.84767,2.472,44.1,28.0,51.1,5000.0,50.0
방화2동,강서구,행정동,37.567449370969314,126.80834356522884,연립다세대,월세,88,높음,해당지역,72.9,월환산,79.2,56.6,98.5,3.06384,0.38374,3.075,26.6,19.8,32.2,4000.0,50.0
방화2동,강서구,행정동,37.567449370969314,126.80834356522884,오피스텔,월세,142,높음,해당지역,55.2,월환산,60.8,49.6,62.0,1.83013,0.70148,2.366,25.9,19.4,28.0,1000.0,49.0
방화2동,강서구,행정동,37.567449370969314,126.80834356522884,단독다가구,전세,43,높음,법정동,13000.0,보증금,14015.3,6970.0,20000.0,6.74204,0.68595,283.333,45.0,33.0,65.9,13000.0,0.0
방화2동,강서구,행정동,37.567449370969314,126.80834356522884,아파트,전세,86,높음,해당지역,39950.0,보증금,39431.5,31500.0,50000.0,7.01197,0.84392,617.284,59.8,51.0,84.0,39950.0,0.0
방화2동,강서구,행정동,37.567449370969314,126.80834356522884,연립다세대,전세,62,높음,해당지역,19650.0,보증금,18898.7,14445.0,22000.0,10.3793,-0.1628,598.827,29.9,27.9,43.6,19650.0,0.0
방화2동,강서구,행정동,37.567449370969314,126.80834356522884,오피스텔,전세,72,높음,해당지역,27000.0,보증금,23603.2,19687.5,29625.0,5.87084,1.14694,677.736,35.1,28.0,45.2,27000.0,0.0
방화3동,강서구,행정동,37.57721467984417,126.81378150638197,단독다가구,매매,21,보통,법정동,113000.0,매매가,114812.1,100000.0,137302.0,10.89196,0.15267,784.757,133.2,75.2,191.8,,
방화3동,강서구,행정동,37.57721467984417,126.81378150638197,아파트,매매,302,높음,해당지역,58500.0,매매가,60538.7,48225.0,70150.0,8.62399,0.59152,1144.496,49.8,39.6,64.6,,
방화3동,강서구,행정동,37.57721467984417,126.81378150638197,연립다세대,매매,17,보통,해당지역,22000.0,매매가,26320.6,19300.0,30000.0,,,474.757,55.6,29.6,66.2,,
방화3동,강서구,행정동,37.57721467984417,126.81378150638197,오피스텔,매매,34,높음,해당지역,7150.0,매매가,7152.9,5625.0,7887.5,6.25271,0.83469,312.507,22.5,17.6,26.9,,
방화3동,강서구,행정동,37.57721467984417,126.81378150638197,단독다가구,월세,187,높음,법정동,52.3,월환산,58.2,42.3,67.9,3.0213,0.27501,1.654,32.0,20.5,49.9,1000.0,45.0
방화3동,강서구,행정동,37.57721467984417,126.81378150638197,아파트,월세,201,높음,해당지역,101.0,월환산,101.1,79.6,133.8,-2.86532,1.93544,2.519,39.6,33.2,49.8,3000.0,75.0
방화3동,강서구,행정동,37.57721467984417,126.81378150638197,연립다세대,월세,16,보통,해당지역,82.3,월환산,86.2,69.5,102.4,,,2.695,28.3,25.9,49.6,7500.0,45.5
방화3동,강서구,행정동,37.57721467984417,126.81378150638197,오피스텔,월세,167,높음,해당지역,46.3,월환산,45.5,39.3,52.3,1.76854,0.65686,2.07,22.5,17.6,26.2,500.0,42.0
방화3동,강서구,행정동,37.57721467984417,126.81378150638197,단독다가구,전세,43,높음,법정동,13000.0,보증금,14015.3,6970.0,20000.0,6.74204,0.68595,283.333,45.0,33.0,65.9,13000.0,0.0
방화3동,강서구,행정동,37.57721467984417,126.81378150638197,아파트,전세,299,높음,해당지역,30000.0,보증금,33483.0,25000.0,40000.0,7.19821,0.80046,616.862,49.8,39.6,60.0,30000.0,0.0
방화3동,강서구,행정동,37.57721467984417,126.81378150638197,연립다세대,전세,10,보통,해당지역,20990.0,보증금,21283.0,18520.0,22745.0,,,341.877,56.9,54.8,59.7,20990.0,0.0
방화3동,강서구,행정동,37.57721467984417,126.81378150638197,오피스텔,전세,105,높음,법정동,27000.0,보증금,23145.7,20000.0,28000.0,5.78575,1.18751,725.101,28.8,28.0,44.5,27000.0,0.0
염창동,강서구,행정동,37.55114503901937,126.87179923493433,단독다가구,매매,52,높음,자치구,117500.0,매매가,135960.0,97250.0,145000.0,11.10413,0.11428,651.304,190.5,118.8,256.0,,
염창동,강서구,행정동,37.55114503901937,126.87179923493433,아파트,매매,402,높음,해당지역,104500.0,매매가,105921.6,91000.0,119749.2,9.49455,0.47418,1366.108,84.8,60.0,85.0,,
염창동,강서구,행정동,37.55114503901937,126.87179923493433,연립다세대,매매,44,높음,해당지역,26929.0,매매가,29471.8,26015.0,32125.0,9.74158,0.14004,995.822,29.6,24.3,42.0,,
염창동,강서구,행정동,37.55114503901937,126.87179923493433,오피스텔,매매,50,높음,해당지역,33770.0,매매가,33276.7,30000.0,34953.2,8.51052,0.54991,1220.455,27.7,27.7,28.7,,
염창동,강서구,행정동,37.55114503901937,126.87179923493433,단독다가구,월세,33,높음,해당지역,66.9,월환산,70.5,48.6,86.6,2.8901,0.3815,2.309,29.7,18.3,38.8,1000.0,60.0
염창동,강서구,행정동,37.55114503901937,126.87179923493433,아파트,월세,323,높음,해당지역,172.7,월환산,171.4,78.2,248.8,1.93367,0.80768,3.35,59.8,18.2,84.7,14562.0,65.0
염창동,강서구,행정동,37.55114503901937,126.87179923493433,연립다세대,월세,78,높음,해당지역,107.0,월환산,107.8,77.5,130.3,3.31479,0.37838,3.713,29.7,24.8,41.5,15500.0,33.0
염창동,강서구,행정동,37.55114503901937,126.87179923493433,오피스텔,월세,279,높음,해당지역,110.7,월환산,102.7,73.5,120.5,1.73603,0.88811,3.991,28.6,18.8,28.7,9180.0,50.0
염창동,강서구,행정동,37.55114503901937,126.87179923493433,단독다가구,전세,371,높음,자치구,12000.0,보증금,12824.8,8000.0,15750.0,6.73731,0.67839,258.324,41.5,34.8,59.6,12000.0,0.0
염창동,강서구,행정동,37.55114503901937,126.87179923493433,아파트,전세,422,높음,해당지역,52500.0,보증금,55441.4,46743.0,63412.5,8.21436,0.62373,750.375,84.3,59.9,84.9,52500.0,0.0
염창동,강서구,행정동,37.55114503901937,126.87179923493433,연립다세대,전세,24,보통,해당지역,24910.0,보증금,26204.2,21762.5,30000.0,9.72294,0.10164,745.216,33.9,27.3,43.6,24910.0,0.0
염창동,강서구,행정동,37.55114503901937,126.87179923493433,오피스텔,전세,93,높음,해당지역,25000.0,보증금,27290.2,23100.0,29000.0,6.72819,1.01644,888.961,28.6,27.6,30.0,25000.0,0.0
우장산동,강서구,행정동,37.55045480574052,126.84028447942329,단독다가구,매매,52,높음,자치구,117500.0,매매가,135960.0,97250.0,145000.0,11.10413,0.11428,651.304,190.5,118.8,256.0,,
우장산동,강서구,행정동,37.55045480574052,126.84028447942329,아파트,매매,285,높음,해당지역,142000.0,매매가,131404.2,102000.0,158000.0,10.29077,0.32723,1706.342,85.0,70.1,85.0,,
우장산동,강서구,행정동,37.55045480574052,126.84028447942329,연립다세대,매매,79,높음,해당지역,25000.0,매매가,24778.7,20000.0,29350.0,9.26927,0.20788,538.329,43.8,36.6,57.0,,
우장산동,강서구,행정동,37.55045480574052,126.84028447942329,오피스텔,매매,88,높음,법정동,8925.0,매매가,12525.6,6250.0,12075.0,6.19814,0.89496,305.358,27.2,21.0,32.4,,
우장산동,강서구,행정동,37.55045480574052,126.84028447942329,단독다가구,월세,1130,높음,법정동,53.1,월환산,57.5,42.3,66.6,2.91256,0.2985,1.506,35.6,25.0,43.4,1000.0,45.0
우장산동,강서구,행정동,37.55045480574052,126.84028447942329,아파트,월세,278,높음,해당지역,282.7,월환산,258.1,154.6,337.5,1.94553,0.84722,3.763,73.8,45.8,85.0,29142.5,122.0
우장산동,강서구,행정동,37.55045480574052,126.84028447942329,연립다세대,월세,184,높음,해당지역,98.7,월환산,97.9,74.4,119.2,3.60021,0.25953,2.921,31.4,27.3,49.4,5000.0,50.0
우장산동,강서구,행정동,37.55045480574052,126.84028447942329,오피스텔,월세,70,높음,해당지역,95.8,월환산,94.3,57.3,119.7,0.19583,1.26535,3.138,28.4,26.0,31.6,2000.0,50.0
우장산동,강서구,행정동,37.55045480574052,126.84028447942329,단독다가구,전세,204,높음,법정동,10500.0,보증금,11393.0,8000.0,14347.5,6.41625,0.74886,240.39,40.6,35.0,52.1,10500.0,0.0
우장산동,강서구,행정동,37.55045480574052,126.84028447942329,아파트,전세,324,높음,해당지역,72000.0,보증금,71453.9,61900.0,80000.0,8.83535,0.52675,902.544,85.0,60.0,85.0,72000.0,0.0
우장산동,강서구,행정동,37.55045480574052,126.84028447942329,연립다세대,전세,74,높음,해당지역,20290.0,보증금,24845.5,16925.0,27992.5,8.65134,0.34183,444.965,45.8,36.4,55.9,20290.0,0.0
우장산동,강서구,행정동,37.55045480574052,126.84028447942329,오피스텔,전세,14,보통,해당지역,24850.0,보증금,32800.0,19050.0,39400.0,,,833.671,33.6,27.0,50.7,24850.0,0.0
화곡1동,강서구,행정동,37.532569595655374,126.84168402997155,단독다가구,매매,52,높음,자치구,117500.0,매매가,135960.0,97250.0,145000.0,11.10413,0.11428,651.304,190.5,118.8,256.0,,
화곡1동,강서구,행정동,37.532569595655374,126.84168402997155,아파트,매매,114,높음,해당지역,38500.0,매매가,37762.3,24175.0,50375.0,6.70438,0.95833,735.793,56.9,33.9,66.2,,
화곡1동,강서구,행정동,37.532569595655374,126.84168402997155,연립다세대,매매,236,높음,해당지역,22700.0,매매가,22812.2,19000.0,26325.0,9.47898,0.14067,530.478,41.4,29.9,59.4,,
화곡1동,강서구,행정동,37.532569595655374,126.84168402997155,오피스텔,매매,11,보통,해당지역,10400.0,매매가,13790.9,9700.0,15100.0,,,298.936,35.0,34.8,36.8,,
화곡1동,강서구,행정동,37.532569595655374,126.84168402997155,단독다가구,월세,1130,높음,법정동,53.1,월환산,57.5,42.3,66.6,2.91256,0.2985,1.506,35.6,25.0,43.4,1000.0,45.0
화곡1동,강서구,행정동,37.532569595655374,126.84168402997155,아파트,월세,331,높음,해당지역,88.0,월환산,87.3,65.8,100.5,2.58045,0.57583,3.653,21.8,18.8,28.8,9830.0,30.0
화곡1동,강서구,행정동,37.532569595655374,126.84168402997155,연립다세대,월세,483,높음,해당지역,90.2,월환산,88.7,74.8,104.2,4.13375,0.08674,2.698,33.2,28.0,45.2,5000.0,47.0
화곡1동,강서구,행정동,37.532569595655374,126.84168402997155,오피스텔,월세,389,높음,해당지역,93.3,월환산,92.3,67.3,113.8,1.91888,0.75888,3.232,28.9,25.1,31.4,2000.0,63.0
화곡1동,강서구,행정동,37.532569595655374,126.84168402997155,단독다가구,전세,204,높음,법정동,10500.0,보증금,11393.0,8000.0,14347.5,6.41625,0.74886,240.39,40.6,35.0,52.1,10500.0,0.0
화곡1동,강서구,행정동,37.532569595655374,126.84168402997155,아파트,전세,127,높음,해당지역,21000.0,보증금,22706.4,15840.0,30000.0,7.50612,0.66887,573.77,37.9,21.0,71.8,21000.0,0.0
화곡1동,강서구,행정동,37.532569595655374,126.84168402997155,연립다세대,전세,265,높음,해당지역,18700.0,보증금,18550.8,16500.0,21540.0,9.95337,-0.0465,585.059,29.8,28.1,44.4,18700.0,0.0
화곡1동,강서구,행정동,37.532569595655374,126.84168402997155,오피스텔,전세,105,높음,해당지역,20000.0,보증금,19057.6,12100.0,24000.0,7.46928,0.68865,630.539,28.6,22.5,34.8,20000.0,0.0
화곡2동,강서구,행정동,37.53292819349859,126.8539489350259,단독다가구,매매,52,높음,자치구,117500.0,매매가,135960.0,97250.0,145000.0,11.10413,0.11428,651.304,190.5,118.8,256.0,,
화곡2동,강서구,행정동,37.53292819349859,126.8539489350259,아파트,매매,13,보통,해당지역,45000.0,매매가,45084.6,40500.0,58000.0,,,675.338,64.2,60.0,84.0,,
화곡2동,강서구,행정동,37.53292819349859,126.8539489350259,연립다세대,매매,129,높음,해당지역,23594.0,매매가,24291.2,19000.0,27500.0,9.67924,0.09617,574.419,42.5,32.6,53.4,,
화곡2동,강서구,행정동,37.53292819349859,126.8539489350259,오피스텔,매매,88,높음,법정동,8925.0,매매가,12525.6,6250.0,12075.0,6.19814,0.89496,305.358,27.2,21.0,32.4,,
화곡2동,강서구,행정동,37.53292819349859,126.8539489350259,단독다가구,월세,1130,높음,법정동,53.1,월환산,57.5,42.3,66.6,2.91256,0.2985,1.506,35.6,25.0,43.4,1000.0,45.0
화곡2동,강서구,행정동,37.53292819349859,126.8539489350259,아파트,월세,830,높음,법정동,95.5,월환산,133.1,64.5,163.1,1.49381,0.89203,3.333,24.7,19.8,60.0,9943.5,42.0
화곡2동,강서구,행정동,37.53292819349859,126.8539489350259,연립다세대,월세,236,높음,해당지역,86.4,월환산,87.5,73.6,102.5,4.42961,-0.00098,2.023,41.0,30.0,51.7,8500.0,36.5
화곡2동,강서구,행정동,37.53292819349859,126.8539489350259,오피스텔,월세,1140,높음,법정동,73.6,월환산,81.2,60.3,99.3,2.61705,0.53929,3.361,26.0,18.6,29.6,2000.0,58.0
화곡2동,강서구,행정동,37.53292819349859,126.8539489350259,단독다가구,전세,204,높음,법정동,10500.0,보증금,11393.0,8000.0,14347.5,6.41625,0.74886,240.39,40.6,35.0,52.1,10500.0,0.0
화곡2동,강서구,행정동,37.53292819349859,126.8539489350259,아파트,전세,516,높음,법정동,50000.0,보증금,50489.2,24711.0,72000.0,6.69861,0.95901,707.786,74.1,53.9,85.0,50000.0,0.0
화곡2동,강서구,행정동,37.53292819349859,126.8539489350259,연립다세대,전세,117,높음,해당지역,16110.0,보증금,16169.4,13600.0,19500.0,9.75934,-0.03947,343.039,39.9,29.9,54.5,16110.0,0.0
화곡2동,강서구,행정동,37.53292819349859,126.8539489350259,오피스텔,전세,427,높음,법정동,18900.0,보증금,18313.0,14500.0,21000.0,7.7556,0.63059,797.991,23.9,17.9,29.7,18900.0,0.0
화곡3동,강서구,행정동,37.54419450537198,126.83544803966171,단독다가구,매매,52,높음,자치구,117500.0,매매가,135960.0,97250.0,145000.0,11.10413,0.11428,651.304,190.5,118.8,256.0,,
화곡3동,강서구,행정동,37.54419450537198,126.83544803966171,아파트,매매,96,높음,해당지역,107000.0,매매가,100983.5,81750.0,121250.0,8.12698,0.74271,1075.888,84.9,84.1,125.0,,
화곡3동,강서구,행정동,37.54419450537198,126.83544803966171,연립다세대,매매,72,높음,해당지역,28400.0,매매가,29504.2,23500.0,37850.0,9.47748,0.20881,742.081,38.5,29.4,53.2,,
화곡3동,강서구,행정동,37.54419450537198,126.83544803966171,오피스텔,매매,88,높음,법정동,8925.0,매매가,12525.6,6250.0,12075.0,6.19814,0.89496,305.358,27.2,21.0,32.4,,
화곡3동,강서구,행정동,37.54419450537198,126.83544803966171,단독다가구,월세,1130,높음,법정동,53.1,월환산,57.5,42.3,66.6,2.91256,0.2985,1.506,35.6,25.0,43.4,1000.0,45.0
화곡3동,강서구,행정동,37.54419450537198,126.83544803966171,아파트,월세,178,높음,해당지역,66.0,월환산,104.9,32.9,117.9,0.2816,1.14143,2.458,23.7,21.4,43.0,5680.0,39.5
화곡3동,강서구,행정동,37.54419450537198,126.83544803966171,연립다세대,월세,132,높음,해당지역,85.0,월환산,86.5,72.3,103.2,3.23895,0.33274,2.313,36.0,27.0,48.0,4001.5,50.0
화곡3동,강서구,행정동,37.54419450537198,126.83544803966171,오피스텔,월세,52,높음,해당지역,52.3,월환산,55.3,52.3,54.3,2.92891,0.36944,3.248,16.1,15.6,16.9,500.0,50.0
화곡3동,강서구,행정동,37.54419450537198,126.83544803966171,단독다가구,전세,204,높음,법정동,10500.0,보증금,11393.0,8000.0,14347.5,6.41625,0.74886,240.39,40.6,35.0,52.1,10500.0,0.0
화곡3동,강서구,행정동,37.54419450537198,126.83544803966171,아파트,전세,61,높음,해당지역,52000.0,보증금,56336.5,40000.0,70350.0,7.68029,0.73378,696.683,84.6,59.3,104.8,52000.0,0.0
화곡3동,강서구,행정동,37.54419450537198,126.83544803966171,연립다세대,전세,70,높음,해당지역,19750.0,보증금,19925.6,17500.0,22750.0,9.59482,0.07241,615.207,30.4,27.8,45.4,19750.0,0.0
화곡3동,강서구,행정동,37.54419450537198,126.83544803966171,오피스텔,전세,427,높음,법정동,18900.0,보증금,18313.0,14500.0,21000.0,7.7556,0.63059,797.991,23.9,17.9,29.7,18900.0,0.0
화곡4동,강서구,행정동,37.53470560051866,126.85916218539856,단독다가구,매매,52,높음,자치구,117500.0,매매가,135960.0,97250.0,145000.0,11.10413,0.11428,651.304,190.5,118.8,256.0,,
화곡4동,강서구,행정동,37.53470560051866,126.85916218539856,아파트,매매,15,보통,해당지역,45500.0,매매가,48600.0,35500.0,60500.0,,,722.773,73.5,59.9,82.4,,
화곡4동,강서구,행정동,37.53470560051866,126.85916218539856,연립다세대,매매,142,높음,해당지역,22750.0,매매가,23823.6,17925.0,28875.0,9.14435,0.23599,550.505,39.8,30.2,51.0,,
화곡4동,강서구,행정동,37.53470560051866,126.85916218539856,오피스텔,매매,88,높음,법정동,8925.0,매매가,12525.6,6250.0,12075.0,6.19814,0.89496,305.358,27.2,21.0,32.4,,
화곡4동,강서구,행정동,37.53470560051866,126.85916218539856,단독다가구,월세,1130,높음,법정동,53.1,월환산,57.5,42.3,66.6,2.91256,0.2985,1.506,35.6,25.0,43.4,1000.0,45.0
화곡4동,강서구,행정동,37.53470560051866,126.85916218539856,아파트,월세,13,보통,해당지역,120.0,월환산,126.4,95.2,164.6,,,1.879,76.6,59.9,84.8,13000.0,50.0
화곡4동,강서구,행정동,37.53470560051866,126.85916218539856,연립다세대,월세,200,높음,해당지역,84.8,월환산,83.5,70.1,96.6,4.40647,-0.0111,2.343,36.7,29.6,46.2,4000.0,49.5
화곡4동,강서구,행정동,37.53470560051866,126.85916218539856,오피스텔,월세,1140,높음,법정동,73.6,월환산,81.2,60.3,99.3,2.61705,0.53929,3.361,26.0,18.6,29.6,2000.0,58.0
화곡4동,강서구,행정동,37.53470560051866,126.85916218539856,단독다가구,전세,204,높음,법정동,10500.0,보증금,11393.0,8000.0,14347.5,6.41625,0.74886,240.39,40.6,35.0,52.1,10500.0,0.0
화곡4동,강서구,행정동,37.53470560051866,126.85916218539856,아파트,전세,13,보통,해당지역,34000.0,보증금,32119.2,32000.0,35000.0,,,450.616,63.5,62.5,79.3,34000.0,0.0
화곡4동,강서구,행정동,37.53470560051866,126.85916218539856,연립다세대,전세,128,높음,해당지역,18585.0,보증금,18486.4,15575.0,21100.0,9.79861,-0.01056,530.518,36.7,29.6,45.6,18585.0,0.0
화곡4동,강서구,행정동,37.53470560051866,126.85916218539856,오피스텔,전세,427,높음,법정동,18900.0,보증금,18313.0,14500.0,21000.0,7.7556,0.63059,797.991,23.9,17.9,29.7,18900.0,0.0
화곡6동,강서구,행정동,37.55230657925303,126.85052261996434,단독다가구,매매,52,높음,자치구,117500.0,매매가,135960.0,97250.0,145000.0,11.10413,0.11428,651.304,190.5,118.8,256.0,,
화곡6동,강서구,행정동,37.55230657925303,126.85052261996434,아파트,매매,67,높음,해당지역,94700.0,매매가,99487.2,75750.0,133750.0,6.62808,1.04996,925.836,85.0,83.1,127.6,,
화곡6동,강서구,행정동,37.55230657925303,126.85052261996434,연립다세대,매매,111,높음,해당지역,21500.0,매매가,21852.5,16950.0,26000.0,8.25061,0.4512,479.428,43.9,34.7,55.0,,
화곡6동,강서구,행정동,37.55230657925303,126.85052261996434,오피스텔,매매,19,보통,해당지역,14300.0,매매가,14897.4,10600.0,15500.0,,,682.68,19.0,17.6,29.5,,
화곡6동,강서구,행정동,37.55230657925303,126.85052261996434,단독다가구,월세,1130,높음,법정동,53.1,월환산,57.5,42.3,66.6,2.91256,0.2985,1.506,35.6,25.0,43.4,1000.0,45.0
화곡6동,강서구,행정동,37.55230657925303,126.85052261996434,아파트,월세,78,높음,해당지역,108.1,월환산,147.3,61.8,228.1,2.12327,0.74161,3.408,20.1,14.7,85.0,7750.0,60.0
화곡6동,강서구,행정동,37.55230657925303,126.85052261996434,연립다세대,월세,186,높음,해당지역,80.5,월환산,80.3,64.3,98.2,3.23798,0.30768,2.132,36.4,26.4,49.6,5000.0,35.0
화곡6동,강서구,행정동,37.55230657925303,126.85052261996434,오피스텔,월세,394,높음,해당지역,70.6,월환산,76.1,64.6,84.9,3.04307,0.41861,3.939,18.6,16.7,21.0,2000.0,60.0
화곡6동,강서구,행정동,37.55230657925303,126.85052261996434,단독다가구,전세,204,높음,법정동,10500.0,보증금,11393.0,8000.0,14347.5,6.41625,0.74886,240.39,40.6,35.0,52.1,10500.0,0.0
화곡6동,강서구,행정동,37.55230657925303,126.85052261996434,아파트,전세,67,높음,해당지역,62000.0,보증금,58260.4,45000.0,69750.0,7.70587,0.71968,617.792,85.0,84.0,100.6,62000.0,0.0
화곡6동,강서구,행정동,37.55230657925303,126.85052261996434,연립다세대,전세,93,높음,해당지역,16100.0,보증금,15169.1,11000.0,19000.0,8.37017,0.32546,343.9,36.1,29.4,48.1,16100.0,0.0
화곡6동,강서구,행정동,37.55230657925303,126.85052261996434,오피스텔,전세,217,높음,해당지역,16800.0,보증금,16646.5,14300.0,19200.0,7.86081,0.60172,846.361,19.0,17.0,23.8,16800.0,0.0
화곡8동,강서구,행정동,37.5345586913083,126.84863361504053,단독다가구,매매,52,높음,자치구,117500.0,매매가,135960.0,97250.0,145000.0,11.10413,0.11428,651.304,190.5,118.8,256.0,,
화곡8동,강서구,행정동,37.5345586913083,126.84863361504053,아파트,매매,14,보통,해당지역,59750.0,매매가,54578.6,55500.0,60375.0,,,714.828,81.9,69.3,82.4,,
화곡8동,강서구,행정동,37.5345586913083,126.84863361504053,연립다세대,매매,225,높음,해당지역,22300.0,매매가,22626.8,16000.0,27000.0,8.1811,0.46597,425.985,48.2,36.4,59.9,,
화곡8동,강서구,행정동,37.5345586913083,126.84863361504053,오피스텔,매매,88,높음,법정동,8925.0,매매가,12525.6,6250.0,12075.0,6.19814,0.89496,305.358,27.2,21.0,32.4,,
화곡8동,강서구,행정동,37.5345586913083,126.84863361504053,단독다가구,월세,1130,높음,법정동,53.1,월환산,57.5,42.3,66.6,2.91256,0.2985,1.506,35.6,25.0,43.4,1000.0,45.0
화곡8동,강서구,행정동,37.5345586913083,126.84863361504053,아파트,월세,16,보통,해당지역,110.0,월환산,113.4,98.0,116.1,,,2.287,52.0,30.6,71.4,12500.0,54.0
화곡8동,강서구,행정동,37.5345586913083,126.84863361504053,연립다세대,월세,380,높음,해당지역,83.7,월환산,79.7,62.9,98.8,2.46512,0.50611,1.816,39.7,27.9,53.5,5000.0,30.0
화곡8동,강서구,행정동,37.5345586913083,126.84863361504053,오피스텔,월세,1140,높음,법정동,73.6,월환산,81.2,60.3,99.3,2.61705,0.53929,3.361,26.0,18.6,29.6,2000.0,58.0
화곡8동,강서구,행정동,37.5345586913083,126.84863361504053,단독다가구,전세,204,높음,법정동,10500.0,보증금,11393.0,8000.0,14347.5,6.41625,0.74886,240.39,40.6,35.0,52.1,10500.0,0.0
화곡8동,강서구,행정동,37.5345586913083,126.84863361504053,아파트,전세,14,보통,해당지역,35350.0,보증금,32281.4,21262.5,38225.0,,,462.673,76.9,53.6,82.2,35350.0,0.0
화곡8동,강서구,행정동,37.5345586913083,126.84863361504053,연립다세대,전세,148,높음,해당지역,15825.0,보증금,15473.0,11880.0,18922.5,9.21692,0.0991,324.522,39.9,29.7,53.1,15825.0,0.0
화곡8동,강서구,행정동,37.5345586913083,126.84863361504053,오피스텔,전세,427,높음,법정동,18900.0,보증금,18313.0,14500.0,21000.0,7.7556,0.63059,797.991,23.9,17.9,29.7,18900.0,0.0
화곡본동,강서구,행정동,37.5435557985699,126.84687525586756,단독다가구,매매,52,높음,자치구,117500.0,매매가,135960.0,97250.0,145000.0,11.10413,0.11428,651.304,190.5,118.8,256.0,,
화곡본동,강서구,행정동,37.5435557985699,126.84687525586756,아파트,매매,32,높음,해당지역,16200.0,매매가,23340.6,10000.0,30500.0,7.08219,0.79892,658.382,27.8,14.0,66.2,,
화곡본동,강서구,행정동,37.5435557985699,126.84687525586756,연립다세대,매매,267,높음,해당지역,18800.0,매매가,19256.6,15000.0,23650.0,7.62895,0.57792,405.405,43.3,30.0,57.5,,
화곡본동,강서구,행정동,37.5435557985699,126.84687525586756,오피스텔,매매,50,높음,해당지역,6450.0,매매가,7064.0,4827.0,7900.0,6.89036,0.5823,272.243,27.2,24.1,28.5,,
화곡본동,강서구,행정동,37.5435557985699,126.84687525586756,단독다가구,월세,1130,높음,법정동,53.1,월환산,57.5,42.3,66.6,2.91256,0.2985,1.506,35.6,25.0,43.4,1000.0,45.0
화곡본동,강서구,행정동,37.5435557985699,126.84687525586756,아파트,월세,81,높음,해당지역,62.7,월환산,69.8,52.6,82.2,2.67992,0.47926,3.187,20.3,15.2,30.6,8000.0,23.0
화곡본동,강서구,행정동,37.5435557985699,126.84687525586756,연립다세대,월세,551,높음,해당지역,79.6,월환산,81.4,64.6,95.9,3.47728,0.24085,1.926,40.7,29.3,50.2,5000.0,40.0
화곡본동,강서구,행정동,37.5435557985699,126.84687525586756,오피스텔,월세,239,높음,해당지역,68.2,월환산,75.0,55.3,96.2,2.85054,0.43161,3.035,27.7,23.9,29.6,1000.0,54.0
화곡본동,강서구,행정동,37.5435557985699,126.84687525586756,단독다가구,전세,204,높음,법정동,10500.0,보증금,11393.0,8000.0,14347.5,6.41625,0.74886,240.39,40.6,35.0,52.1,10500.0,0.0
화곡본동,강서구,행정동,37.5435557985699,126.84687525586756,아파트,전세,42,높음,해당지역,20217.0,보증금,20739.2,18925.0,20979.0,9.18853,0.20727,681.59,29.9,27.0,44.2,20217.0,0.0
화곡본동,강서구,행정동,37.5435557985699,126.84687525586756,연립다세대,전세,206,높음,해당지역,14200.0,보증금,14529.0,11505.0,17500.0,8.26422,0.33645,290.905,44.2,33.9,55.8,14200.0,0.0
화곡본동,강서구,행정동,37.5435557985699,126.84687525586756,오피스텔,전세,85,높음,해당지역,20000.0,보증금,20596.2,19200.0,25800.0,7.52277,0.71798,737.23,29.2,26.6,29.9,20000.0,0.0
낙성대동,관악구,행정동,37.47785704152696,126.95568638108375,단독다가구,매매,35,높음,법정동,100000.0,매매가,111100.0,81750.0,120000.0,9.94867,0.32789,796.432,126.6,58.2,238.3,,
낙성대동,관악구,행정동,37.47785704152696,126.95568638108375,아파트,매매,23,보통,해당지역,80000.0,매매가,70230.4,57250.0,86750.0,8.2125,0.69354,1048.045,81.1,59.8,84.9,,
낙성대동,관악구,행정동,37.47785704152696,126.95568638108375,연립다세대,매매,15,보통,해당지역,29000.0,매매가,28753.3,23000.0,30000.0,,,489.865,59.2,43.8,67.6,,
낙성대동,관악구,행정동,37.47785704152696,126.95568638108375,오피스텔,매매,156,높음,법정동,14425.0,매매가,22033.8,9880.0,19625.0,6.35069,1.04792,752.495,21.4,17.2,27.4,,
낙성대동,관악구,행정동,37.47785704152696,126.95568638108375,단독다가구,월세,3610,높음,법정동,62.3,월환산,66.0,49.3,77.1,2.94546,0.36774,2.702,20.0,18.0,33.0,1000.0,50.0
낙성대동,관악구,행정동,37.47785704152696,126.95568638108375,아파트,월세,109,높음,해당지역,99.9,월환산,118.5,78.9,158.8,2.60063,0.64531,4.159,24.5,15.8,31.5,5000.0,72.0
낙성대동,관악구,행정동,37.47785704152696,126.95568638108375,연립다세대,월세,97,높음,해당지역,98.7,월환산,97.7,68.8,119.1,4.10043,0.12144,3.595,29.0,20.0,41.9,6000.0,50.0
낙성대동,관악구,행정동,37.47785704152696,126.95568638108375,오피스텔,월세,147,높음,해당지역,82.9,월환산,87.2,63.3,96.8,2.36846,0.67452,4.062,19.6,17.3,21.1,5000.0,54.0
낙성대동,관악구,행정동,37.47785704152696,126.95568638108375,단독다가구,전세,457,높음,법정동,13000.0,보증금,14607.3,9500.0,19000.0,7.82457,0.47219,426.439,30.0,20.0,43.5,13000.0,0.0
낙성대동,관악구,행정동,37.47785704152696,126.95568638108375,아파트,전세,14,보통,해당지역,50000.0,보증금,50562.5,46000.0,58000.0,,,690.094,84.1,59.8,84.9,50000.0,0.0
낙성대동,관악구,행정동,37.47785704152696,126.95568638108375,연립다세대,전세,24,보통,해당지역,29175.0,보증금,27106.3,21382.5,34625.0,10.0145,0.03119,599.803,37.6,29.0,66.8,29175.0,0.0
낙성대동,관악구,행정동,37.47785704152696,126.95568638108375,오피스텔,전세,18,보통,해당지역,16750.0,보증금,21080.6,12700.0,18875.0,,,663.952,21.1,19.1,30.5,16750.0,0.0
난곡동,관악구,행정동,37.47229173749445,126.92151196037642,단독다가구,매매,72,높음,법정동,86825.0,매매가,91399.1,62375.0,116625.0,9.95288,0.27988,543.894,156.1,113.5,229.3,,
난곡동,관악구,행정동,37.47229173749445,126.92151196037642,아파트,매매,31,높음,해당지역,54500.0,매매가,54491.9,49000.0,57650.0,8.08232,0.6747,872.95,59.6,59.6,59.8,,
난곡동,관악구,행정동,37.47229173749445,126.92151196037642,연립다세대,매매,103,높음,해당지역,24000.0,매매가,26258.3,21150.0,31400.0,9.03527,0.29463,592.93,40.4,29.8,52.2,,
난곡동,관악구,행정동,37.47229173749445,126.92151196037642,오피스텔,매매,50,높음,법정동,16650.0,매매가,17973.0,12925.0,19575.0,7.2071,0.74186,596.267,27.8,22.9,32.8,,
난곡동,관악구,행정동,37.47229173749445,126.92151196037642,단독다가구,월세,5215,높음,법정동,54.4,월환산,59.3,42.9,69.0,2.79882,0.38206,2.448,20.0,18.0,31.4,1000.0,47.0
난곡동,관악구,행정동,37.47229173749445,126.92151196037642,아파트,월세,26,보통,해당지역,78.2,월환산,90.8,47.8,131.7,2.158,0.66247,2.958,29.6,12.8,59.7,2000.0,44.5
난곡동,관악구,행정동,37.47229173749445,126.92151196037642,연립다세대,월세,145,높음,해당지역,83.8,월환산,84.8,54.6,109.2,3.36591,0.28088,2.366,36.1,27.2,43.7,6000.0,40.0
난곡동,관악구,행정동,37.47229173749445,126.92151196037642,오피스텔,월세,843,높음,법정동,74.6,월환산,81.6,60.6,93.5,2.29195,0.67617,3.736,19.5,16.7,25.5,2000.0,59.0
난곡동,관악구,행정동,37.47229173749445,126.92151196037642,단독다가구,전세,558,높음,법정동,12000.0,보증금,13042.5,8000.0,16000.0,7.80758,0.43062,355.042,32.4,20.0,48.4,12000.0,0.0
난곡동,관악구,행정동,37.47229173749445,126.92151196037642,아파트,전세,17,보통,해당지역,30000.0,보증금,32782.4,25050.0,38500.0,,,503.356,59.8,59.6,59.8,30000.0,0.0
난곡동,관악구,행정동,37.47229173749445,126.92151196037642,연립다세대,전세,91,높음,해당지역,17600.0,보증금,16883.2,11000.0,21250.0,9.37292,0.07594,360.36,40.0,29.9,46.9,17600.0,0.0
난곡동,관악구,행정동,37.47229173749445,126.92151196037642,오피스텔,전세,74,높음,법정동,18250.0,보증금,18177.0,13250.0,22000.0,7.02656,0.87681,904.523,19.9,18.0,24.5,18250.0,0.0
난향동,관악구,행정동,37.46028528863213,126.91994750932281,단독다가구,매매,72,높음,법정동,86825.0,매매가,91399.1,62375.0,116625.0,9.95288,0.27988,543.894,156.1,113.5,229.3,,
난향동,관악구,행정동,37.46028528863213,126.91994750932281,아파트,매매,125,높음,해당지역,70000.0,매매가,69176.8,63000.0,75000.0,9.60247,0.35161,871.362,85.0,60.0,85.0,,
난향동,관악구,행정동,37.46028528863213,126.91994750932281,연립다세대,매매,10,보통,해당지역,22250.0,매매가,21305.0,15812.5,26125.0,,,495.647,45.7,36.9,57.5,,
난향동,관악구,행정동,37.46028528863213,126.91994750932281,오피스텔,매매,50,높음,법정동,16650.0,매매가,17973.0,12925.0,19575.0,7.2071,0.74186,596.267,27.8,22.9,32.8,,
난향동,관악구,행정동,37.46028528863213,126.91994750932281,단독다가구,월세,5215,높음,법정동,54.4,월환산,59.3,42.9,69.0,2.79882,0.38206,2.448,20.0,18.0,31.4,1000.0,47.0
난향동,관악구,행정동,37.46028528863213,126.91994750932281,아파트,월세,65,높음,해당지역,171.7,월환산,159.5,150.8,199.7,-0.78005,1.34973,2.35,82.6,60.0,85.0,10000.0,105.0
난향동,관악구,행정동,37.46028528863213,126.91994750932281,연립다세대,월세,1236,높음,법정동,84.2,월환산,87.6,59.6,112.3,3.69651,0.20532,3.137,29.0,21.7,40.8,5000.0,45.0
난향동,관악구,행정동,37.46028528863213,126.91994750932281,오피스텔,월세,843,높음,법정동,74.6,월환산,81.6,60.6,93.5,2.29195,0.67617,3.736,19.5,16.7,25.5,2000.0,59.0
난향동,관악구,행정동,37.46028528863213,126.91994750932281,단독다가구,전세,558,높음,법정동,12000.0,보증금,13042.5,8000.0,16000.0,7.80758,0.43062,355.042,32.4,20.0,48.4,12000.0,0.0
난향동,관악구,행정동,37.46028528863213,126.91994750932281,아파트,전세,108,높음,해당지역,43750.0,보증금,44562.2,40000.0,50000.0,8.64756,0.46764,566.653,85.0,60.0,85.0,43750.0,0.0
난향동,관악구,행정동,37.46028528863213,126.91994750932281,연립다세대,전세,417,높음,법정동,19000.0,보증금,18796.8,13000.0,23500.0,8.69155,0.29119,461.196,37.5,29.4,52.9,19000.0,0.0
난향동,관악구,행정동,37.46028528863213,126.91994750932281,오피스텔,전세,74,높음,법정동,18250.0,보증금,18177.0,13250.0,22000.0,7.02656,0.87681,904.523,19.9,18.0,24.5,18250.0,0.0
남현동,관악구,행정동,37.47407102108613,126.9782452963186,단독다가구,매매,110,높음,자치구,94250.0,매매가,99411.2,68500.0,120000.0,9.9341,0.30058,599.742,152.0,87.5,229.6,,
남현동,관악구,행정동,37.47407102108613,126.9782452963186,아파트,매매,62,높음,해당지역,80750.0,매매가,78708.1,66250.0,91125.0,8.57931,0.60459,950.614,84.8,80.7,90.3,,
남현동,관악구,행정동,37.47407102108613,126.9782452963186,연립다세대,매매,84,높음,해당지역,43000.0,매매가,46078.2,34875.0,52850.0,8.54684,0.53854,838.536,54.4,43.0,68.4,,
남현동,관악구,행정동,37.47407102108613,126.9782452963186,오피스텔,매매,16,보통,해당지역,16900.0,매매가,17634.4,11975.0,19275.0,,,693.818,25.5,20.3,28.0,,
남현동,관악구,행정동,37.47407102108613,126.9782452963186,단독다가구,월세,314,높음,해당지역,69.6,월환산,78.1,59.0,87.9,2.86323,0.43005,2.801,23.0,19.0,39.7,3000.0,55.0
남현동,관악구,행정동,37.47407102108613,126.9782452963186,아파트,월세,25,보통,해당지역,215.4,월환산,217.7,167.9,279.2,2.64462,0.66919,3.662,73.6,35.5,84.5,25000.0,71.0
남현동,관악구,행정동,37.47407102108613,126.9782452963186,연립다세대,월세,149,높음,해당지역,98.2,월환산,111.0,71.6,144.6,3.09192,0.45401,3.851,29.8,16.3,45.1,8295.0,53.0
남현동,관악구,행정동,37.47407102108613,126.9782452963186,오피스텔,월세,100,높음,해당지역,73.3,월환산,75.3,62.6,84.6,3.04399,0.40237,3.273,22.4,17.7,27.2,1000.0,57.0
남현동,관악구,행정동,37.47407102108613,126.9782452963186,단독다가구,전세,43,높음,해당지역,15000.0,보증금,17228.7,12000.0,21500.0,7.39821,0.66867,545.455,25.0,20.0,46.2,15000.0,0.0
남현동,관악구,행정동,37.47407102108613,126.9782452963186,아파트,전세,28,보통,해당지역,57500.0,보증금,55524.1,45750.0,64250.0,8.99235,0.43621,726.094,84.5,83.9,86.4,57500.0,0.0
남현동,관악구,행정동,37.47407102108613,126.9782452963186,연립다세대,전세,61,높음,해당지역,21000.0,보증금,24532.9,17000.0,30870.0,8.01281,0.55694,663.366,30.8,24.5,55.9,21000.0,0.0
남현동,관악구,행정동,37.47407102108613,126.9782452963186,오피스텔,전세,15,보통,해당지역,12500.0,보증금,15460.0,11500.0,18000.0,,,666.397,16.8,15.1,27.0,12500.0,0.0
대학동,관악구,행정동,37.46762138363649,126.93836231469808,단독다가구,매매,72,높음,법정동,86825.0,매매가,91399.1,62375.0,116625.0,9.95288,0.27988,543.894,156.1,113.5,229.3,,
대학동,관악구,행정동,37.46762138363649,126.93836231469808,아파트,매매,72,높음,해당지역,58500.0,매매가,58172.2,52000.0,66050.0,8.9464,0.4727,861.825,69.2,58.9,84.4,,
대학동,관악구,행정동,37.46762138363649,126.93836231469808,연립다세대,매매,16,보통,해당지역,27185.0,매매가,35807.5,22125.0,44175.0,,,567.963,57.5,44.1,72.2,,
대학동,관악구,행정동,37.46762138363649,126.93836231469808,오피스텔,매매,50,높음,법정동,16650.0,매매가,17973.0,12925.0,19575.0,7.2071,0.74186,596.267,27.8,22.9,32.8,,
대학동,관악구,행정동,37.46762138363649,126.93836231469808,단독다가구,월세,5215,높음,법정동,54.4,월환산,59.3,42.9,69.0,2.79882,0.38206,2.448,20.0,18.0,31.4,1000.0,47.0
대학동,관악구,행정동,37.46762138363649,126.93836231469808,아파트,월세,49,높음,해당지역,152.9,월환산,141.2,99.9,172.9,3.21722,0.43041,2.581,58.9,26.6,69.2,8700.0,70.0
대학동,관악구,행정동,37.46762138363649,126.93836231469808,연립다세대,월세,84,높음,해당지역,72.3,월환산,81.6,41.3,113.7,2.58184,0.48064,2.816,29.0,26.5,45.9,3000.0,50.0
대학동,관악구,행정동,37.46762138363649,126.93836231469808,오피스텔,월세,26,보통,해당지역,79.6,월환산,68.4,38.5,87.9,1.3537,0.93904,3.275,24.3,11.8,27.8,1000.0,74.0
대학동,관악구,행정동,37.46762138363649,126.93836231469808,단독다가구,전세,558,높음,법정동,12000.0,보증금,13042.5,8000.0,16000.0,7.80758,0.43062,355.042,32.4,20.0,48.4,12000.0,0.0
대학동,관악구,행정동,37.46762138363649,126.93836231469808,아파트,전세,63,높음,해당지역,36000.0,보증금,35537.5,31500.0,40000.0,6.8124,0.85214,510.048,69.2,59.4,84.6,36000.0,0.0
대학동,관악구,행정동,37.46762138363649,126.93836231469808,연립다세대,전세,12,보통,해당지역,30000.0,보증금,31066.7,28725.0,35700.0,,,731.079,50.8,29.7,68.4,30000.0,0.0
대학동,관악구,행정동,37.46762138363649,126.93836231469808,오피스텔,전세,74,높음,법정동,18250.0,보증금,18177.0,13250.0,22000.0,7.02656,0.87681,904.523,19.9,18.0,24.5,18250.0,0.0
미성동,관악구,행정동,37.47812116131254,126.91501164109378,단독다가구,매매,72,높음,법정동,86825.0,매매가,91399.1,62375.0,116625.0,9.95288,0.27988,543.894,156.1,113.5,229.3,,
미성동,관악구,행정동,37.47812116131254,126.91501164109378,아파트,매매,89,높음,해당지역,74000.0,매매가,78433.1,53000.0,102500.0,6.84282,1.00299,914.634,84.8,60.3,84.9,,
미성동,관악구,행정동,37.47812116131254,126.91501164109378,연립다세대,매매,74,높음,해당지역,24950.0,매매가,25694.6,19850.0,30975.0,8.87048,0.32757,540.532,45.7,33.4,55.5,,
미성동,관악구,행정동,37.47812116131254,126.91501164109378,오피스텔,매매,50,높음,법정동,16650.0,매매가,17973.0,12925.0,19575.0,7.2071,0.74186,596.267,27.8,22.9,32.8,,
미성동,관악구,행정동,37.47812116131254,126.91501164109378,단독다가구,월세,5215,높음,법정동,54.4,월환산,59.3,42.9,69.0,2.79882,0.38206,2.448,20.0,18.0,31.4,1000.0,47.0
미성동,관악구,행정동,37.47812116131254,126.91501164109378,아파트,월세,43,높음,해당지역,165.8,월환산,173.8,83.0,258.4,2.21306,0.68497,2.373,60.0,41.0,84.8,8000.0,85.0
미성동,관악구,행정동,37.47812116131254,126.91501164109378,연립다세대,월세,102,높음,해당지역,83.8,월환산,82.7,64.0,100.5,2.94808,0.38732,2.046,42.2,27.6,49.6,5000.0,51.5
미성동,관악구,행정동,37.47812116131254,126.91501164109378,오피스텔,월세,43,높음,해당지역,56.8,월환산,57.1,45.4,63.2,1.56381,0.84715,2.974,17.3,16.2,19.1,1000.0,41.0
미성동,관악구,행정동,37.47812116131254,126.91501164109378,단독다가구,전세,558,높음,법정동,12000.0,보증금,13042.5,8000.0,16000.0,7.80758,0.43062,355.042,32.4,20.0,48.4,12000.0,0.0
미성동,관악구,행정동,37.47812116131254,126.91501164109378,아파트,전세,67,높음,해당지역,40000.0,보증금,44507.3,30000.0,60000.0,6.18656,1.03767,574.713,74.1,59.3,84.9,40000.0,0.0
미성동,관악구,행정동,37.47812116131254,126.91501164109378,연립다세대,전세,59,높음,해당지역,20000.0,보증금,19987.4,15100.0,24300.0,9.7324,0.02845,568.25,41.4,34.2,49.5,20000.0,0.0
미성동,관악구,행정동,37.47812116131254,126.91501164109378,오피스텔,전세,74,높음,법정동,18250.0,보증금,18177.0,13250.0,22000.0,7.02656,0.87681,904.523,19.9,18.0,24.5,18250.0,0.0
보라매동,관악구,행정동,37.490937086043296,126.93043778777306,단독다가구,매매,35,높음,법정동,100000.0,매매가,111100.0,81750.0,120000.0,9.94867,0.32789,796.432,126.6,58.2,238.3,,
보라매동,관악구,행정동,37.490937086043296,126.93043778777306,아파트,매매,44,높음,해당지역,105000.0,매매가,95235.0,73750.0,111500.0,6.7812,1.05539,1219.943,84.8,80.2,84.8,,
보라매동,관악구,행정동,37.490937086043296,126.93043778777306,연립다세대,매매,82,높음,해당지역,32535.0,매매가,31619.1,26550.0,37500.0,10.4739,-0.04012,623.547,51.1,43.5,59.9,,
보라매동,관악구,행정동,37.490937086043296,126.93043778777306,오피스텔,매매,156,높음,법정동,14425.0,매매가,22033.8,9880.0,19625.0,6.35069,1.04792,752.495,21.4,17.2,27.4,,
보라매동,관악구,행정동,37.490937086043296,126.93043778777306,단독다가구,월세,3610,높음,법정동,62.3,월환산,66.0,49.3,77.1,2.94546,0.36774,2.702,20.0,18.0,33.0,1000.0,50.0
보라매동,관악구,행정동,37.490937086043296,126.93043778777306,아파트,월세,27,보통,해당지역,178.4,월환산,180.1,99.2,254.8,-2.75178,1.83979,2.627,84.0,49.0,84.8,15000.0,80.0
보라매동,관악구,행정동,37.490937086043296,126.93043778777306,연립다세대,월세,108,높음,해당지역,97.3,월환산,101.0,84.0,122.8,3.53322,0.28426,2.441,39.9,29.7,53.9,10000.0,40.0
보라매동,관악구,행정동,37.490937086043296,126.93043778777306,오피스텔,월세,59,높음,해당지역,64.6,월환산,67.7,57.2,81.3,4.32993,-0.04488,3.101,17.6,15.6,24.3,1000.0,55.0
보라매동,관악구,행정동,37.490937086043296,126.93043778777306,단독다가구,전세,457,높음,법정동,13000.0,보증금,14607.3,9500.0,19000.0,7.82457,0.47219,426.439,30.0,20.0,43.5,13000.0,0.0
보라매동,관악구,행정동,37.490937086043296,126.93043778777306,아파트,전세,35,높음,해당지역,53000.0,보증금,48742.3,34750.0,60000.0,5.24664,1.24824,613.861,84.8,59.9,84.8,53000.0,0.0
보라매동,관악구,행정동,37.490937086043296,126.93043778777306,연립다세대,전세,54,높음,해당지역,22000.0,보증금,21746.7,17000.0,26775.0,8.72696,0.31852,490.679,48.2,30.1,57.3,22000.0,0.0
보라매동,관악구,행정동,37.490937086043296,126.93043778777306,오피스텔,전세,165,높음,법정동,19300.0,보증금,20307.2,12000.0,26000.0,6.98993,0.90398,925.436,20.8,17.6,24.9,19300.0,0.0
삼성동,관악구,행정동,37.464476674201755,126.92864939830143,단독다가구,매매,72,높음,법정동,86825.0,매매가,91399.1,62375.0,116625.0,9.95288,0.27988,543.894,156.1,113.5,229.3,,
삼성동,관악구,행정동,37.464476674201755,126.92864939830143,아파트,매매,85,높음,해당지역,55000.0,매매가,55864.7,48300.0,63000.0,8.12951,0.64078,710.711,83.2,59.9,84.2,,
삼성동,관악구,행정동,37.464476674201755,126.92864939830143,연립다세대,매매,27,보통,해당지역,62351.0,매매가,55673.4,37875.0,68400.0,10.18233,0.16686,1106.383,54.7,42.0,65.1,,
삼성동,관악구,행정동,37.464476674201755,126.92864939830143,오피스텔,매매,50,높음,법정동,16650.0,매매가,17973.0,12925.0,19575.0,7.2071,0.74186,596.267,27.8,22.9,32.8,,
삼성동,관악구,행정동,37.464476674201755,126.92864939830143,단독다가구,월세,5215,높음,법정동,54.4,월환산,59.3,42.9,69.0,2.79882,0.38206,2.448,20.0,18.0,31.4,1000.0,47.0
삼성동,관악구,행정동,37.464476674201755,126.92864939830143,아파트,월세,37,높음,해당지역,151.5,월환산,131.0,114.6,171.7,-2.99527,1.84018,1.97,77.2,58.6,84.2,10000.0,40.0
삼성동,관악구,행정동,37.464476674201755,126.92864939830143,연립다세대,월세,1236,높음,법정동,84.2,월환산,87.6,59.6,112.3,3.69651,0.20532,3.137,29.0,21.7,40.8,5000.0,45.0
삼성동,관악구,행정동,37.464476674201755,126.92864939830143,오피스텔,월세,843,높음,법정동,74.6,월환산,81.6,60.6,93.5,2.29195,0.67617,3.736,19.5,16.7,25.5,2000.0,59.0
삼성동,관악구,행정동,37.464476674201755,126.92864939830143,단독다가구,전세,558,높음,법정동,12000.0,보증금,13042.5,8000.0,16000.0,7.80758,0.43062,355.042,32.4,20.0,48.4,12000.0,0.0
삼성동,관악구,행정동,37.464476674201755,126.92864939830143,아파트,전세,63,높음,해당지역,39000.0,보증금,39562.7,35500.0,45000.0,7.39386,0.71774,467.743,84.2,83.2,84.9,39000.0,0.0
삼성동,관악구,행정동,37.464476674201755,126.92864939830143,연립다세대,전세,27,보통,해당지역,18000.0,보증금,17587.1,14850.0,20000.0,8.32578,0.3528,270.619,60.0,39.2,68.3,18000.0,0.0
삼성동,관악구,행정동,37.464476674201755,126.92864939830143,오피스텔,전세,74,높음,법정동,18250.0,보증금,18177.0,13250.0,22000.0,7.02656,0.87681,904.523,19.9,18.0,24.5,18250.0,0.0
서림동,관악구,행정동,37.47466056597037,126.93617411790166,단독다가구,매매,72,높음,법정동,86825.0,매매가,91399.1,62375.0,116625.0,9.95288,0.27988,543.894,156.1,113.5,229.3,,
서림동,관악구,행정동,37.47466056597037,126.93617411790166,아파트,매매,76,높음,해당지역,71000.0,매매가,67187.5,46375.0,84625.0,8.65014,0.58704,1059.69,66.3,34.9,88.0,,
서림동,관악구,행정동,37.47466056597037,126.93617411790166,연립다세대,매매,38,높음,해당지역,27700.0,매매가,28556.6,22250.0,34000.0,9.18183,0.26881,553.641,46.6,36.0,59.7,,
서림동,관악구,행정동,37.47466056597037,126.93617411790166,오피스텔,매매,50,높음,법정동,16650.0,매매가,17973.0,12925.0,19575.0,7.2071,0.74186,596.267,27.8,22.9,32.8,,
서림동,관악구,행정동,37.47466056597037,126.93617411790166,단독다가구,월세,5215,높음,법정동,54.4,월환산,59.3,42.9,69.0,2.79882,0.38206,2.448,20.0,18.0,31.4,1000.0,47.0
서림동,관악구,행정동,37.47466056597037,126.93617411790166,아파트,월세,62,높음,해당지역,118.4,월환산,133.8,99.6,145.4,2.24308,0.67213,2.735,34.9,34.9,59.8,5000.0,92.5
서림동,관악구,행정동,37.47466056597037,126.93617411790166,연립다세대,월세,120,높음,해당지역,79.9,월환산,86.1,54.4,110.6,3.02276,0.39575,2.875,31.0,22.6,43.6,3000.0,48.0
서림동,관악구,행정동,37.47466056597037,126.93617411790166,오피스텔,월세,10,보통,해당지역,56.3,월환산,55.1,55.0,57.2,,,3.182,17.8,17.0,17.8,450.0,54.5
서림동,관악구,행정동,37.47466056597037,126.93617411790166,단독다가구,전세,558,높음,법정동,12000.0,보증금,13042.5,8000.0,16000.0,7.80758,0.43062,355.042,32.4,20.0,48.4,12000.0,0.0
서림동,관악구,행정동,37.47466056597037,126.93617411790166,아파트,전세,77,높음,해당지역,33000.0,보증금,35599.0,26250.0,44000.0,7.91993,0.62554,627.424,59.8,34.9,82.2,33000.0,0.0
서림동,관악구,행정동,37.47466056597037,126.93617411790166,연립다세대,전세,37,높음,해당지역,20000.0,보증금,19872.6,17000.0,24000.0,8.85297,0.25838,504.848,39.5,32.1,56.7,20000.0,0.0
서림동,관악구,행정동,37.47466056597037,126.93617411790166,오피스텔,전세,74,높음,법정동,18250.0,보증금,18177.0,13250.0,22000.0,7.02656,0.87681,904.523,19.9,18.0,24.5,18250.0,0.0
서원동,관악구,행정동,37.48146017977584,126.93153661592932,단독다가구,매매,72,높음,법정동,86825.0,매매가,91399.1,62375.0,116625.0,9.95288,0.27988,543.894,156.1,113.5,229.3,,
서원동,관악구,행정동,37.48146017977584,126.93153661592932,아파트,매매,19,보통,해당지역,75000.0,매매가,66907.9,65750.0,78900.0,,,918.836,84.0,60.0,84.9,,
서원동,관악구,행정동,37.48146017977584,126.93153661592932,연립다세대,매매,104,높음,해당지역,32500.0,매매가,33799.0,25000.0,43000.0,8.31408,0.54918,753.786,41.0,34.5,52.4,,
서원동,관악구,행정동,37.48146017977584,126.93153661592932,오피스텔,매매,19,보통,해당지역,16000.0,매매가,15381.6,12000.0,19000.0,,,444.934,30.8,23.9,39.2,,
서원동,관악구,행정동,37.48146017977584,126.93153661592932,단독다가구,월세,5215,높음,법정동,54.4,월환산,59.3,42.9,69.0,2.79882,0.38206,2.448,20.0,18.0,31.4,1000.0,47.0
서원동,관악구,행정동,37.48146017977584,126.93153661592932,아파트,월세,63,높음,해당지역,83.4,월환산,96.9,65.6,117.3,2.46943,0.58989,2.854,39.7,13.7,42.8,6502.0,58.0
서원동,관악구,행정동,37.48146017977584,126.93153661592932,연립다세대,월세,198,높음,해당지역,79.6,월환산,86.6,60.0,100.4,4.66365,-0.07581,2.242,36.7,24.5,50.0,5000.0,50.0
서원동,관악구,행정동,37.48146017977584,126.93153661592932,오피스텔,월세,150,높음,해당지역,84.6,월환산,92.5,72.3,109.4,2.7193,0.56191,4.269,23.0,17.7,27.4,3000.0,67.5
서원동,관악구,행정동,37.48146017977584,126.93153661592932,단독다가구,전세,558,높음,법정동,12000.0,보증금,13042.5,8000.0,16000.0,7.80758,0.43062,355.042,32.4,20.0,48.4,12000.0,0.0
서원동,관악구,행정동,37.48146017977584,126.93153661592932,아파트,전세,15,보통,해당지역,23000.0,보증금,29786.7,21500.0,40450.0,,,416.591,55.2,55.2,60.0,23000.0,0.0
서원동,관악구,행정동,37.48146017977584,126.93153661592932,연립다세대,전세,70,높음,해당지역,17250.0,보증금,17613.7,11000.0,22000.0,7.18746,0.66838,379.893,41.3,30.1,54.7,17250.0,0.0
서원동,관악구,행정동,37.48146017977584,126.93153661592932,오피스텔,전세,74,높음,법정동,18250.0,보증금,18177.0,13250.0,22000.0,7.02656,0.87681,904.523,19.9,18.0,24.5,18250.0,0.0
성현동,관악구,행정동,37.48927899824156,126.95145688164578,단독다가구,매매,35,높음,법정동,100000.0,매매가,111100.0,81750.0,120000.0,9.94867,0.32789,796.432,126.6,58.2,238.3,,
성현동,관악구,행정동,37.48927899824156,126.95145688164578,아파트,매매,177,높음,해당지역,116000.0,매매가,110825.1,105000.0,121000.0,9.7822,0.41872,1424.2,84.9,59.8,85.0,,
성현동,관악구,행정동,37.48927899824156,126.95145688164578,연립다세대,매매,86,높음,해당지역,45500.0,매매가,51321.5,29200.0,74750.0,7.99808,0.71798,1004.188,45.7,30.5,55.1,,
성현동,관악구,행정동,37.48927899824156,126.95145688164578,오피스텔,매매,156,높음,법정동,14425.0,매매가,22033.8,9880.0,19625.0,6.35069,1.04792,752.495,21.4,17.2,27.4,,
성현동,관악구,행정동,37.48927899824156,126.95145688164578,단독다가구,월세,3610,높음,법정동,62.3,월환산,66.0,49.3,77.1,2.94546,0.36774,2.702,20.0,18.0,33.0,1000.0,50.0
성현동,관악구,행정동,37.48927899824156,126.95145688164578,아파트,월세,169,높음,해당지역,216.5,월환산,185.2,118.8,247.6,-3.14661,1.9493,2.793,59.8,59.8,85.0,10000.0,100.0
성현동,관악구,행정동,37.48927899824156,126.95145688164578,연립다세대,월세,50,높음,해당지역,89.4,월환산,88.9,62.3,114.5,3.69482,0.20091,2.654,32.7,29.4,41.1,10000.0,35.0
성현동,관악구,행정동,37.48927899824156,126.95145688164578,오피스텔,월세,25,보통,해당지역,79.8,월환산,82.9,69.9,90.4,4.27103,0.03916,3.316,21.3,20.2,33.1,7000.0,35.0
성현동,관악구,행정동,37.48927899824156,126.95145688164578,단독다가구,전세,457,높음,법정동,13000.0,보증금,14607.3,9500.0,19000.0,7.82457,0.47219,426.439,30.0,20.0,43.5,13000.0,0.0
성현동,관악구,행정동,37.48927899824156,126.95145688164578,아파트,전세,194,높음,해당지역,55000.0,보증금,53146.2,47287.5,61837.5,6.9592,0.90219,694.813,84.9,59.8,85.0,55000.0,0.0
성현동,관악구,행정동,37.48927899824156,126.95145688164578,연립다세대,전세,41,높음,해당지역,25000.0,보증금,25835.4,20000.0,29000.0,8.24768,0.48796,538.412,47.7,30.0,55.2,25000.0,0.0
성현동,관악구,행정동,37.48927899824156,126.95145688164578,오피스텔,전세,165,높음,법정동,19300.0,보증금,20307.2,12000.0,26000.0,6.98993,0.90398,925.436,20.8,17.6,24.9,19300.0,0.0
신림동,관악구,행정동,37.48641448900111,126.92869289486343,단독다가구,매매,72,높음,법정동,86825.0,매매가,91399.1,62375.0,116625.0,9.95288,0.27988,543.894,156.1,113.5,229.3,,
신림동,관악구,행정동,37.48641448900111,126.92869289486343,아파트,매매,18,보통,해당지역,68000.0,매매가,51869.4,40750.0,71875.0,,,932.188,74.7,44.2,74.7,,
신림동,관악구,행정동,37.48641448900111,126.92869289486343,연립다세대,매매,13,보통,해당지역,42500.0,매매가,40969.2,37000.0,47000.0,,,667.557,53.4,52.7,59.9,,
신림동,관악구,행정동,37.48641448900111,126.92869289486343,오피스텔,매매,16,보통,해당지역,13500.0,매매가,18606.2,12525.0,16700.0,,,591.842,26.9,25.4,29.7,,
신림동,관악구,행정동,37.48641448900111,126.92869289486343,단독다가구,월세,5215,높음,법정동,54.4,월환산,59.3,42.9,69.0,2.79882,0.38206,2.448,20.0,18.0,31.4,1000.0,47.0
신림동,관악구,행정동,37.48641448900111,126.92869289486343,아파트,월세,164,높음,해당지역,85.6,월환산,92.9,62.3,120.4,1.93805,0.88104,5.094,16.4,14.1,19.9,1000.0,78.0
신림동,관악구,행정동,37.48641448900111,126.92869289486343,연립다세대,월세,257,높음,해당지역,97.5,월환산,98.9,71.9,121.7,3.25058,0.41055,4.305,22.6,16.2,29.2,7000.0,40.0
신림동,관악구,행정동,37.48641448900111,126.92869289486343,오피스텔,월세,502,높음,해당지역,74.6,월환산,83.1,61.3,92.5,2.44218,0.63706,3.924,19.5,16.0,26.6,2000.0,57.5
신림동,관악구,행정동,37.48641448900111,126.92869289486343,단독다가구,전세,558,높음,법정동,12000.0,보증금,13042.5,8000.0,16000.0,7.80758,0.43062,355.042,32.4,20.0,48.4,12000.0,0.0
신림동,관악구,행정동,37.48641448900111,126.92869289486343,아파트,전세,12,보통,해당지역,21040.0,보증금,24318.3,16887.5,30250.0,,,711.283,33.1,22.9,43.3,21040.0,0.0
신림동,관악구,행정동,37.48641448900111,126.92869289486343,연립다세대,전세,34,높음,해당지역,22000.0,보증금,20417.3,14187.5,25578.8,8.48707,0.40645,806.109,27.2,23.7,29.7,22000.0,0.0
신림동,관악구,행정동,37.48641448900111,126.92869289486343,오피스텔,전세,35,높음,해당지역,18000.0,보증금,16761.4,11450.0,19000.0,6.31398,1.09431,904.523,19.9,17.3,23.4,18000.0,0.0
신사동,관악구,행정동,37.48549825795364,126.91864795936881,단독다가구,매매,72,높음,법정동,86825.0,매매가,91399.1,62375.0,116625.0,9.95288,0.27988,543.894,156.1,113.5,229.3,,
신사동,관악구,행정동,37.48549825795364,126.91864795936881,아파트,매매,17,보통,해당지역,64000.0,매매가,63064.7,63000.0,68000.0,,,1059.592,59.7,59.7,84.9,,
신사동,관악구,행정동,37.48549825795364,126.91864795936881,연립다세대,매매,37,높음,해당지역,32000.0,매매가,31302.7,27500.0,36500.0,9.15407,0.3084,651.572,43.8,30.0,60.7,,
신사동,관악구,행정동,37.48549825795364,126.91864795936881,오피스텔,매매,50,높음,법정동,16650.0,매매가,17973.0,12925.0,19575.0,7.2071,0.74186,596.267,27.8,22.9,32.8,,
신사동,관악구,행정동,37.48549825795364,126.91864795936881,단독다가구,월세,5215,높음,법정동,54.4,월환산,59.3,42.9,69.0,2.79882,0.38206,2.448,20.0,18.0,31.4,1000.0,47.0
신사동,관악구,행정동,37.48549825795364,126.91864795936881,아파트,월세,695,높음,법정동,119.6,월환산,130.6,69.8,162.9,2.69429,0.57383,3.511,34.9,18.0,60.0,6100.0,67.0
신사동,관악구,행정동,37.48549825795364,126.91864795936881,연립다세대,월세,103,높음,해당지역,92.9,월환산,88.4,56.5,111.9,2.77702,0.49002,3.336,29.0,23.9,34.6,8000.0,35.0
신사동,관악구,행정동,37.48549825795364,126.91864795936881,오피스텔,월세,843,높음,법정동,74.6,월환산,81.6,60.6,93.5,2.29195,0.67617,3.736,19.5,16.7,25.5,2000.0,59.0
신사동,관악구,행정동,37.48549825795364,126.91864795936881,단독다가구,전세,558,높음,법정동,12000.0,보증금,13042.5,8000.0,16000.0,7.80758,0.43062,355.042,32.4,20.0,48.4,12000.0,0.0
신사동,관악구,행정동,37.48549825795364,126.91864795936881,아파트,전세,501,높음,법정동,40000.0,보증금,42594.2,32000.0,50000.0,7.95707,0.62523,563.828,60.3,59.8,84.8,40000.0,0.0
신사동,관악구,행정동,37.48549825795364,126.91864795936881,연립다세대,전세,27,보통,해당지역,20000.0,보증금,20150.4,15000.0,23775.0,8.3165,0.45387,697.674,27.1,20.6,45.9,20000.0,0.0
신사동,관악구,행정동,37.48549825795364,126.91864795936881,오피스텔,전세,74,높음,법정동,18250.0,보증금,18177.0,13250.0,22000.0,7.02656,0.87681,904.523,19.9,18.0,24.5,18250.0,0.0
신원동,관악구,행정동,37.47972812529847,126.9268581381305,단독다가구,매매,72,높음,법정동,86825.0,매매가,91399.1,62375.0,116625.0,9.95288,0.27988,543.894,156.1,113.5,229.3,,
신원동,관악구,행정동,37.47972812529847,126.9268581381305,아파트,매매,16,보통,해당지역,79850.0,매매가,77593.8,66350.0,82000.0,,,1310.036,60.4,50.6,60.4,,
신원동,관악구,행정동,37.47972812529847,126.9268581381305,연립다세대,매매,94,높음,해당지역,34650.0,매매가,36761.9,30000.0,43000.0,8.68076,0.48033,873.509,41.4,34.6,54.1,,
신원동,관악구,행정동,37.47972812529847,126.9268581381305,오피스텔,매매,50,높음,법정동,16650.0,매매가,17973.0,12925.0,19575.0,7.2071,0.74186,596.267,27.8,22.9,32.8,,
신원동,관악구,행정동,37.47972812529847,126.9268581381305,단독다가구,월세,5215,높음,법정동,54.4,월환산,59.3,42.9,69.0,2.79882,0.38206,2.448,20.0,18.0,31.4,1000.0,47.0
신원동,관악구,행정동,37.47972812529847,126.9268581381305,아파트,월세,11,보통,해당지역,155.8,월환산,164.6,150.0,190.8,,,2.595,60.4,55.5,78.4,10000.0,110.0
신원동,관악구,행정동,37.47972812529847,126.9268581381305,연립다세대,월세,75,높음,해당지역,82.6,월환산,83.8,57.6,107.2,4.4583,-0.0347,2.639,30.4,26.6,36.5,5000.0,50.0
신원동,관악구,행정동,37.47972812529847,126.9268581381305,오피스텔,월세,843,높음,법정동,74.6,월환산,81.6,60.6,93.5,2.29195,0.67617,3.736,19.5,16.7,25.5,2000.0,59.0
신원동,관악구,행정동,37.47972812529847,126.9268581381305,단독다가구,전세,558,높음,법정동,12000.0,보증금,13042.5,8000.0,16000.0,7.80758,0.43062,355.042,32.4,20.0,48.4,12000.0,0.0
신원동,관악구,행정동,37.47972812529847,126.9268581381305,아파트,전세,501,높음,법정동,40000.0,보증금,42594.2,32000.0,50000.0,7.95707,0.62523,563.828,60.3,59.8,84.8,40000.0,0.0
신원동,관악구,행정동,37.47972812529847,126.9268581381305,연립다세대,전세,30,높음,해당지역,17000.0,보증금,18371.8,12000.0,24750.0,9.16279,0.15534,509.631,36.1,29.6,44.9,17000.0,0.0
신원동,관악구,행정동,37.47972812529847,126.9268581381305,오피스텔,전세,74,높음,법정동,18250.0,보증금,18177.0,13250.0,22000.0,7.02656,0.87681,904.523,19.9,18.0,24.5,18250.0,0.0
은천동,관악구,행정동,37.48661038554082,126.9428922960319,단독다가구,매매,35,높음,법정동,100000.0,매매가,111100.0,81750.0,120000.0,9.94867,0.32789,796.432,126.6,58.2,238.3,,
은천동,관악구,행정동,37.48661038554082,126.9428922960319,아파트,매매,182,높음,해당지역,108250.0,매매가,108717.6,98625.0,120750.0,10.71004,0.20033,1531.005,81.7,60.0,85.0,,
은천동,관악구,행정동,37.48661038554082,126.9428922960319,연립다세대,매매,104,높음,해당지역,29350.0,매매가,31150.1,20000.0,35000.0,7.69416,0.67009,639.164,44.9,35.2,59.5,,
은천동,관악구,행정동,37.48661038554082,126.9428922960319,오피스텔,매매,19,보통,해당지역,64313.0,매매가,64149.7,63263.0,64969.0,,,803.321,80.5,78.6,80.9,,
은천동,관악구,행정동,37.48661038554082,126.9428922960319,단독다가구,월세,3610,높음,법정동,62.3,월환산,66.0,49.3,77.1,2.94546,0.36774,2.702,20.0,18.0,33.0,1000.0,50.0
은천동,관악구,행정동,37.48661038554082,126.9428922960319,아파트,월세,117,높음,해당지역,222.5,월환산,215.7,187.1,247.5,2.48446,0.68487,3.225,60.0,59.9,84.9,15000.0,120.0
은천동,관악구,행정동,37.48661038554082,126.9428922960319,연립다세대,월세,127,높음,해당지역,92.5,월환산,93.1,75.0,110.8,2.95837,0.43766,2.743,30.5,23.2,42.8,11700.0,32.0
은천동,관악구,행정동,37.48661038554082,126.9428922960319,오피스텔,월세,51,높음,해당지역,91.1,월환산,89.7,66.7,100.7,2.63637,0.59347,3.684,18.8,18.4,22.5,18500.0,21.0
은천동,관악구,행정동,37.48661038554082,126.9428922960319,단독다가구,전세,457,높음,법정동,13000.0,보증금,14607.3,9500.0,19000.0,7.82457,0.47219,426.439,30.0,20.0,43.5,13000.0,0.0
은천동,관악구,행정동,37.48661038554082,126.9428922960319,아파트,전세,160,높음,해당지역,55000.0,보증금,56885.3,50000.0,63000.0,8.65392,0.52824,758.711,60.0,59.9,85.0,55000.0,0.0
은천동,관악구,행정동,37.48661038554082,126.9428922960319,연립다세대,전세,30,높음,해당지역,19200.0,보증금,19928.3,16250.0,25225.0,10.02549,-0.05276,627.043,30.0,26.8,39.5,19200.0,0.0
은천동,관악구,행정동,37.48661038554082,126.9428922960319,오피스텔,전세,165,높음,법정동,19300.0,보증금,20307.2,12000.0,26000.0,6.98993,0.90398,925.436,20.8,17.6,24.9,19300.0,0.0
인헌동,관악구,행정동,37.47246828570818,126.9661432312104,단독다가구,매매,35,높음,법정동,100000.0,매매가,111100.0,81750.0,120000.0,9.94867,0.32789,796.432,126.6,58.2,238.3,,
인헌동,관악구,행정동,37.47246828570818,126.9661432312104,아파트,매매,58,높음,해당지역,68000.0,매매가,71104.3,59000.0,79250.0,8.37539,0.66311,1104.496,59.9,50.0,79.7,,
인헌동,관악구,행정동,37.47246828570818,126.9661432312104,연립다세대,매매,114,높음,해당지역,30100.0,매매가,30386.0,24625.0,36375.0,7.92188,0.58793,526.33,59.0,49.9,66.8,,
인헌동,관악구,행정동,37.47246828570818,126.9661432312104,오피스텔,매매,156,높음,법정동,14425.0,매매가,22033.8,9880.0,19625.0,6.35069,1.04792,752.495,21.4,17.2,27.4,,
인헌동,관악구,행정동,37.47246828570818,126.9661432312104,단독다가구,월세,3610,높음,법정동,62.3,월환산,66.0,49.3,77.1,2.94546,0.36774,2.702,20.0,18.0,33.0,1000.0,50.0
인헌동,관악구,행정동,37.47246828570818,126.9661432312104,아파트,월세,45,높음,해당지역,187.5,월환산,200.7,167.5,221.8,2.79002,0.6031,3.218,59.9,50.0,61.7,30000.0,60.0
인헌동,관악구,행정동,37.47246828570818,126.9661432312104,연립다세대,월세,217,높음,해당지역,91.9,월환산,91.2,69.6,111.9,3.4855,0.26544,2.347,36.9,27.4,53.6,5000.0,50.0
인헌동,관악구,행정동,37.47246828570818,126.9661432312104,오피스텔,월세,25,보통,해당지역,74.6,월환산,73.6,63.5,84.6,2.4559,0.60755,3.412,18.7,15.3,24.2,2500.0,47.0
인헌동,관악구,행정동,37.47246828570818,126.9661432312104,단독다가구,전세,457,높음,법정동,13000.0,보증금,14607.3,9500.0,19000.0,7.82457,0.47219,426.439,30.0,20.0,43.5,13000.0,0.0
인헌동,관악구,행정동,37.47246828570818,126.9661432312104,아파트,전세,35,높음,해당지역,42000.0,보증금,46407.1,38500.0,52500.0,7.70685,0.72314,720.721,59.9,50.0,84.1,42000.0,0.0
인헌동,관악구,행정동,37.47246828570818,126.9661432312104,연립다세대,전세,65,높음,해당지역,21000.0,보증금,21758.8,16538.0,27000.0,8.66123,0.33845,470.81,46.0,29.6,57.7,21000.0,0.0
인헌동,관악구,행정동,37.47246828570818,126.9661432312104,오피스텔,전세,12,보통,해당지역,10200.0,보증금,13545.8,10050.0,22125.0,,,636.704,16.0,16.0,18.8,10200.0,0.0
조원동,관악구,행정동,37.48338199007346,126.90652023792421,단독다가구,매매,72,높음,법정동,86825.0,매매가,91399.1,62375.0,116625.0,9.95288,0.27988,543.894,156.1,113.5,229.3,,
조원동,관악구,행정동,37.48338199007346,126.90652023792421,아파트,매매,62,높음,해당지역,94750.0,매매가,103325.8,75875.0,137600.0,9.1515,0.54594,1188.608,67.1,60.0,84.6,,
조원동,관악구,행정동,37.48338199007346,126.90652023792421,연립다세대,매매,36,높음,해당지역,31000.0,매매가,33983.3,26725.0,42125.0,8.58761,0.48073,820.822,42.8,28.4,57.3,,
조원동,관악구,행정동,37.48338199007346,126.90652023792421,오피스텔,매매,50,높음,법정동,16650.0,매매가,17973.0,12925.0,19575.0,7.2071,0.74186,596.267,27.8,22.9,32.8,,
조원동,관악구,행정동,37.48338199007346,126.90652023792421,단독다가구,월세,5215,높음,법정동,54.4,월환산,59.3,42.9,69.0,2.79882,0.38206,2.448,20.0,18.0,31.4,1000.0,47.0
조원동,관악구,행정동,37.48338199007346,126.90652023792421,아파트,월세,172,높음,해당지역,132.3,월환산,157.4,84.1,264.9,2.06497,0.80434,4.195,32.8,18.0,60.0,10000.0,53.0
조원동,관악구,행정동,37.48338199007346,126.90652023792421,연립다세대,월세,140,높음,해당지역,74.2,월환산,82.4,56.3,104.8,3.17251,0.37191,3.698,21.9,15.3,28.8,3200.0,48.0
조원동,관악구,행정동,37.48338199007346,126.90652023792421,오피스텔,월세,93,높음,해당지역,64.6,월환산,75.2,59.3,94.2,2.32715,0.64046,3.192,20.9,18.2,22.7,1000.0,56.0
조원동,관악구,행정동,37.48338199007346,126.90652023792421,단독다가구,전세,558,높음,법정동,12000.0,보증금,13042.5,8000.0,16000.0,7.80758,0.43062,355.042,32.4,20.0,48.4,12000.0,0.0
조원동,관악구,행정동,37.48338199007346,126.90652023792421,아파트,전세,70,높음,해당지역,68000.0,보증금,62123.1,53977.5,75000.0,9.80213,0.28576,1116.89,60.0,60.0,60.0,68000.0,0.0
조원동,관악구,행정동,37.48338199007346,126.90652023792421,연립다세대,전세,22,보통,해당지역,18815.0,보증금,18083.2,14375.0,20000.0,7.60924,0.62934,591.094,28.8,21.6,40.2,18815.0,0.0
조원동,관악구,행정동,37.48338199007346,126.90652023792421,오피스텔,전세,22,보통,해당지역,18950.0,보증금,18152.3,11987.5,19950.0,7.59174,0.70438,995.845,18.4,18.0,19.2,18950.0,0.0
중앙동,관악구,행정동,37.48310549986387,126.95083994357185,단독다가구,매매,35,높음,법정동,100000.0,매매가,111100.0,81750.0,120000.0,9.94867,0.32789,796.432,126.6,58.2,238.3,,
중앙동,관악구,행정동,37.48310549986387,126.95083994357185,아파트,매매,47,높음,해당지역,39700.0,매매가,43126.6,36200.0,44650.0,7.74939,0.79996,1205.625,33.3,29.8,36.6,,
중앙동,관악구,행정동,37.48310549986387,126.95083994357185,연립다세대,매매,34,높음,해당지역,34250.0,매매가,33894.1,30000.0,41800.0,8.60342,0.47075,662.85,50.9,34.3,62.9,,
중앙동,관악구,행정동,37.48310549986387,126.95083994357185,오피스텔,매매,29,보통,해당지역,14350.0,매매가,15545.7,11000.0,18300.0,6.0248,1.09796,620.767,24.3,17.7,26.7,,
중앙동,관악구,행정동,37.48310549986387,126.95083994357185,단독다가구,월세,3610,높음,법정동,62.3,월환산,66.0,49.3,77.1,2.94546,0.36774,2.702,20.0,18.0,33.0,1000.0,50.0
중앙동,관악구,행정동,37.48310549986387,126.95083994357185,아파트,월세,80,높음,해당지역,76.5,월환산,89.4,70.5,95.6,2.25318,0.72736,4.288,19.6,15.7,22.2,3000.0,64.5
중앙동,관악구,행정동,37.48310549986387,126.95083994357185,연립다세대,월세,114,높음,해당지역,98.9,월환산,100.3,77.4,129.6,3.85358,0.20978,3.937,27.8,15.3,41.2,5000.0,54.5
중앙동,관악구,행정동,37.48310549986387,126.95083994357185,오피스텔,월세,261,높음,해당지역,79.6,월환산,84.7,62.3,97.3,2.22967,0.68875,3.408,21.4,17.4,25.5,2000.0,60.0
중앙동,관악구,행정동,37.48310549986387,126.95083994357185,단독다가구,전세,457,높음,법정동,13000.0,보증금,14607.3,9500.0,19000.0,7.82457,0.47219,426.439,30.0,20.0,43.5,13000.0,0.0
중앙동,관악구,행정동,37.48310549986387,126.95083994357185,아파트,전세,25,보통,해당지역,27800.0,보증금,36276.0,16500.0,50000.0,7.48655,0.76806,719.786,28.6,19.6,83.4,27800.0,0.0
중앙동,관악구,행정동,37.48310549986387,126.95083994357185,연립다세대,전세,25,보통,해당지역,24300.0,보증금,23101.2,20000.0,30000.0,9.66895,0.06283,652.716,29.8,28.1,53.0,24300.0,0.0
중앙동,관악구,행정동,37.48310549986387,126.95083994357185,오피스텔,전세,18,보통,해당지역,20000.0,보증금,18388.9,13500.0,23000.0,,,917.599,21.8,17.4,23.7,20000.0,0.0
청룡동,관악구,행정동,37.47967994023849,126.94783271228184,단독다가구,매매,35,높음,법정동,100000.0,매매가,111100.0,81750.0,120000.0,9.94867,0.32789,796.432,126.6,58.2,238.3,,
청룡동,관악구,행정동,37.47967994023849,126.94783271228184,아파트,매매,148,높음,해당지역,121000.0,매매가,104756.4,73750.0,144775.0,6.28732,1.22208,1440.631,83.5,59.9,84.9,,
청룡동,관악구,행정동,37.47967994023849,126.94783271228184,연립다세대,매매,39,높음,해당지역,29500.0,매매가,32161.5,22000.0,40300.0,8.16404,0.55663,607.903,52.6,40.1,64.2,,
청룡동,관악구,행정동,37.47967994023849,126.94783271228184,오피스텔,매매,91,높음,해당지역,12000.0,매매가,12998.9,9595.0,15700.0,7.41682,0.68185,753.708,20.2,13.1,23.4,,
청룡동,관악구,행정동,37.47967994023849,126.94783271228184,단독다가구,월세,3610,높음,법정동,62.3,월환산,66.0,49.3,77.1,2.94546,0.36774,2.702,20.0,18.0,33.0,1000.0,50.0
청룡동,관악구,행정동,37.47967994023849,126.94783271228184,아파트,월세,378,높음,해당지역,107.9,월환산,138.5,76.9,169.1,2.8176,0.58968,4.584,19.2,15.2,59.9,5000.0,80.0
청룡동,관악구,행정동,37.47967994023849,126.94783271228184,연립다세대,월세,173,높음,해당지역,88.2,월환산,97.1,76.3,115.8,3.99748,0.16662,4.457,23.2,13.3,36.0,5000.0,55.0
청룡동,관악구,행정동,37.47967994023849,126.94783271228184,오피스텔,월세,558,높음,해당지역,68.1,월환산,71.4,59.6,81.8,3.64739,0.19885,3.477,18.8,16.8,21.1,1000.0,55.0
청룡동,관악구,행정동,37.47967994023849,126.94783271228184,단독다가구,전세,457,높음,법정동,13000.0,보증금,14607.3,9500.0,19000.0,7.82457,0.47219,426.439,30.0,20.0,43.5,13000.0,0.0
청룡동,관악구,행정동,37.47967994023849,126.94783271228184,아파트,전세,147,높음,해당지역,68000.0,보증금,65425.8,55062.5,75000.0,7.37445,0.85754,877.713,84.3,59.9,84.9,68000.0,0.0
청룡동,관악구,행정동,37.47967994023849,126.94783271228184,연립다세대,전세,41,높음,해당지역,19500.0,보증금,21228.8,16500.0,27000.0,9.41855,0.14162,818.452,32.4,18.5,53.4,19500.0,0.0
청룡동,관악구,행정동,37.47967994023849,126.94783271228184,오피스텔,전세,43,높음,해당지역,15000.0,보증금,14616.6,8500.0,17725.0,6.72206,0.93162,662.252,18.5,16.2,19.9,15000.0,0.0
청림동,관악구,행정동,37.489177667055245,126.95978274638584,단독다가구,매매,35,높음,법정동,100000.0,매매가,111100.0,81750.0,120000.0,9.94867,0.32789,796.432,126.6,58.2,238.3,,
청림동,관악구,행정동,37.489177667055245,126.95978274638584,아파트,매매,148,높음,해당지역,110250.0,매매가,107257.4,99000.0,117000.0,10.36939,0.28235,1526.76,59.6,59.6,84.8,,
청림동,관악구,행정동,37.489177667055245,126.95978274638584,연립다세대,매매,16,보통,해당지역,83500.0,매매가,75087.5,38975.0,100500.0,,,1745.26,41.9,30.0,50.8,,
청림동,관악구,행정동,37.489177667055245,126.95978274638584,오피스텔,매매,156,높음,법정동,14425.0,매매가,22033.8,9880.0,19625.0,6.35069,1.04792,752.495,21.4,17.2,27.4,,
청림동,관악구,행정동,37.489177667055245,126.95978274638584,단독다가구,월세,3610,높음,법정동,62.3,월환산,66.0,49.3,77.1,2.94546,0.36774,2.702,20.0,18.0,33.0,1000.0,50.0
청림동,관악구,행정동,37.489177667055245,126.95978274638584,아파트,월세,105,높음,해당지역,213.6,월환산,211.9,187.5,237.5,3.16962,0.51264,3.016,59.6,59.6,84.8,16000.0,125.0
청림동,관악구,행정동,37.489177667055245,126.95978274638584,연립다세대,월세,16,보통,해당지역,60.6,월환산,74.3,47.6,94.1,,,2.303,34.1,25.5,39.5,1000.0,43.5
청림동,관악구,행정동,37.489177667055245,126.95978274638584,오피스텔,월세,1297,높음,법정동,74.6,월환산,79.6,61.6,91.0,3.07832,0.41518,3.624,18.9,16.9,23.1,3000.0,55.0
청림동,관악구,행정동,37.489177667055245,126.95978274638584,단독다가구,전세,457,높음,법정동,13000.0,보증금,14607.3,9500.0,19000.0,7.82457,0.47219,426.439,30.0,20.0,43.5,13000.0,0.0
청림동,관악구,행정동,37.489177667055245,126.95978274638584,아파트,전세,188,높음,해당지역,49000.0,보증금,50092.7,43875.0,55000.0,8.91056,0.4462,716.846,59.6,59.6,84.7,49000.0,0.0
청림동,관악구,행정동,37.489177667055245,126.95978274638584,연립다세대,전세,14,보통,해당지역,21750.0,보증금,20464.3,17125.0,26125.0,,,392.901,43.1,30.1,56.2,21750.0,0.0
청림동,관악구,행정동,37.489177667055245,126.95978274638584,오피스텔,전세,165,높음,법정동,19300.0,보증금,20307.2,12000.0,26000.0,6.98993,0.90398,925.436,20.8,17.6,24.9,19300.0,0.0
행운동,관악구,행정동,37.48128743929042,126.95917427545521,단독다가구,매매,35,높음,법정동,100000.0,매매가,111100.0,81750.0,120000.0,9.94867,0.32789,796.432,126.6,58.2,238.3,,
행운동,관악구,행정동,37.48128743929042,126.95917427545521,아파트,매매,116,높음,해당지역,100150.0,매매가,97053.4,85750.0,112500.0,8.9818,0.57102,1282.957,84.6,59.8,85.0,,
행운동,관악구,행정동,37.48128743929042,126.95917427545521,연립다세대,매매,107,높음,해당지역,24500.0,매매가,26223.4,18500.0,31250.0,7.89865,0.58482,555.556,45.8,35.5,53.2,,
행운동,관악구,행정동,37.48128743929042,126.95917427545521,오피스텔,매매,156,높음,법정동,14425.0,매매가,22033.8,9880.0,19625.0,6.35069,1.04792,752.495,21.4,17.2,27.4,,
행운동,관악구,행정동,37.48128743929042,126.95917427545521,단독다가구,월세,3610,높음,법정동,62.3,월환산,66.0,49.3,77.1,2.94546,0.36774,2.702,20.0,18.0,33.0,1000.0,50.0
행운동,관악구,행정동,37.48128743929042,126.95917427545521,아파트,월세,64,높음,해당지역,201.7,월환산,195.8,144.0,243.0,2.19545,0.72434,2.954,59.9,59.7,85.0,15375.0,101.0
행운동,관악구,행정동,37.48128743929042,126.95917427545521,연립다세대,월세,202,높음,해당지역,89.0,월환산,90.9,56.9,122.9,3.19795,0.34342,2.513,32.0,17.1,49.6,5000.0,44.0
행운동,관악구,행정동,37.48128743929042,126.95917427545521,오피스텔,월세,171,높음,해당지역,95.5,월환산,93.2,69.6,106.7,2.37856,0.71996,5.286,17.6,16.2,21.4,5000.0,50.0
행운동,관악구,행정동,37.48128743929042,126.95917427545521,단독다가구,전세,457,높음,법정동,13000.0,보증금,14607.3,9500.0,19000.0,7.82457,0.47219,426.439,30.0,20.0,43.5,13000.0,0.0
행운동,관악구,행정동,37.48128743929042,126.95917427545521,아파트,전세,103,높음,해당지역,53000.0,보증금,53545.4,45575.0,60000.0,8.29623,0.59439,703.047,85.0,59.8,85.0,53000.0,0.0
행운동,관악구,행정동,37.48128743929042,126.95917427545521,연립다세대,전세,40,높음,해당지역,21000.0,보증금,22622.0,18900.0,27206.2,8.62407,0.35922,524.714,41.6,29.9,51.4,21000.0,0.0
행운동,관악구,행정동,37.48128743929042,126.95917427545521,오피스텔,전세,58,높음,해당지역,27000.0,보증금,27020.3,24250.0,29200.0,7.66287,0.7879,1127.608,24.1,22.0,24.9,27000.0,0.0
광장동,광진구,행정동,37.5440892004213,127.10210826817084,단독다가구,매매,205,높음,자치구,135000.0,매매가,152697.6,100000.0,188000.0,9.46628,0.45309,689.193,182.5,139.5,247.1,,
광장동,광진구,행정동,37.5440892004213,127.10210826817084,아파트,매매,108,높음,해당지역,188250.0,매매가,191901.3,160000.0,223125.0,10.32171,0.41522,2523.287,84.6,60.0,84.9,,
광장동,광진구,행정동,37.5440892004213,127.10210826817084,연립다세대,매매,27,보통,해당지역,63000.0,매매가,63229.6,42800.0,69750.0,7.55981,0.83623,1049.909,63.0,43.3,66.9,,
광장동,광진구,행정동,37.5440892004213,127.10210826817084,오피스텔,매매,11,보통,해당지역,18000.0,매매가,27418.2,16500.0,38500.0,,,728.45,27.8,25.3,41.1,,
광장동,광진구,행정동,37.5440892004213,127.10210826817084,단독다가구,월세,45,높음,해당지역,69.6,월환산,77.5,51.6,101.3,2.40517,0.51791,2.109,33.0,25.0,43.0,2000.0,50.0
광장동,광진구,행정동,37.5440892004213,127.10210826817084,아파트,월세,187,높음,해당지역,329.2,월환산,500.5,271.7,407.9,-0.69456,1.49855,4.314,84.6,60.0,85.0,40000.0,150.0
광장동,광진구,행정동,37.5440892004213,127.10210826817084,연립다세대,월세,33,높음,해당지역,101.9,월환산,110.6,69.6,143.8,1.38851,0.84302,2.269,48.8,30.9,57.5,6000.0,48.0
광장동,광진구,행정동,37.5440892004213,127.10210826817084,오피스텔,월세,21,보통,해당지역,67.6,월환산,78.4,64.6,69.6,0.73192,1.05486,2.479,27.8,24.7,30.4,1000.0,65.0
광장동,광진구,행정동,37.5440892004213,127.10210826817084,단독다가구,전세,27,보통,해당지역,16000.0,보증금,18590.9,13000.0,23090.0,7.01782,0.76229,454.545,33.9,29.9,41.3,16000.0,0.0
광장동,광진구,행정동,37.5440892004213,127.10210826817084,아파트,전세,339,높음,해당지역,73867.0,보증금,79194.2,63000.0,87000.0,8.67038,0.58054,928.664,84.6,65.8,85.0,73867.0,0.0
광장동,광진구,행정동,37.5440892004213,127.10210826817084,연립다세대,전세,39,높음,해당지역,30000.0,보증금,44372.6,24650.0,52500.0,7.06934,0.79797,438.853,65.7,59.9,91.5,30000.0,0.0
광장동,광진구,행정동,37.5440892004213,127.10210826817084,오피스텔,전세,193,높음,자치구,21000.0,보증금,25469.9,17000.0,25800.0,7.58466,0.75028,921.187,20.9,17.6,30.2,21000.0,0.0
구의1동,광진구,행정동,37.54049584607774,127.0853197796741,단독다가구,매매,46,높음,법정동,159013.5,매매가,162559.6,120875.0,197875.0,9.58104,0.44492,727.002,205.4,139.6,238.4,,
구의1동,광진구,행정동,37.54049584607774,127.0853197796741,아파트,매매,37,높음,해당지역,192000.0,매매가,149462.2,55000.0,210000.0,6.42179,1.24753,2253.055,85.0,64.8,85.0,,
구의1동,광진구,행정동,37.54049584607774,127.0853197796741,연립다세대,매매,132,높음,해당지역,41000.0,매매가,43404.2,30000.0,53250.0,8.55364,0.55549,1125.485,44.5,27.6,55.9,,
구의1동,광진구,행정동,37.54049584607774,127.0853197796741,오피스텔,매매,16,보통,해당지역,19835.0,매매가,23429.4,16950.0,25175.0,,,694.658,32.2,26.5,33.8,,
구의1동,광진구,행정동,37.54049584607774,127.0853197796741,단독다가구,월세,976,높음,법정동,69.6,월환산,76.1,54.6,89.6,2.16356,0.60001,2.173,34.5,24.0,42.9,2000.0,55.0
구의1동,광진구,행정동,37.54049584607774,127.0853197796741,아파트,월세,256,높음,해당지역,84.6,월환산,140.2,83.4,131.7,1.21788,1.05108,4.243,19.7,19.7,39.5,8200.0,52.0
구의1동,광진구,행정동,37.54049584607774,127.0853197796741,연립다세대,월세,354,높음,해당지역,99.0,월환산,100.2,74.8,122.4,3.49695,0.3062,3.303,29.2,22.1,39.8,8750.0,50.0
구의1동,광진구,행정동,37.54049584607774,127.0853197796741,오피스텔,월세,204,높음,해당지역,84.6,월환산,88.8,78.0,94.6,3.44053,0.31381,3.405,25.4,20.9,32.2,1000.0,76.5
구의1동,광진구,행정동,37.54049584607774,127.0853197796741,단독다가구,전세,189,높음,법정동,16000.0,보증금,17479.2,11000.0,21000.0,6.86527,0.75147,410.624,41.6,32.6,52.0,16000.0,0.0
구의1동,광진구,행정동,37.54049584607774,127.0853197796741,아파트,전세,67,높음,해당지역,110000.0,보증금,110494.4,102950.0,124975.0,7.18131,0.97248,1212.178,85.0,85.0,115.9,110000.0,0.0
구의1동,광진구,행정동,37.54049584607774,127.0853197796741,연립다세대,전세,119,높음,해당지역,25000.0,보증금,26063.6,20400.0,31250.0,8.85646,0.34516,645.989,37.0,28.6,52.5,25000.0,0.0
구의1동,광진구,행정동,37.54049584607774,127.0853197796741,오피스텔,전세,28,보통,해당지역,20975.0,보증금,23726.4,18902.5,27250.0,7.98129,0.61173,872.412,22.3,20.9,38.6,20975.0,0.0
구의2동,광진구,행정동,37.54984504783965,127.0917051221726,단독다가구,매매,46,높음,법정동,159013.5,매매가,162559.6,120875.0,197875.0,9.58104,0.44492,727.002,205.4,139.6,238.4,,
구의2동,광진구,행정동,37.54984504783965,127.0917051221726,아파트,매매,42,높음,해당지역,114750.0,매매가,119041.7,73500.0,166125.0,8.5472,0.71663,1583.427,60.2,59.8,84.7,,
구의2동,광진구,행정동,37.54984504783965,127.0917051221726,연립다세대,매매,216,높음,해당지역,41250.0,매매가,44058.6,33500.0,55625.0,9.43868,0.30935,923.918,49.1,36.0,61.2,,
구의2동,광진구,행정동,37.54984504783965,127.0917051221726,오피스텔,매매,33,높음,법정동,22500.0,매매가,23503.6,17500.0,29000.0,7.30037,0.79379,710.059,32.2,25.7,34.0,,
구의2동,광진구,행정동,37.54984504783965,127.0917051221726,단독다가구,월세,976,높음,법정동,69.6,월환산,76.1,54.6,89.6,2.16356,0.60001,2.173,34.5,24.0,42.9,2000.0,55.0
구의2동,광진구,행정동,37.54984504783965,127.0917051221726,아파트,월세,35,높음,해당지역,347.6,월환산,296.9,197.9,412.3,0.88507,1.14797,4.756,61.0,59.8,85.0,31000.0,100.0
구의2동,광진구,행정동,37.54984504783965,127.0917051221726,연립다세대,월세,176,높음,해당지역,112.7,월환산,113.0,84.5,143.1,3.27552,0.37102,2.708,40.0,28.6,53.9,12000.0,40.0
구의2동,광진구,행정동,37.54984504783965,127.0917051221726,오피스텔,월세,18,보통,해당지역,97.1,월환산,98.1,80.3,125.2,,,3.958,24.9,24.2,27.0,1050.0,92.5
구의2동,광진구,행정동,37.54984504783965,127.0917051221726,단독다가구,전세,189,높음,법정동,16000.0,보증금,17479.2,11000.0,21000.0,6.86527,0.75147,410.624,41.6,32.6,52.0,16000.0,0.0
구의2동,광진구,행정동,37.54984504783965,127.0917051221726,아파트,전세,57,높음,해당지역,80000.0,보증금,76171.0,58344.0,95000.0,6.31832,1.13123,1112.026,74.2,60.0,85.0,80000.0,0.0
구의2동,광진구,행정동,37.54984504783965,127.0917051221726,연립다세대,전세,161,높음,해당지역,24000.0,보증금,24786.5,20000.0,30000.0,9.0423,0.27204,600.0,41.5,29.4,56.9,24000.0,0.0
구의2동,광진구,행정동,37.54984504783965,127.0917051221726,오피스텔,전세,33,높음,법정동,20950.0,보증금,23186.4,18940.0,27000.0,8.06759,0.578,800.356,26.8,20.9,37.6,20950.0,0.0
구의3동,광진구,행정동,37.5384359471308,127.0935192188397,단독다가구,매매,46,높음,법정동,159013.5,매매가,162559.6,120875.0,197875.0,9.58104,0.44492,727.002,205.4,139.6,238.4,,
구의3동,광진구,행정동,37.5384359471308,127.0935192188397,아파트,매매,113,높음,해당지역,172000.0,매매가,167784.5,134000.0,208000.0,8.56174,0.78358,2234.451,84.8,59.8,85.0,,
구의3동,광진구,행정동,37.5384359471308,127.0935192188397,연립다세대,매매,79,높음,해당지역,48750.0,매매가,53642.4,39900.0,67750.0,9.20244,0.42172,1157.512,49.0,30.0,62.6,,
구의3동,광진구,행정동,37.5384359471308,127.0935192188397,오피스텔,매매,14,보통,해당지역,24000.0,매매가,23582.1,21000.0,29950.0,,,688.843,33.1,28.2,34.0,,
구의3동,광진구,행정동,37.5384359471308,127.0935192188397,단독다가구,월세,976,높음,법정동,69.6,월환산,76.1,54.6,89.6,2.16356,0.60001,2.173,34.5,24.0,42.9,2000.0,55.0
구의3동,광진구,행정동,37.5384359471308,127.0935192188397,아파트,월세,163,높음,해당지역,277.8,월환산,274.8,225.8,337.5,1.66232,0.92123,3.932,84.8,59.8,84.9,25000.0,145.0
구의3동,광진구,행정동,37.5384359471308,127.0935192188397,연립다세대,월세,183,높음,해당지역,99.9,월환산,101.4,68.6,124.3,2.76906,0.52359,3.344,28.3,20.9,42.9,10000.0,43.0
구의3동,광진구,행정동,37.5384359471308,127.0935192188397,오피스텔,월세,62,높음,해당지역,84.6,월환산,87.3,74.6,97.4,2.05273,0.70181,2.768,28.4,26.8,34.0,2000.0,70.0
구의3동,광진구,행정동,37.5384359471308,127.0935192188397,단독다가구,전세,189,높음,법정동,16000.0,보증금,17479.2,11000.0,21000.0,6.86527,0.75147,410.624,41.6,32.6,52.0,16000.0,0.0
구의3동,광진구,행정동,37.5384359471308,127.0935192188397,아파트,전세,165,높음,해당지역,70000.0,보증금,74940.2,63000.0,84000.0,7.89173,0.75169,918.512,84.8,59.8,84.9,70000.0,0.0
구의3동,광진구,행정동,37.5384359471308,127.0935192188397,연립다세대,전세,81,높음,해당지역,27000.0,보증금,29510.4,23000.0,34000.0,7.91855,0.61508,617.678,41.8,29.3,55.1,27000.0,0.0
구의3동,광진구,행정동,37.5384359471308,127.0935192188397,오피스텔,전세,33,높음,법정동,20950.0,보증금,23186.4,18940.0,27000.0,8.06759,0.578,800.356,26.8,20.9,37.6,20950.0,0.0
군자동,광진구,행정동,37.55356344207261,127.07380186933463,단독다가구,매매,15,보통,해당지역,86000.0,매매가,104426.7,71000.0,112000.0,,,567.537,149.5,115.2,210.9,,
군자동,광진구,행정동,37.55356344207261,127.07380186933463,아파트,매매,21,보통,해당지역,96000.0,매매가,91347.6,81500.0,101500.0,8.0928,0.76606,1263.335,84.3,60.0,85.0,,
군자동,광진구,행정동,37.55356344207261,127.07380186933463,연립다세대,매매,55,높음,해당지역,47000.0,매매가,45862.7,34000.0,58250.0,9.33288,0.34832,948.276,50.2,39.7,60.7,,
군자동,광진구,행정동,37.55356344207261,127.07380186933463,오피스텔,매매,11,보통,해당지역,20000.0,매매가,20818.2,19750.0,20550.0,,,1138.122,18.1,17.3,18.1,,
군자동,광진구,행정동,37.55356344207261,127.07380186933463,단독다가구,월세,726,높음,해당지역,64.6,월환산,68.3,52.3,77.3,2.84345,0.40876,2.615,22.0,19.8,31.1,1000.0,55.0
군자동,광진구,행정동,37.55356344207261,127.07380186933463,아파트,월세,12,보통,해당지역,121.1,월환산,177.7,102.0,257.8,,,4.862,17.8,17.8,85.0,17350.0,77.0
군자동,광진구,행정동,37.55356344207261,127.07380186933463,연립다세대,월세,179,높음,해당지역,93.8,월환산,92.8,63.8,118.1,3.8165,0.19802,3.443,26.5,16.1,37.8,4000.0,55.0
군자동,광진구,행정동,37.55356344207261,127.07380186933463,오피스텔,월세,120,높음,해당지역,99.2,월환산,98.7,93.8,104.6,4.61455,-0.009,5.746,17.2,15.6,18.1,2000.0,85.0
군자동,광진구,행정동,37.55356344207261,127.07380186933463,단독다가구,전세,74,높음,해당지역,14000.0,보증금,15574.0,10125.0,20000.0,7.1102,0.69132,399.477,34.8,22.1,49.7,14000.0,0.0
군자동,광진구,행정동,37.55356344207261,127.07380186933463,아파트,전세,13,보통,해당지역,45000.0,보증금,49326.9,42000.0,50000.0,,,667.111,79.4,60.0,85.0,45000.0,0.0
군자동,광진구,행정동,37.55356344207261,127.07380186933463,연립다세대,전세,92,높음,해당지역,27250.0,보증금,24881.4,20000.0,29550.0,9.36427,0.19476,869.25,30.0,26.6,46.3,27250.0,0.0
군자동,광진구,행정동,37.55356344207261,127.07380186933463,오피스텔,전세,10,보통,해당지역,19800.0,보증금,22198.0,18662.5,27000.0,,,1066.044,17.2,17.2,26.8,19800.0,0.0
능동,광진구,행정동,37.553929711293655,127.08277733882042,단독다가구,매매,25,보통,해당지역,163000.0,매매가,195024.0,120000.0,273600.0,8.91658,0.59938,880.374,193.3,158.3,296.9,,
능동,광진구,행정동,37.553929711293655,127.08277733882042,아파트,매매,619,높음,자치구,150000.0,매매가,146511.3,92250.0,191000.0,7.04338,1.10481,1993.62,76.9,59.8,84.9,,
능동,광진구,행정동,37.553929711293655,127.08277733882042,연립다세대,매매,100,높음,해당지역,37425.0,매매가,43945.6,35787.5,54550.0,8.16721,0.72053,1431.664,28.8,25.4,36.0,,
능동,광진구,행정동,37.553929711293655,127.08277733882042,오피스텔,매매,179,높음,자치구,21000.0,매매가,27329.8,17650.0,29650.0,7.6776,0.75349,959.533,21.4,17.5,29.9,,
능동,광진구,행정동,37.553929711293655,127.08277733882042,단독다가구,월세,394,높음,해당지역,69.6,월환산,79.7,59.6,92.5,2.80929,0.444,2.675,26.0,21.0,40.0,2000.0,57.0
능동,광진구,행정동,37.553929711293655,127.08277733882042,아파트,월세,1289,높음,자치구,217.5,월환산,255.7,89.6,326.2,1.67407,0.93541,4.243,59.8,19.7,84.8,15000.0,79.0
능동,광진구,행정동,37.553929711293655,127.08277733882042,연립다세대,월세,175,높음,해당지역,96.8,월환산,107.8,69.3,135.7,2.83323,0.52693,3.711,28.2,19.6,40.0,10000.0,39.0
능동,광진구,행정동,37.553929711293655,127.08277733882042,오피스텔,월세,22,보통,해당지역,96.6,월환산,97.7,86.7,106.9,4.19827,0.1163,3.77,23.5,21.5,31.7,5500.0,68.5
능동,광진구,행정동,37.553929711293655,127.08277733882042,단독다가구,전세,83,높음,해당지역,15000.0,보증금,18120.3,9500.0,25000.0,7.35062,0.62911,465.116,36.5,24.5,54.6,15000.0,0.0
능동,광진구,행정동,37.553929711293655,127.08277733882042,아파트,전세,1185,높음,자치구,70000.0,보증금,75972.7,57750.0,89000.0,7.35865,0.87214,921.736,84.6,60.0,85.0,70000.0,0.0
능동,광진구,행정동,37.553929711293655,127.08277733882042,연립다세대,전세,91,높음,해당지역,27900.0,보증금,26305.1,22100.0,30000.0,8.73913,0.41731,972.37,27.9,23.9,31.0,27900.0,0.0
능동,광진구,행정동,37.553929711293655,127.08277733882042,오피스텔,전세,193,높음,자치구,21000.0,보증금,25469.9,17000.0,25800.0,7.58466,0.75028,921.187,20.9,17.6,30.2,21000.0,0.0
자양1동,광진구,행정동,37.535770709031105,127.08058844203917,단독다가구,매매,40,높음,법정동,177000.0,매매가,188753.5,140125.0,210000.0,10.57832,0.2963,984.48,152.1,119.4,210.4,,
자양1동,광진구,행정동,37.535770709031105,127.08058844203917,아파트,매매,17,보통,해당지역,110000.0,매매가,113752.9,90000.0,127000.0,,,1614.907,62.3,47.0,84.8,,
자양1동,광진구,행정동,37.535770709031105,127.08058844203917,연립다세대,매매,122,높음,해당지역,64000.0,매매가,65186.1,50250.0,80000.0,9.19955,0.5042,1660.676,38.3,28.4,51.9,,
자양1동,광진구,행정동,37.535770709031105,127.08058844203917,오피스텔,매매,17,보통,해당지역,25000.0,매매가,29076.5,22900.0,36800.0,,,944.534,30.2,24.0,42.4,,
자양1동,광진구,행정동,37.535770709031105,127.08058844203917,단독다가구,월세,1480,높음,법정동,64.6,월환산,71.9,51.9,84.6,2.54086,0.4863,2.291,30.0,20.0,40.0,1000.0,55.0
자양1동,광진구,행정동,37.535770709031105,127.08058844203917,아파트,월세,14,보통,해당지역,260.8,월환산,262.7,181.0,338.9,,,4.554,59.6,47.0,81.3,29950.0,90.5
자양1동,광진구,행정동,37.535770709031105,127.08058844203917,연립다세대,월세,206,높음,해당지역,105.8,월환산,111.0,73.1,141.8,3.1817,0.42766,3.584,29.6,20.3,41.2,9200.0,53.0
자양1동,광진구,행정동,37.535770709031105,127.08058844203917,오피스텔,월세,83,높음,해당지역,99.6,월환산,99.4,87.6,110.2,2.21417,0.71732,3.946,24.0,24.0,30.5,1000.0,80.0
자양1동,광진구,행정동,37.535770709031105,127.08058844203917,단독다가구,전세,254,높음,법정동,15000.0,보증금,16912.8,10000.0,21000.0,7.23812,0.63007,394.138,39.6,30.0,53.8,15000.0,0.0
자양1동,광진구,행정동,37.535770709031105,127.08058844203917,아파트,전세,19,보통,해당지역,75000.0,보증금,75757.9,63500.0,88500.0,,,1046.0,84.1,67.8,84.9,75000.0,0.0
자양1동,광진구,행정동,37.535770709031105,127.08058844203917,연립다세대,전세,222,높음,해당지역,27000.0,보증금,27611.3,22600.0,30750.0,8.70269,0.41428,849.423,31.6,27.4,48.7,27000.0,0.0
자양1동,광진구,행정동,37.535770709031105,127.08058844203917,오피스텔,전세,21,보통,해당지역,18400.0,보증금,18070.2,10000.0,25000.0,9.17892,0.15121,697.957,30.2,24.0,30.9,18400.0,0.0
자양2동,광진구,행정동,37.53113983331618,127.0828993350532,단독다가구,매매,40,높음,법정동,177000.0,매매가,188753.5,140125.0,210000.0,10.57832,0.2963,984.48,152.1,119.4,210.4,,
자양2동,광진구,행정동,37.53113983331618,127.0828993350532,아파트,매매,42,높음,해당지역,150000.0,매매가,160531.0,131750.0,169750.0,7.38831,1.02719,1934.913,84.0,63.8,84.9,,
자양2동,광진구,행정동,37.53113983331618,127.0828993350532,연립다세대,매매,145,높음,해당지역,85000.0,매매가,82357.8,60000.0,100000.0,9.65006,0.441,2105.963,40.1,29.0,53.0,,
자양2동,광진구,행정동,37.53113983331618,127.0828993350532,오피스텔,매매,41,높음,법정동,31000.0,매매가,43219.5,26400.0,38000.0,7.29613,0.93953,1426.8,24.0,21.4,36.4,,
자양2동,광진구,행정동,37.53113983331618,127.0828993350532,단독다가구,월세,1480,높음,법정동,64.6,월환산,71.9,51.9,84.6,2.54086,0.4863,2.291,30.0,20.0,40.0,1000.0,55.0
자양2동,광진구,행정동,37.53113983331618,127.0828993350532,아파트,월세,69,높음,해당지역,264.2,월환산,307.0,205.8,315.8,0.4176,1.19309,3.229,83.4,59.8,85.0,30000.0,80.0
자양2동,광진구,행정동,37.53113983331618,127.0828993350532,연립다세대,월세,170,높음,해당지역,113.8,월환산,112.0,76.6,138.9,3.72747,0.25524,2.993,32.6,27.9,47.2,10000.0,50.0
자양2동,광진구,행정동,37.53113983331618,127.0828993350532,오피스텔,월세,50,높음,해당지역,119.6,월환산,135.6,116.6,160.2,1.39884,1.05574,4.939,24.2,23.7,32.1,1000.0,115.0
자양2동,광진구,행정동,37.53113983331618,127.0828993350532,단독다가구,전세,254,높음,법정동,15000.0,보증금,16912.8,10000.0,21000.0,7.23812,0.63007,394.138,39.6,30.0,53.8,15000.0,0.0
자양2동,광진구,행정동,37.53113983331618,127.0828993350532,아파트,전세,106,높음,해당지역,60000.0,보증금,70110.2,52125.0,69750.0,7.19517,0.87666,765.607,84.6,61.3,84.9,60000.0,0.0
자양2동,광진구,행정동,37.53113983331618,127.0828993350532,연립다세대,전세,280,높음,해당지역,29500.0,보증금,29410.5,23000.0,35000.0,8.89133,0.36775,736.22,37.9,29.5,51.7,29500.0,0.0
자양2동,광진구,행정동,37.53113983331618,127.0828993350532,오피스텔,전세,53,높음,법정동,25350.0,보증금,36976.3,20700.0,32000.0,7.25894,0.84799,918.274,30.2,21.4,32.4,25350.0,0.0
자양3동,광진구,행정동,37.53459423335071,127.07266457830477,단독다가구,매매,40,높음,법정동,177000.0,매매가,188753.5,140125.0,210000.0,10.57832,0.2963,984.48,152.1,119.4,210.4,,
자양3동,광진구,행정동,37.53459423335071,127.07266457830477,아파트,매매,113,높음,해당지역,165000.0,매매가,179801.1,149000.0,205000.0,9.05969,0.68368,2178.264,79.8,59.9,85.0,,
자양3동,광진구,행정동,37.53459423335071,127.07266457830477,연립다세대,매매,34,높음,해당지역,93000.0,매매가,88283.5,67200.0,109500.0,11.3222,0.00181,3082.883,29.9,23.3,44.3,,
자양3동,광진구,행정동,37.53459423335071,127.07266457830477,오피스텔,매매,41,높음,법정동,31000.0,매매가,43219.5,26400.0,38000.0,7.29613,0.93953,1426.8,24.0,21.4,36.4,,
자양3동,광진구,행정동,37.53459423335071,127.07266457830477,단독다가구,월세,1480,높음,법정동,64.6,월환산,71.9,51.9,84.6,2.54086,0.4863,2.291,30.0,20.0,40.0,1000.0,55.0
자양3동,광진구,행정동,37.53459423335071,127.07266457830477,아파트,월세,201,높음,해당지역,296.7,월환산,344.5,230.7,401.7,0.31879,1.24455,4.117,84.6,59.9,85.0,30000.0,150.0
자양3동,광진구,행정동,37.53459423335071,127.07266457830477,연립다세대,월세,62,높음,해당지역,105.0,월환산,113.1,80.8,138.9,4.04285,0.16964,3.588,30.0,26.8,46.6,5250.0,60.5
자양3동,광진구,행정동,37.53459423335071,127.07266457830477,오피스텔,월세,176,높음,법정동,116.6,월환산,147.9,99.6,153.3,1.43787,1.01784,4.653,24.0,23.7,32.1,2000.0,103.0
자양3동,광진구,행정동,37.53459423335071,127.07266457830477,단독다가구,전세,254,높음,법정동,15000.0,보증금,16912.8,10000.0,21000.0,7.23812,0.63007,394.138,39.6,30.0,53.8,15000.0,0.0
자양3동,광진구,행정동,37.53459423335071,127.07266457830477,아파트,전세,284,높음,해당지역,66325.0,보증금,76925.7,53000.0,89250.0,6.36494,1.09537,904.073,80.5,59.9,85.0,66325.0,0.0
자양3동,광진구,행정동,37.53459423335071,127.07266457830477,연립다세대,전세,66,높음,해당지역,25000.0,보증금,26051.4,20577.5,29000.0,9.90247,0.05643,805.74,40.8,27.2,50.4,25000.0,0.0
자양3동,광진구,행정동,37.53459423335071,127.07266457830477,오피스텔,전세,53,높음,법정동,25350.0,보증금,36976.3,20700.0,32000.0,7.25894,0.84799,918.274,30.2,21.4,32.4,25350.0,0.0
자양4동,광진구,행정동,37.536687128427985,127.06553033656708,단독다가구,매매,40,높음,법정동,177000.0,매매가,188753.5,140125.0,210000.0,10.57832,0.2963,984.48,152.1,119.4,210.4,,
자양4동,광진구,행정동,37.536687128427985,127.06553033656708,아파트,매매,27,보통,해당지역,136000.0,매매가,138401.9,118750.0,149000.0,9.22348,0.62769,2300.974,59.5,40.3,84.0,,
자양4동,광진구,행정동,37.536687128427985,127.06553033656708,연립다세대,매매,93,높음,해당지역,120000.0,매매가,111213.4,58100.0,155000.0,9.77068,0.50006,3446.034,26.8,16.8,44.7,,
자양4동,광진구,행정동,37.536687128427985,127.06553033656708,오피스텔,매매,20,보통,해당지역,31000.0,매매가,46620.0,30500.0,47625.0,6.66462,1.22723,1594.979,21.4,18.9,29.9,,
자양4동,광진구,행정동,37.536687128427985,127.06553033656708,단독다가구,월세,1480,높음,법정동,64.6,월환산,71.9,51.9,84.6,2.54086,0.4863,2.291,30.0,20.0,40.0,1000.0,55.0
자양4동,광진구,행정동,37.536687128427985,127.06553033656708,아파트,월세,83,높음,해당지역,274.6,월환산,256.2,195.3,311.0,2.63534,0.7093,4.36,59.5,40.3,84.5,20000.0,116.0
자양4동,광진구,행정동,37.536687128427985,127.06553033656708,연립다세대,월세,155,높음,해당지역,109.2,월환산,109.5,69.6,147.8,3.12721,0.45617,4.053,25.6,18.7,29.9,2000.0,70.0
자양4동,광진구,행정동,37.536687128427985,127.06553033656708,오피스텔,월세,37,높음,해당지역,139.2,월환산,240.2,122.9,412.9,1.54238,1.10046,6.753,21.4,18.7,58.8,3000.0,130.0
자양4동,광진구,행정동,37.536687128427985,127.06553033656708,단독다가구,전세,254,높음,법정동,15000.0,보증금,16912.8,10000.0,21000.0,7.23812,0.63007,394.138,39.6,30.0,53.8,15000.0,0.0
자양4동,광진구,행정동,37.536687128427985,127.06553033656708,아파트,전세,80,높음,해당지역,68000.0,보증금,71215.4,62000.0,79125.0,9.74914,0.33097,933.587,84.0,59.1,84.7,68000.0,0.0
자양4동,광진구,행정동,37.536687128427985,127.06553033656708,연립다세대,전세,199,높음,해당지역,26040.0,보증금,24747.3,20000.0,30000.0,8.36738,0.5162,941.81,28.3,22.5,29.9,26040.0,0.0
자양4동,광진구,행정동,37.536687128427985,127.06553033656708,오피스텔,전세,17,보통,해당지역,25200.0,보증금,30067.6,23150.0,27000.0,,,1336.005,18.7,18.6,21.4,25200.0,0.0
중곡1동,광진구,행정동,37.56076077036906,127.07832874794309,단독다가구,매매,57,높음,법정동,100000.0,매매가,109832.5,78000.0,136000.0,8.21344,0.63298,496.597,197.9,146.5,259.6,,
중곡1동,광진구,행정동,37.56076077036906,127.07832874794309,아파트,매매,61,높음,법정동,60000.0,매매가,60959.8,52000.0,67800.0,7.75873,0.7803,952.381,58.4,55.1,73.4,,
중곡1동,광진구,행정동,37.56076077036906,127.07832874794309,연립다세대,매매,154,높음,해당지역,44000.0,매매가,44462.8,35000.0,53000.0,8.90998,0.4829,1214.368,38.8,29.8,47.0,,
중곡1동,광진구,행정동,37.56076077036906,127.07832874794309,오피스텔,매매,16,보통,해당지역,17500.0,매매가,17412.5,15587.5,18675.0,,,1098.556,16.1,15.9,17.4,,
중곡1동,광진구,행정동,37.56076077036906,127.07832874794309,단독다가구,월세,1348,높음,법정동,65.1,월환산,71.0,49.2,88.8,2.42965,0.49259,1.913,35.0,26.0,45.0,2000.0,50.0
중곡1동,광진구,행정동,37.56076077036906,127.07832874794309,아파트,월세,17,보통,해당지역,114.5,월환산,119.7,75.1,129.2,,,3.815,30.2,16.3,64.3,9200.0,50.0
중곡1동,광진구,행정동,37.56076077036906,127.07832874794309,연립다세대,월세,190,높음,해당지역,92.9,월환산,91.4,56.6,120.3,3.18713,0.35816,2.959,29.8,21.2,42.4,5905.0,44.5
중곡1동,광진구,행정동,37.56076077036906,127.07832874794309,오피스텔,월세,102,높음,해당지역,91.7,월환산,90.9,86.6,94.6,4.7543,-0.08683,5.597,16.0,15.9,16.4,1000.0,83.0
중곡1동,광진구,행정동,37.56076077036906,127.07832874794309,단독다가구,전세,328,높음,법정동,16250.0,보증금,17150.5,10750.0,23000.0,6.38875,0.85606,368.141,43.0,33.2,57.7,16250.0,0.0
중곡1동,광진구,행정동,37.56076077036906,127.07832874794309,아파트,전세,21,보통,법정동,43000.0,보증금,36336.7,18000.0,50000.0,7.07043,0.8075,577.118,78.8,55.9,84.7,43000.0,0.0
중곡1동,광진구,행정동,37.56076077036906,127.07832874794309,연립다세대,전세,126,높음,해당지역,26500.0,보증금,26680.7,22012.5,30000.0,8.96339,0.32735,789.443,34.8,29.4,44.1,26500.0,0.0
중곡1동,광진구,행정동,37.56076077036906,127.07832874794309,오피스텔,전세,25,보통,법정동,19000.0,보증금,18293.6,11000.0,21000.0,6.82395,0.99595,956.923,16.4,14.8,19.1,19000.0,0.0
중곡2동,광진구,행정동,37.55839835701396,127.08415654147153,단독다가구,매매,57,높음,법정동,100000.0,매매가,109832.5,78000.0,136000.0,8.21344,0.63298,496.597,197.9,146.5,259.6,,
중곡2동,광진구,행정동,37.55839835701396,127.08415654147153,아파트,매매,61,높음,법정동,60000.0,매매가,60959.8,52000.0,67800.0,7.75873,0.7803,952.381,58.4,55.1,73.4,,
중곡2동,광진구,행정동,37.55839835701396,127.08415654147153,연립다세대,매매,197,높음,해당지역,36000.0,매매가,38734.1,31100.0,46000.0,8.84142,0.46383,1085.362,36.4,29.5,49.0,,
중곡2동,광진구,행정동,37.55839835701396,127.08415654147153,오피스텔,매매,22,보통,법정동,17875.0,매매가,17793.2,16100.0,19800.0,12.29093,-0.89069,1124.343,16.0,15.9,16.6,,
중곡2동,광진구,행정동,37.55839835701396,127.08415654147153,단독다가구,월세,1348,높음,법정동,65.1,월환산,71.0,49.2,88.8,2.42965,0.49259,1.913,35.0,26.0,45.0,2000.0,50.0
중곡2동,광진구,행정동,37.55839835701396,127.08415654147153,아파트,월세,14,보통,해당지역,63.9,월환산,78.2,53.9,73.6,,,4.099,14.0,12.4,18.0,5500.0,47.0
중곡2동,광진구,행정동,37.55839835701396,127.08415654147153,연립다세대,월세,155,높음,해당지역,103.8,월환산,106.0,79.3,127.7,3.2881,0.36793,3.283,32.2,25.5,45.8,11000.0,35.0
중곡2동,광진구,행정동,37.55839835701396,127.08415654147153,오피스텔,월세,71,높음,해당지역,78.8,월환산,71.2,52.4,88.5,6.99153,-0.9053,3.253,22.8,16.7,28.1,2890.0,45.0
중곡2동,광진구,행정동,37.55839835701396,127.08415654147153,단독다가구,전세,328,높음,법정동,16250.0,보증금,17150.5,10750.0,23000.0,6.38875,0.85606,368.141,43.0,33.2,57.7,16250.0,0.0
중곡2동,광진구,행정동,37.55839835701396,127.08415654147153,아파트,전세,21,보통,법정동,43000.0,보증금,36336.7,18000.0,50000.0,7.07043,0.8075,577.118,78.8,55.9,84.7,43000.0,0.0
중곡2동,광진구,행정동,37.55839835701396,127.08415654147153,연립다세대,전세,120,높음,해당지역,21443.0,보증금,22799.4,18000.0,27862.5,7.86789,0.61063,703.964,29.9,22.9,44.9,21443.0,0.0
중곡2동,광진구,행정동,37.55839835701396,127.08415654147153,오피스텔,전세,21,보통,해당지역,19000.0,보증금,16416.2,11000.0,21000.0,5.32909,1.52249,956.923,16.0,14.8,18.9,19000.0,0.0
중곡3동,광진구,행정동,37.567657753097734,127.08231513476905,단독다가구,매매,57,높음,법정동,100000.0,매매가,109832.5,78000.0,136000.0,8.21344,0.63298,496.597,197.9,146.5,259.6,,
중곡3동,광진구,행정동,37.567657753097734,127.08231513476905,아파트,매매,39,높음,해당지역,55000.0,매매가,56375.6,51400.0,61900.0,9.0948,0.45134,976.158,55.9,53.7,59.3,,
중곡3동,광진구,행정동,37.567657753097734,127.08231513476905,연립다세대,매매,122,높음,해당지역,38000.0,매매가,37925.8,30000.0,45500.0,8.9175,0.43371,1026.114,40.3,29.5,50.8,,
중곡3동,광진구,행정동,37.567657753097734,127.08231513476905,오피스텔,매매,22,보통,법정동,17875.0,매매가,17793.2,16100.0,19800.0,12.29093,-0.89069,1124.343,16.0,15.9,16.6,,
중곡3동,광진구,행정동,37.567657753097734,127.08231513476905,단독다가구,월세,1348,높음,법정동,65.1,월환산,71.0,49.2,88.8,2.42965,0.49259,1.913,35.0,26.0,45.0,2000.0,50.0
중곡3동,광진구,행정동,37.567657753097734,127.08231513476905,아파트,월세,97,높음,법정동,91.6,월환산,100.4,77.2,106.2,3.08577,0.45483,4.585,18.5,18.5,30.4,9600.0,50.0
중곡3동,광진구,행정동,37.567657753097734,127.08231513476905,연립다세대,월세,181,높음,해당지역,93.8,월환산,93.5,51.7,121.4,2.31025,0.58303,2.244,35.4,29.7,48.7,6930.0,36.0
중곡3동,광진구,행정동,37.567657753097734,127.08231513476905,오피스텔,월세,19,보통,해당지역,57.3,월환산,56.5,55.3,57.3,,,2.813,20.4,20.4,20.7,500.0,55.0
중곡3동,광진구,행정동,37.567657753097734,127.08231513476905,단독다가구,전세,328,높음,법정동,16250.0,보증금,17150.5,10750.0,23000.0,6.38875,0.85606,368.141,43.0,33.2,57.7,16250.0,0.0
중곡3동,광진구,행정동,37.567657753097734,127.08231513476905,아파트,전세,21,보통,법정동,43000.0,보증금,36336.7,18000.0,50000.0,7.07043,0.8075,577.118,78.8,55.9,84.7,43000.0,0.0
중곡3동,광진구,행정동,37.567657753097734,127.08231513476905,연립다세대,전세,83,높음,해당지역,24000.0,보증금,23650.3,18700.0,27150.0,8.71079,0.3754,766.024,29.9,27.5,42.0,24000.0,0.0
중곡3동,광진구,행정동,37.567657753097734,127.08231513476905,오피스텔,전세,25,보통,법정동,19000.0,보증금,18293.6,11000.0,21000.0,6.82395,0.99595,956.923,16.4,14.8,19.1,19000.0,0.0
중곡4동,광진구,행정동,37.55947331335782,127.09010167041909,단독다가구,매매,57,높음,법정동,100000.0,매매가,109832.5,78000.0,136000.0,8.21344,0.63298,496.597,197.9,146.5,259.6,,
중곡4동,광진구,행정동,37.55947331335782,127.09010167041909,아파트,매매,61,높음,법정동,60000.0,매매가,60959.8,52000.0,67800.0,7.75873,0.7803,952.381,58.4,55.1,73.4,,
중곡4동,광진구,행정동,37.55947331335782,127.09010167041909,연립다세대,매매,213,높음,해당지역,38000.0,매매가,40159.6,29000.0,48500.0,7.85777,0.68637,773.162,49.8,38.6,59.0,,
중곡4동,광진구,행정동,37.55947331335782,127.09010167041909,오피스텔,매매,22,보통,법정동,17875.0,매매가,17793.2,16100.0,19800.0,12.29093,-0.89069,1124.343,16.0,15.9,16.6,,
중곡4동,광진구,행정동,37.55947331335782,127.09010167041909,단독다가구,월세,1348,높음,법정동,65.1,월환산,71.0,49.2,88.8,2.42965,0.49259,1.913,35.0,26.0,45.0,2000.0,50.0
중곡4동,광진구,행정동,37.55947331335782,127.09010167041909,아파트,월세,59,높음,해당지역,91.6,월환산,103.2,91.0,104.8,2.78768,0.5809,4.82,18.5,18.5,23.6,10600.0,49.0
중곡4동,광진구,행정동,37.55947331335782,127.09010167041909,연립다세대,월세,234,높음,해당지역,103.7,월환산,111.0,79.8,130.7,3.25225,0.38752,3.11,36.5,26.5,48.7,12400.0,40.0
중곡4동,광진구,행정동,37.55947331335782,127.09010167041909,오피스텔,월세,192,높음,법정동,86.7,월환산,80.2,70.4,94.2,6.30332,-0.66086,5.087,16.7,15.9,20.7,1018.0,72.5
중곡4동,광진구,행정동,37.55947331335782,127.09010167041909,단독다가구,전세,328,높음,법정동,16250.0,보증금,17150.5,10750.0,23000.0,6.38875,0.85606,368.141,43.0,33.2,57.7,16250.0,0.0
중곡4동,광진구,행정동,37.55947331335782,127.09010167041909,아파트,전세,21,보통,법정동,43000.0,보증금,36336.7,18000.0,50000.0,7.07043,0.8075,577.118,78.8,55.9,84.7,43000.0,0.0
중곡4동,광진구,행정동,37.55947331335782,127.09010167041909,연립다세대,전세,127,높음,해당지역,23000.0,보증금,24420.1,18795.0,28350.0,8.66347,0.37663,607.182,38.4,28.5,52.7,23000.0,0.0
중곡4동,광진구,행정동,37.55947331335782,127.09010167041909,오피스텔,전세,25,보통,법정동,19000.0,보증금,18293.6,11000.0,21000.0,6.82395,0.99595,956.923,16.4,14.8,19.1,19000.0,0.0
화양동,광진구,행정동,37.54634259357881,127.07049345157722,단독다가구,매매,20,보통,해당지역,127550.0,매매가,148383.5,113865.0,161325.0,11.45214,0.07303,648.399,179.9,160.4,213.1,,
화양동,광진구,행정동,37.54634259357881,127.07049345157722,아파트,매매,37,높음,해당지역,50000.0,매매가,54974.3,15000.0,88000.0,6.18743,1.23514,1113.842,52.0,15.6,60.0,,
화양동,광진구,행정동,37.54634259357881,127.07049345157722,연립다세대,매매,17,보통,해당지역,33000.0,매매가,38800.0,31400.0,46000.0,,,1148.796,27.4,27.4,44.2,,
화양동,광진구,행정동,37.54634259357881,127.07049345157722,오피스텔,매매,60,높음,해당지역,20300.0,매매가,23364.5,16187.5,24850.0,8.45996,0.5012,925.085,18.8,16.9,25.8,,
화양동,광진구,행정동,37.54634259357881,127.07049345157722,단독다가구,월세,1477,높음,해당지역,62.3,월환산,67.8,52.3,74.6,2.31266,0.60268,3.076,20.0,18.0,24.2,1000.0,55.0
화양동,광진구,행정동,37.54634259357881,127.07049345157722,아파트,월세,168,높음,해당지역,87.1,월환산,92.7,75.5,99.6,3.13946,0.46432,5.466,15.6,14.2,17.9,1000.0,74.0
화양동,광진구,행정동,37.54634259357881,127.07049345157722,연립다세대,월세,365,높음,해당지역,67.5,월환산,77.6,59.6,81.0,3.66848,0.19863,3.555,18.8,15.0,29.4,1000.0,56.0
화양동,광진구,행정동,37.54634259357881,127.07049345157722,오피스텔,월세,431,높음,해당지역,92.3,월환산,95.8,80.6,104.6,3.90024,0.21286,4.949,17.8,16.9,20.4,1000.0,77.0
화양동,광진구,행정동,37.54634259357881,127.07049345157722,단독다가구,전세,92,높음,해당지역,13325.0,보증금,14709.9,9875.0,18000.0,7.75081,0.50112,452.756,29.7,19.0,40.0,13325.0,0.0
화양동,광진구,행정동,37.54634259357881,127.07049345157722,아파트,전세,29,보통,해당지역,23500.0,보증금,32119.0,17500.0,53000.0,7.07848,0.90198,900.15,18.3,17.2,60.0,23500.0,0.0
화양동,광진구,행정동,37.54634259357881,127.07049345157722,연립다세대,전세,58,높음,해당지역,23000.0,보증금,22413.7,14400.0,27425.0,8.254,0.50687,817.69,28.2,21.2,29.9,23000.0,0.0
화양동,광진구,행정동,37.54634259357881,127.07049345157722,오피스텔,전세,65,높음,해당지역,21000.0,보증금,20820.4,16400.0,23500.0,8.01769,0.62626,990.589,18.6,17.5,20.2,21000.0,0.0
가리봉동,구로구,행정동,37.48148408375478,126.8899761559264,단독다가구,매매,47,높음,자치구,65000.0,매매가,64657.0,49000.0,76750.0,9.48403,0.30167,352.923,180.1,142.1,217.7,,
가리봉동,구로구,행정동,37.48148408375478,126.8899761559264,아파트,매매,2689,높음,자치구,70000.0,매매가,75728.7,57600.0,90000.0,7.64379,0.83031,1001.001,71.5,59.6,84.9,,
가리봉동,구로구,행정동,37.48148408375478,126.8899761559264,연립다세대,매매,32,높음,해당지역,27300.0,매매가,30152.2,22545.0,39625.0,9.30255,0.28616,1192.129,28.3,21.0,29.9,,
가리봉동,구로구,행정동,37.48148408375478,126.8899761559264,오피스텔,매매,496,높음,자치구,18600.0,매매가,29472.4,12000.0,46925.0,5.98064,1.13442,628.989,33.5,19.6,56.4,,
가리봉동,구로구,행정동,37.48148408375478,126.8899761559264,단독다가구,월세,378,높음,해당지역,52.3,월환산,52.4,41.9,59.6,3.76437,0.04855,2.537,20.0,17.0,27.2,500.0,45.5
가리봉동,구로구,행정동,37.48148408375478,126.8899761559264,아파트,월세,3588,높음,자치구,139.2,월환산,129.3,64.8,167.0,1.47868,0.8147,2.127,60.0,41.3,79.9,10767.0,50.0
가리봉동,구로구,행정동,37.48148408375478,126.8899761559264,연립다세대,월세,76,높음,해당지역,91.7,월환산,85.1,63.0,102.5,5.7225,-0.35801,2.497,33.3,28.7,53.6,4000.0,43.0
가리봉동,구로구,행정동,37.48148408375478,126.8899761559264,오피스텔,월세,41,높음,해당지역,147.9,월환산,123.1,66.6,169.2,2.72894,0.56472,3.186,32.7,30.0,32.7,1000.0,106.0
가리봉동,구로구,행정동,37.48148408375478,126.8899761559264,단독다가구,전세,42,높음,해당지역,9000.0,보증금,8938.1,6500.0,10000.0,7.70915,0.39558,292.991,25.0,18.4,44.4,9000.0,0.0
가리봉동,구로구,행정동,37.48148408375478,126.8899761559264,아파트,전세,2367,높음,자치구,40000.0,보증금,40769.4,29000.0,50400.0,6.77953,0.88453,560.673,72.0,59.7,84.9,40000.0,0.0
가리봉동,구로구,행정동,37.48148408375478,126.8899761559264,연립다세대,전세,54,높음,해당지역,19350.0,보증금,18612.8,16350.0,21947.5,9.25938,0.1459,548.892,33.0,29.4,49.2,19350.0,0.0
가리봉동,구로구,행정동,37.48148408375478,126.8899761559264,오피스텔,전세,17,보통,해당지역,30500.0,보증금,25070.6,10000.0,33000.0,,,418.579,82.8,30.0,82.8,30500.0,0.0
개봉1동,구로구,행정동,37.49790963768668,126.85264806441565,단독다가구,매매,47,높음,자치구,65000.0,매매가,64657.0,49000.0,76750.0,9.48403,0.30167,352.923,180.1,142.1,217.7,,
개봉1동,구로구,행정동,37.49790963768668,126.85264806441565,아파트,매매,234,높음,해당지역,76250.0,매매가,68160.3,46625.0,90775.0,8.19525,0.70456,1244.862,59.8,54.2,84.6,,
개봉1동,구로구,행정동,37.49790963768668,126.85264806441565,연립다세대,매매,40,높음,해당지역,22500.0,매매가,22858.8,19300.0,28550.0,8.76515,0.32227,503.696,43.5,32.1,56.9,,
개봉1동,구로구,행정동,37.49790963768668,126.85264806441565,오피스텔,매매,496,높음,자치구,18600.0,매매가,29472.4,12000.0,46925.0,5.98064,1.13442,628.989,33.5,19.6,56.4,,
개봉1동,구로구,행정동,37.49790963768668,126.85264806441565,단독다가구,월세,335,높음,법정동,47.3,월환산,51.6,37.3,62.3,2.66749,0.3186,1.243,38.3,30.0,49.9,1000.0,40.0
개봉1동,구로구,행정동,37.49790963768668,126.85264806441565,아파트,월세,629,높음,해당지역,160.4,월환산,162.3,154.5,175.8,2.67997,0.5512,2.069,74.9,74.9,85.0,25825.0,45.0
개봉1동,구로구,행정동,37.49790963768668,126.85264806441565,연립다세대,월세,160,높음,해당지역,75.8,월환산,76.7,50.3,103.8,3.74504,0.13213,1.816,36.2,28.5,51.7,3000.0,41.5
개봉1동,구로구,행정동,37.49790963768668,126.85264806441565,오피스텔,월세,29,보통,해당지역,83.8,월환산,89.8,77.9,92.9,1.66419,0.82341,2.938,29.2,29.0,30.0,3000.0,69.0
개봉1동,구로구,행정동,37.49790963768668,126.85264806441565,단독다가구,전세,93,높음,법정동,10000.0,보증금,11364.6,6240.0,14500.0,6.62541,0.65445,240.288,45.0,35.5,66.0,10000.0,0.0
개봉1동,구로구,행정동,37.49790963768668,126.85264806441565,아파트,전세,148,높음,해당지역,45000.0,보증금,41400.6,27534.0,51125.0,7.06258,0.82379,564.217,59.9,59.9,84.6,45000.0,0.0
개봉1동,구로구,행정동,37.49790963768668,126.85264806441565,연립다세대,전세,101,높음,해당지역,15000.0,보증금,15424.3,12000.0,18500.0,8.79298,0.20486,304.878,44.3,31.8,55.2,15000.0,0.0
개봉1동,구로구,행정동,37.49790963768668,126.85264806441565,오피스텔,전세,607,높음,자치구,22700.0,보증금,24637.3,15050.0,31500.0,7.4272,0.7306,668.364,30.0,22.0,50.0,22700.0,0.0
개봉2동,구로구,행정동,37.49271252841186,126.85569935211134,단독다가구,매매,47,높음,자치구,65000.0,매매가,64657.0,49000.0,76750.0,9.48403,0.30167,352.923,180.1,142.1,217.7,,
개봉2동,구로구,행정동,37.49271252841186,126.85569935211134,아파트,매매,285,높음,해당지역,81000.0,매매가,78753.3,65000.0,92000.0,9.4098,0.42287,1018.666,84.9,59.7,85.0,,
개봉2동,구로구,행정동,37.49271252841186,126.85569935211134,연립다세대,매매,138,높음,해당지역,22825.0,매매가,23130.4,18000.0,28775.0,8.78352,0.31563,470.773,47.9,38.5,60.0,,
개봉2동,구로구,행정동,37.49271252841186,126.85569935211134,오피스텔,매매,496,높음,자치구,18600.0,매매가,29472.4,12000.0,46925.0,5.98064,1.13442,628.989,33.5,19.6,56.4,,
개봉2동,구로구,행정동,37.49271252841186,126.85569935211134,단독다가구,월세,335,높음,법정동,47.3,월환산,51.6,37.3,62.3,2.66749,0.3186,1.243,38.3,30.0,49.9,1000.0,40.0
개봉2동,구로구,행정동,37.49271252841186,126.85569935211134,아파트,월세,103,높음,해당지역,181.7,월환산,170.3,126.5,216.2,2.26196,0.6887,2.74,59.9,59.4,85.0,10000.0,100.0
개봉2동,구로구,행정동,37.49271252841186,126.85569935211134,연립다세대,월세,102,높음,해당지역,76.9,월환산,74.5,54.2,95.7,1.41546,0.75106,1.685,42.1,29.7,55.9,3000.0,47.0
개봉2동,구로구,행정동,37.49271252841186,126.85569935211134,오피스텔,월세,23,보통,해당지역,54.6,월환산,51.5,40.4,59.6,3.64916,0.07986,2.663,22.7,19.0,27.4,1000.0,50.0
개봉2동,구로구,행정동,37.49271252841186,126.85569935211134,단독다가구,전세,93,높음,법정동,10000.0,보증금,11364.6,6240.0,14500.0,6.62541,0.65445,240.288,45.0,35.5,66.0,10000.0,0.0
개봉2동,구로구,행정동,37.49271252841186,126.85569935211134,아파트,전세,157,높음,해당지역,48300.0,보증금,47919.2,40000.0,55000.0,8.15959,0.59483,588.824,84.9,59.9,85.0,48300.0,0.0
개봉2동,구로구,행정동,37.49271252841186,126.85569935211134,연립다세대,전세,78,높음,해당지역,17250.0,보증금,17462.1,15050.0,20000.0,8.95439,0.21214,430.402,37.3,29.7,56.4,17250.0,0.0
개봉2동,구로구,행정동,37.49271252841186,126.85569935211134,오피스텔,전세,607,높음,자치구,22700.0,보증금,24637.3,15050.0,31500.0,7.4272,0.7306,668.364,30.0,22.0,50.0,22700.0,0.0
개봉3동,구로구,행정동,37.486332599251575,126.85330973242255,단독다가구,매매,47,높음,자치구,65000.0,매매가,64657.0,49000.0,76750.0,9.48403,0.30167,352.923,180.1,142.1,217.7,,
개봉3동,구로구,행정동,37.486332599251575,126.85330973242255,아파트,매매,80,높음,해당지역,61000.0,매매가,59596.2,57000.0,65125.0,9.10625,0.43819,802.731,74.6,60.0,85.0,,
개봉3동,구로구,행정동,37.486332599251575,126.85330973242255,연립다세대,매매,134,높음,해당지역,25850.0,매매가,25479.1,20425.0,31000.0,8.29532,0.48003,579.563,43.1,29.9,59.3,,
개봉3동,구로구,행정동,37.486332599251575,126.85330973242255,오피스텔,매매,496,높음,자치구,18600.0,매매가,29472.4,12000.0,46925.0,5.98064,1.13442,628.989,33.5,19.6,56.4,,
개봉3동,구로구,행정동,37.486332599251575,126.85330973242255,단독다가구,월세,335,높음,법정동,47.3,월환산,51.6,37.3,62.3,2.66749,0.3186,1.243,38.3,30.0,49.9,1000.0,40.0
개봉3동,구로구,행정동,37.486332599251575,126.85330973242255,아파트,월세,23,보통,해당지역,144.1,월환산,135.6,110.4,164.6,1.94118,0.69503,1.937,60.0,60.0,82.1,10000.0,80.0
개봉3동,구로구,행정동,37.486332599251575,126.85330973242255,연립다세대,월세,82,높음,해당지역,86.8,월환산,82.8,66.7,99.0,3.63108,0.20309,2.304,37.1,29.7,48.6,3000.0,60.0
개봉3동,구로구,행정동,37.486332599251575,126.85330973242255,오피스텔,월세,52,높음,법정동,74.2,월환산,72.8,54.6,86.6,0.63633,1.08843,2.808,29.0,22.7,29.3,3000.0,61.5
개봉3동,구로구,행정동,37.486332599251575,126.85330973242255,단독다가구,전세,93,높음,법정동,10000.0,보증금,11364.6,6240.0,14500.0,6.62541,0.65445,240.288,45.0,35.5,66.0,10000.0,0.0
개봉3동,구로구,행정동,37.486332599251575,126.85330973242255,아파트,전세,40,높음,해당지역,40000.0,보증금,37978.8,33900.0,42000.0,7.68181,0.66389,522.102,84.9,60.0,85.0,40000.0,0.0
개봉3동,구로구,행정동,37.486332599251575,126.85330973242255,연립다세대,전세,61,높음,해당지역,18100.0,보증금,16906.7,12500.0,21000.0,9.20476,0.12889,506.663,35.5,28.4,43.1,18100.0,0.0
개봉3동,구로구,행정동,37.486332599251575,126.85330973242255,오피스텔,전세,607,높음,자치구,22700.0,보증금,24637.3,15050.0,31500.0,7.4272,0.7306,668.364,30.0,22.0,50.0,22700.0,0.0
고척1동,구로구,행정동,37.49973995777384,126.86046437877326,단독다가구,매매,11,보통,법정동,69000.0,매매가,60245.5,42500.0,75850.0,,,303.227,200.0,176.8,227.0,,
고척1동,구로구,행정동,37.49973995777384,126.86046437877326,아파트,매매,171,높음,해당지역,67000.0,매매가,73029.8,60000.0,89250.0,7.27733,0.89888,939.273,84.6,64.0,84.9,,
고척1동,구로구,행정동,37.49973995777384,126.86046437877326,연립다세대,매매,19,보통,해당지역,24500.0,매매가,27930.3,18250.0,36750.0,,,614.125,38.8,31.2,51.0,,
고척1동,구로구,행정동,37.49973995777384,126.86046437877326,오피스텔,매매,496,높음,자치구,18600.0,매매가,29472.4,12000.0,46925.0,5.98064,1.13442,628.989,33.5,19.6,56.4,,
고척1동,구로구,행정동,37.49973995777384,126.86046437877326,단독다가구,월세,291,높음,법정동,45.3,월환산,48.9,36.9,56.7,2.99671,0.23444,1.365,32.7,22.0,41.0,1000.0,40.0
고척1동,구로구,행정동,37.49973995777384,126.86046437877326,아파트,월세,643,높음,해당지역,154.0,월환산,152.0,142.2,159.2,1.45554,0.83661,2.143,65.0,64.9,79.9,21500.0,57.0
고척1동,구로구,행정동,37.49973995777384,126.86046437877326,연립다세대,월세,51,높음,해당지역,69.6,월환산,68.8,47.0,94.3,4.73351,-0.1841,1.967,26.6,16.0,36.5,2000.0,44.0
고척1동,구로구,행정동,37.49973995777384,126.86046437877326,오피스텔,월세,139,높음,해당지역,72.3,월환산,72.9,64.6,87.3,4.3239,-0.02405,2.384,26.9,19.0,39.5,2000.0,52.0
고척1동,구로구,행정동,37.49973995777384,126.86046437877326,단독다가구,전세,72,높음,법정동,9500.0,보증금,10393.8,6000.0,13000.0,7.31973,0.46686,226.19,41.0,32.4,50.5,9500.0,0.0
고척1동,구로구,행정동,37.49973995777384,126.86046437877326,아파트,전세,129,높음,해당지역,35000.0,보증금,36141.8,30000.0,45000.0,2.52543,1.85154,512.502,69.9,60.0,84.9,35000.0,0.0
고척1동,구로구,행정동,37.49973995777384,126.86046437877326,연립다세대,전세,18,보통,해당지역,16285.0,보증금,17448.9,13552.5,22075.0,,,399.236,45.1,30.4,53.3,16285.0,0.0
고척1동,구로구,행정동,37.49973995777384,126.86046437877326,오피스텔,전세,16,보통,해당지역,14940.0,보증금,14585.0,14850.0,15000.0,,,785.902,19.0,19.0,19.0,14940.0,0.0
고척2동,구로구,행정동,37.50550618886489,126.85527289290343,단독다가구,매매,11,보통,법정동,69000.0,매매가,60245.5,42500.0,75850.0,,,303.227,200.0,176.8,227.0,,
고척2동,구로구,행정동,37.50550618886489,126.85527289290343,아파트,매매,171,높음,해당지역,67700.0,매매가,69223.7,59750.0,74500.0,8.93685,0.50277,859.026,84.8,60.0,85.0,,
고척2동,구로구,행정동,37.50550618886489,126.85527289290343,연립다세대,매매,30,높음,해당지역,27300.0,매매가,27028.1,22775.0,34250.0,10.03356,0.02923,527.371,50.0,42.5,54.5,,
고척2동,구로구,행정동,37.50550618886489,126.85527289290343,오피스텔,매매,496,높음,자치구,18600.0,매매가,29472.4,12000.0,46925.0,5.98064,1.13442,628.989,33.5,19.6,56.4,,
고척2동,구로구,행정동,37.50550618886489,126.85527289290343,단독다가구,월세,291,높음,법정동,45.3,월환산,48.9,36.9,56.7,2.99671,0.23444,1.365,32.7,22.0,41.0,1000.0,40.0
고척2동,구로구,행정동,37.50550618886489,126.85527289290343,아파트,월세,57,높음,해당지역,171.7,월환산,163.5,105.8,228.3,0.78773,1.00217,2.515,60.0,59.8,84.9,10000.0,70.0
고척2동,구로구,행정동,37.50550618886489,126.85527289290343,연립다세대,월세,49,높음,해당지역,58.1,월환산,59.0,30.1,83.8,1.37075,0.70974,1.352,41.0,26.6,53.8,3000.0,24.0
고척2동,구로구,행정동,37.50550618886489,126.85527289290343,오피스텔,월세,139,높음,법정동,72.3,월환산,72.9,64.6,87.3,4.3239,-0.02405,2.384,26.9,19.0,39.5,2000.0,52.0
고척2동,구로구,행정동,37.50550618886489,126.85527289290343,단독다가구,전세,72,높음,법정동,9500.0,보증금,10393.8,6000.0,13000.0,7.31973,0.46686,226.19,41.0,32.4,50.5,9500.0,0.0
고척2동,구로구,행정동,37.50550618886489,126.85527289290343,아파트,전세,139,높음,해당지역,34031.0,보증금,32081.6,10250.0,49500.0,6.45549,0.97378,588.374,59.9,16.5,84.8,34031.0,0.0
고척2동,구로구,행정동,37.50550618886489,126.85527289290343,연립다세대,전세,32,높음,해당지역,15500.0,보증금,15801.4,13000.0,19025.0,9.38768,0.05825,473.043,39.2,29.7,52.1,15500.0,0.0
고척2동,구로구,행정동,37.50550618886489,126.85527289290343,오피스텔,전세,16,보통,법정동,14940.0,보증금,14585.0,14850.0,15000.0,,,785.902,19.0,19.0,19.0,14940.0,0.0
구로1동,구로구,행정동,37.49438144010365,126.87438427099941,단독다가구,매매,15,보통,법정동,58000.0,매매가,60082.0,44500.0,65115.0,,,374.412,160.3,147.1,196.3,,
구로1동,구로구,행정동,37.49438144010365,126.87438427099941,아파트,매매,265,높음,해당지역,64000.0,매매가,66107.0,54700.0,74500.0,9.04621,0.49098,975.988,60.0,44.8,84.4,,
구로1동,구로구,행정동,37.49438144010365,126.87438427099941,연립다세대,매매,109,높음,법정동,27500.0,매매가,27081.6,22300.0,31500.0,9.1033,0.28562,635.223,41.3,30.0,53.5,,
구로1동,구로구,행정동,37.49438144010365,126.87438427099941,오피스텔,매매,147,높음,해당지역,54550.0,매매가,40222.4,20050.0,57175.0,6.18536,1.14174,965.264,55.6,37.5,57.3,,
구로1동,구로구,행정동,37.49438144010365,126.87438427099941,단독다가구,월세,897,높음,법정동,46.4,월환산,49.6,37.3,58.3,3.19959,0.19253,1.703,28.0,20.0,40.9,500.0,40.0
구로1동,구로구,행정동,37.49438144010365,126.87438427099941,아파트,월세,124,높음,해당지역,129.2,월환산,130.6,97.8,160.6,1.27634,0.87196,2.194,59.4,44.8,79.8,5000.0,80.0
구로1동,구로구,행정동,37.49438144010365,126.87438427099941,연립다세대,월세,288,높음,법정동,64.6,월환산,75.5,52.6,93.1,3.22406,0.29061,1.959,31.7,26.7,44.2,2761.0,46.5
구로1동,구로구,행정동,37.49438144010365,126.87438427099941,오피스텔,월세,263,높음,해당지역,72.3,월환산,87.7,67.3,97.5,2.65345,0.54512,3.72,17.4,17.4,37.5,1000.0,65.0
구로1동,구로구,행정동,37.49438144010365,126.87438427099941,단독다가구,전세,195,높음,법정동,10000.0,보증금,10172.5,7125.0,13000.0,7.41114,0.46964,263.889,35.0,28.1,47.1,10000.0,0.0
구로1동,구로구,행정동,37.49438144010365,126.87438427099941,아파트,전세,283,높음,해당지역,34000.0,보증금,32610.5,27150.0,37800.0,7.16105,0.76907,492.611,73.1,49.9,84.2,34000.0,0.0
구로1동,구로구,행정동,37.49438144010365,126.87438427099941,연립다세대,전세,151,높음,법정동,18600.0,보증금,18027.4,13000.0,23000.0,8.5725,0.30832,403.94,36.6,29.5,50.9,18600.0,0.0
구로1동,구로구,행정동,37.49438144010365,126.87438427099941,오피스텔,전세,57,높음,해당지역,28875.0,보증금,25137.7,13000.0,33000.0,7.60875,0.67935,738.767,30.8,17.4,59.1,28875.0,0.0
구로2동,구로구,행정동,37.49637973150954,126.88262368619021,단독다가구,매매,15,보통,법정동,58000.0,매매가,60082.0,44500.0,65115.0,,,374.412,160.3,147.1,196.3,,
구로2동,구로구,행정동,37.49637973150954,126.88262368619021,아파트,매매,79,높음,해당지역,69500.0,매매가,66699.4,58350.0,77500.0,8.14261,0.68835,968.043,82.3,59.7,84.1,,
구로2동,구로구,행정동,37.49637973150954,126.88262368619021,연립다세대,매매,52,높음,해당지역,29450.0,매매가,29169.0,26500.0,31850.0,10.05303,0.05903,809.866,37.8,29.5,46.3,,
구로2동,구로구,행정동,37.49637973150954,126.88262368619021,오피스텔,매매,12,보통,해당지역,14000.0,매매가,16633.3,14000.0,16312.5,,,448.718,31.2,31.2,38.6,,
구로2동,구로구,행정동,37.49637973150954,126.88262368619021,단독다가구,월세,897,높음,법정동,46.4,월환산,49.6,37.3,58.3,3.19959,0.19253,1.703,28.0,20.0,40.9,500.0,40.0
구로2동,구로구,행정동,37.49637973150954,126.88262368619021,아파트,월세,19,보통,해당지역,118.8,월환산,116.5,69.2,149.6,,,1.749,59.7,52.0,73.9,7000.0,60.0
구로2동,구로구,행정동,37.49637973150954,126.88262368619021,연립다세대,월세,116,높음,해당지역,83.5,월환산,87.5,53.9,121.5,3.30635,0.31018,2.904,28.4,22.6,40.3,5000.0,42.0
구로2동,구로구,행정동,37.49637973150954,126.88262368619021,오피스텔,월세,130,높음,해당지역,74.6,월환산,83.1,64.2,93.1,1.40109,0.86399,2.39,31.2,27.0,33.0,2000.0,65.0
구로2동,구로구,행정동,37.49637973150954,126.88262368619021,단독다가구,전세,195,높음,법정동,10000.0,보증금,10172.5,7125.0,13000.0,7.41114,0.46964,263.889,35.0,28.1,47.1,10000.0,0.0
구로2동,구로구,행정동,37.49637973150954,126.88262368619021,아파트,전세,35,높음,해당지역,40000.0,보증금,39493.7,37000.0,46500.0,5.20886,1.25463,595.376,81.4,56.5,82.3,40000.0,0.0
구로2동,구로구,행정동,37.49637973150954,126.88262368619021,연립다세대,전세,73,높음,해당지역,21500.0,보증금,20759.0,18000.0,24000.0,8.14729,0.48916,662.933,29.9,26.7,44.8,21500.0,0.0
구로2동,구로구,행정동,37.49637973150954,126.88262368619021,오피스텔,전세,32,높음,해당지역,25000.0,보증금,23697.8,21000.0,29250.0,6.98683,0.81573,603.427,39.9,36.7,41.4,25000.0,0.0
구로3동,구로구,행정동,37.48582317424263,126.89375819162397,단독다가구,매매,15,보통,법정동,58000.0,매매가,60082.0,44500.0,65115.0,,,374.412,160.3,147.1,196.3,,
구로3동,구로구,행정동,37.48582317424263,126.89375819162397,아파트,매매,188,높음,해당지역,68400.0,매매가,69103.7,58875.0,82375.0,8.32544,0.67562,1186.051,58.1,50.1,78.7,,
구로3동,구로구,행정동,37.48582317424263,126.89375819162397,연립다세대,매매,18,보통,해당지역,23750.0,매매가,23188.9,19625.0,27750.0,,,463.815,51.5,40.3,57.9,,
구로3동,구로구,행정동,37.48582317424263,126.89375819162397,오피스텔,매매,95,높음,해당지역,11649.0,매매가,15143.0,11278.0,13955.0,6.73119,0.89341,628.986,18.5,17.9,27.5,,
구로3동,구로구,행정동,37.48582317424263,126.89375819162397,단독다가구,월세,897,높음,법정동,46.4,월환산,49.6,37.3,58.3,3.19959,0.19253,1.703,28.0,20.0,40.9,500.0,40.0
구로3동,구로구,행정동,37.48582317424263,126.89375819162397,아파트,월세,138,높음,해당지역,123.8,월환산,126.6,74.9,167.0,0.34436,1.12225,2.477,50.1,37.5,58.0,5000.0,80.0
구로3동,구로구,행정동,37.48582317424263,126.89375819162397,연립다세대,월세,67,높음,해당지역,59.6,월환산,62.1,47.3,72.7,1.96457,0.58976,1.674,33.9,28.9,47.8,1000.0,50.0
구로3동,구로구,행정동,37.48582317424263,126.89375819162397,오피스텔,월세,165,높음,해당지역,74.6,월환산,84.1,64.6,108.3,1.86067,0.7513,2.709,26.0,18.7,40.2,1000.0,65.0
구로3동,구로구,행정동,37.48582317424263,126.89375819162397,단독다가구,전세,195,높음,법정동,10000.0,보증금,10172.5,7125.0,13000.0,7.41114,0.46964,263.889,35.0,28.1,47.1,10000.0,0.0
구로3동,구로구,행정동,37.48582317424263,126.89375819162397,아파트,전세,146,높음,해당지역,39175.0,보증금,36625.9,30000.0,45000.0,6.88734,0.8767,651.19,56.5,47.6,78.7,39175.0,0.0
구로3동,구로구,행정동,37.48582317424263,126.89375819162397,연립다세대,전세,32,높음,해당지역,14085.0,보증금,14321.6,10375.0,18625.0,5.7206,0.97383,311.763,51.5,36.3,56.2,14085.0,0.0
구로3동,구로구,행정동,37.48582317424263,126.89375819162397,오피스텔,전세,31,높음,해당지역,13500.0,보증금,16454.2,7650.0,25250.0,5.72721,1.14831,465.278,25.9,17.0,40.2,13500.0,0.0
구로4동,구로구,행정동,37.49227081768422,126.88987210780395,단독다가구,매매,15,보통,법정동,58000.0,매매가,60082.0,44500.0,65115.0,,,374.412,160.3,147.1,196.3,,
구로4동,구로구,행정동,37.49227081768422,126.88987210780395,아파트,매매,202,높음,해당지역,55500.0,매매가,52643.3,47200.0,62375.0,6.99774,0.95643,972.428,51.8,44.6,64.3,,
구로4동,구로구,행정동,37.49227081768422,126.88987210780395,연립다세대,매매,14,보통,해당지역,18900.0,매매가,23175.0,18100.0,24187.5,,,463.088,41.2,39.6,57.9,,
구로4동,구로구,행정동,37.49227081768422,126.88987210780395,오피스텔,매매,18,보통,해당지역,11700.0,매매가,14433.3,10100.0,12975.0,,,511.867,25.3,18.8,29.8,,
구로4동,구로구,행정동,37.49227081768422,126.88987210780395,단독다가구,월세,897,높음,법정동,46.4,월환산,49.6,37.3,58.3,3.19959,0.19253,1.703,28.0,20.0,40.9,500.0,40.0
구로4동,구로구,행정동,37.49227081768422,126.88987210780395,아파트,월세,195,높음,해당지역,74.6,월환산,90.5,63.8,119.0,2.71857,0.48579,2.67,43.3,18.9,51.8,2000.0,60.0
구로4동,구로구,행정동,37.49227081768422,126.88987210780395,연립다세대,월세,64,높음,해당지역,65.7,월환산,65.6,56.6,74.2,2.92553,0.34251,1.681,38.7,31.0,44.5,2000.0,55.0
구로4동,구로구,행정동,37.49227081768422,126.88987210780395,오피스텔,월세,135,높음,해당지역,60.5,월환산,63.1,56.9,69.6,2.92572,0.39418,3.119,18.5,18.1,24.5,1000.0,55.0
구로4동,구로구,행정동,37.49227081768422,126.88987210780395,단독다가구,전세,195,높음,법정동,10000.0,보증금,10172.5,7125.0,13000.0,7.41114,0.46964,263.889,35.0,28.1,47.1,10000.0,0.0
구로4동,구로구,행정동,37.49227081768422,126.88987210780395,아파트,전세,135,높음,해당지역,30000.0,보증금,29659.3,23865.0,37500.0,6.12356,1.02314,548.07,54.2,44.6,64.4,30000.0,0.0
구로4동,구로구,행정동,37.49227081768422,126.88987210780395,연립다세대,전세,31,높음,해당지역,13100.0,보증금,14004.8,11900.0,16525.0,7.23843,0.6075,304.581,40.7,35.2,48.7,13100.0,0.0
구로4동,구로구,행정동,37.49227081768422,126.88987210780395,오피스텔,전세,12,보통,해당지역,9950.0,보증금,10616.7,7875.0,12250.0,,,562.739,16.1,12.6,21.3,9950.0,0.0
구로5동,구로구,행정동,37.50136478078959,126.88994989056856,단독다가구,매매,15,보통,법정동,58000.0,매매가,60082.0,44500.0,65115.0,,,374.412,160.3,147.1,196.3,,
구로5동,구로구,행정동,37.50136478078959,126.88994989056856,아파트,매매,212,높음,해당지역,83000.0,매매가,82066.5,53725.0,113625.0,6.3286,1.13769,938.198,80.0,59.9,84.9,,
구로5동,구로구,행정동,37.50136478078959,126.88994989056856,연립다세대,매매,23,보통,해당지역,28200.0,매매가,27967.4,23250.0,32000.0,9.14741,0.28381,666.365,41.6,33.6,51.0,,
구로5동,구로구,행정동,37.50136478078959,126.88994989056856,오피스텔,매매,78,높음,해당지역,14500.0,매매가,18527.5,11275.0,21137.5,6.49074,0.91258,494.639,29.9,24.5,46.2,,
구로5동,구로구,행정동,37.50136478078959,126.88994989056856,단독다가구,월세,897,높음,법정동,46.4,월환산,49.6,37.3,58.3,3.19959,0.19253,1.703,28.0,20.0,40.9,500.0,40.0
구로5동,구로구,행정동,37.50136478078959,126.88994989056856,아파트,월세,226,높음,해당지역,92.1,월환산,129.5,62.3,192.2,2.13708,0.73824,3.495,25.1,16.0,60.0,5000.0,65.0
구로5동,구로구,행정동,37.50136478078959,126.88994989056856,연립다세대,월세,34,높음,해당지역,78.8,월환산,83.7,55.0,107.9,3.8619,0.13381,2.012,30.3,29.0,40.6,3000.0,48.0
구로5동,구로구,행정동,37.50136478078959,126.88994989056856,오피스텔,월세,512,높음,해당지역,69.6,월환산,74.6,60.2,84.6,2.46894,0.56999,3.106,21.6,19.0,28.5,2000.0,55.0
구로5동,구로구,행정동,37.50136478078959,126.88994989056856,단독다가구,전세,195,높음,법정동,10000.0,보증금,10172.5,7125.0,13000.0,7.41114,0.46964,263.889,35.0,28.1,47.1,10000.0,0.0
구로5동,구로구,행정동,37.50136478078959,126.88994989056856,아파트,전세,222,높음,해당지역,52500.0,보증금,49395.2,40000.0,60675.0,7.51841,0.76346,704.698,80.0,59.9,84.9,52500.0,0.0
구로5동,구로구,행정동,37.50136478078959,126.88994989056856,연립다세대,전세,14,보통,해당지역,23750.0,보증금,21664.0,18652.5,26770.0,,,782.826,30.2,29.9,40.0,23750.0,0.0
구로5동,구로구,행정동,37.50136478078959,126.88994989056856,오피스텔,전세,129,높음,해당지역,22000.0,보증금,22254.2,15300.0,24300.0,7.42439,0.7336,773.092,29.9,26.6,29.9,22000.0,0.0
수궁동,구로구,행정동,37.49531102965389,126.8267069685996,단독다가구,매매,47,높음,자치구,65000.0,매매가,64657.0,49000.0,76750.0,9.48403,0.30167,352.923,180.1,142.1,217.7,,
수궁동,구로구,행정동,37.49531102965389,126.8267069685996,아파트,매매,57,높음,해당지역,77000.0,매매가,72025.4,70000.0,80500.0,8.28217,0.65318,929.521,85.0,60.0,85.0,,
수궁동,구로구,행정동,37.49531102965389,126.8267069685996,연립다세대,매매,122,높음,해당지역,27250.0,매매가,33899.2,20625.0,42025.0,6.78499,0.88771,558.302,53.6,42.9,61.3,,
수궁동,구로구,행정동,37.49531102965389,126.8267069685996,오피스텔,매매,496,높음,자치구,18600.0,매매가,29472.4,12000.0,46925.0,5.98064,1.13442,628.989,33.5,19.6,56.4,,
수궁동,구로구,행정동,37.49531102965389,126.8267069685996,단독다가구,월세,53,높음,해당지역,51.6,월환산,53.7,39.6,58.3,1.9027,0.58673,1.499,29.0,21.0,38.0,1000.0,40.0
수궁동,구로구,행정동,37.49531102965389,126.8267069685996,아파트,월세,28,보통,해당지역,188.4,월환산,186.9,139.2,219.5,1.83324,0.76034,2.283,85.0,60.0,102.6,12500.0,100.0
수궁동,구로구,행정동,37.49531102965389,126.8267069685996,연립다세대,월세,171,높음,해당지역,69.2,월환산,71.3,51.7,88.5,2.05277,0.55125,1.484,46.5,39.7,58.6,3000.0,40.0
수궁동,구로구,행정동,37.49531102965389,126.8267069685996,오피스텔,월세,2234,높음,자치구,71.8,월환산,83.3,60.5,95.2,2.24061,0.64413,3.016,25.6,19.0,32.2,1500.0,60.0
수궁동,구로구,행정동,37.49531102965389,126.8267069685996,단독다가구,전세,15,보통,해당지역,9000.0,보증금,8666.7,6250.0,10250.0,,,181.159,49.7,34.0,54.2,9000.0,0.0
수궁동,구로구,행정동,37.49531102965389,126.8267069685996,아파트,전세,54,높음,해당지역,37445.0,보증금,37565.3,26019.0,47237.5,4.81823,1.30974,493.633,60.0,60.0,85.0,37445.0,0.0
수궁동,구로구,행정동,37.49531102965389,126.8267069685996,연립다세대,전세,113,높음,해당지역,14000.0,보증금,14868.5,11000.0,19000.0,8.60194,0.23937,312.118,47.5,42.7,59.0,14000.0,0.0
수궁동,구로구,행정동,37.49531102965389,126.8267069685996,오피스텔,전세,607,높음,자치구,22700.0,보증금,24637.3,15050.0,31500.0,7.4272,0.7306,668.364,30.0,22.0,50.0,22700.0,0.0
신도림동,구로구,행정동,37.50855786645793,126.88400559629316,단독다가구,매매,47,높음,자치구,65000.0,매매가,64657.0,49000.0,76750.0,9.48403,0.30167,352.923,180.1,142.1,217.7,,
신도림동,구로구,행정동,37.50855786645793,126.88400559629316,아파트,매매,314,높음,해당지역,128700.0,매매가,128161.1,113000.0,146450.0,9.23953,0.57398,1678.772,83.7,59.9,85.0,,
신도림동,구로구,행정동,37.50855786645793,126.88400559629316,연립다세대,매매,731,높음,자치구,26500.0,매매가,27795.4,20300.0,32000.0,8.58465,0.41223,561.986,46.2,36.2,59.1,,
신도림동,구로구,행정동,37.50855786645793,126.88400559629316,오피스텔,매매,60,높음,해당지역,64750.0,매매가,60196.6,31000.0,85625.0,6.75182,1.01442,957.853,70.7,30.0,92.1,,
신도림동,구로구,행정동,37.50855786645793,126.88400559629316,단독다가구,월세,26,보통,해당지역,41.4,월환산,44.5,37.3,49.6,2.05226,0.47039,1.194,33.4,29.8,52.2,550.0,38.5
신도림동,구로구,행정동,37.50855786645793,126.88400559629316,아파트,월세,388,높음,해당지역,198.0,월환산,194.1,87.6,250.5,1.97241,0.81728,3.619,57.8,20.8,84.5,12250.0,79.0
신도림동,구로구,행정동,37.50855786645793,126.88400559629316,연립다세대,월세,10,보통,해당지역,124.0,월환산,107.0,70.1,132.5,,,3.653,33.0,26.3,58.7,19750.0,37.5
신도림동,구로구,행정동,37.50855786645793,126.88400559629316,오피스텔,월세,190,높음,해당지역,133.8,월환산,136.6,94.7,159.1,2.51274,0.65961,3.496,30.0,25.5,50.7,3000.0,90.0
신도림동,구로구,행정동,37.50855786645793,126.88400559629316,단독다가구,전세,460,높음,자치구,9500.0,보증금,10345.9,7000.0,13000.0,7.2118,0.51299,244.111,40.0,30.0,50.8,9500.0,0.0
신도림동,구로구,행정동,37.50855786645793,126.88400559629316,아파트,전세,339,높음,해당지역,58800.0,보증금,60294.0,48000.0,70750.0,6.84466,0.95341,809.591,82.8,59.9,85.0,58800.0,0.0
신도림동,구로구,행정동,37.50855786645793,126.88400559629316,연립다세대,전세,726,높음,자치구,16500.0,보증금,16714.4,12825.0,20000.0,8.88685,0.20334,364.669,43.2,30.0,55.4,16500.0,0.0
신도림동,구로구,행정동,37.50855786645793,126.88400559629316,오피스텔,전세,112,높음,해당지역,34000.0,보증금,37325.2,27750.0,42250.0,8.13818,0.6218,822.267,32.2,29.2,72.5,34000.0,0.0
오류1동,구로구,행정동,37.495989242938414,126.84359105557509,단독다가구,매매,47,높음,자치구,65000.0,매매가,64657.0,49000.0,76750.0,9.48403,0.30167,352.923,180.1,142.1,217.7,,
오류1동,구로구,행정동,37.495989242938414,126.84359105557509,아파트,매매,111,높음,해당지역,51000.0,매매가,47002.7,44650.0,58600.0,6.29165,1.06064,729.755,60.0,59.5,84.9,,
오류1동,구로구,행정동,37.495989242938414,126.84359105557509,연립다세대,매매,31,높음,해당지역,25000.0,매매가,25580.6,20350.0,30750.0,7.8847,0.57225,511.571,52.3,34.4,58.9,,
오류1동,구로구,행정동,37.495989242938414,126.84359105557509,오피스텔,매매,61,높음,해당지역,13850.0,매매가,20574.5,11500.0,30000.0,6.4173,0.94872,500.501,29.4,21.0,45.5,,
오류1동,구로구,행정동,37.495989242938414,126.84359105557509,단독다가구,월세,195,높음,법정동,44.6,월환산,49.3,37.3,57.3,2.86791,0.28101,1.401,33.0,21.0,40.0,1000.0,40.0
오류1동,구로구,행정동,37.495989242938414,126.84359105557509,아파트,월세,192,높음,해당지역,62.0,월환산,68.6,47.3,76.3,1.96868,0.65728,2.34,29.8,16.8,36.8,6000.0,34.0
오류1동,구로구,행정동,37.495989242938414,126.84359105557509,연립다세대,월세,86,높음,해당지역,69.9,월환산,76.6,57.3,94.3,4.04958,0.05818,2.247,29.8,25.2,46.7,2000.0,55.0
오류1동,구로구,행정동,37.495989242938414,126.84359105557509,오피스텔,월세,544,높음,해당지역,69.6,월환산,77.6,52.3,84.6,2.11089,0.66694,2.978,21.5,18.0,29.4,1000.0,56.0
오류1동,구로구,행정동,37.495989242938414,126.84359105557509,단독다가구,전세,38,높음,법정동,8500.0,보증금,9357.9,6250.0,11000.0,5.63659,0.92179,218.413,34.9,30.0,49.6,8500.0,0.0
오류1동,구로구,행정동,37.495989242938414,126.84359105557509,아파트,전세,45,높음,해당지역,33000.0,보증금,30474.7,26400.0,37000.0,6.73065,0.87758,500.751,59.9,58.2,84.9,33000.0,0.0
오류1동,구로구,행정동,37.495989242938414,126.84359105557509,연립다세대,전세,22,보통,해당지역,15000.0,보증금,15180.9,14000.0,16000.0,9.62064,-0.00599,373.49,39.5,30.8,55.9,15000.0,0.0
오류1동,구로구,행정동,37.495989242938414,126.84359105557509,오피스텔,전세,182,높음,해당지역,21000.0,보증금,22177.7,16000.0,26212.5,7.80601,0.60784,633.697,30.0,21.9,46.8,21000.0,0.0
오류2동,구로구,행정동,37.48462995198933,126.84001299939011,단독다가구,매매,47,높음,자치구,65000.0,매매가,64657.0,49000.0,76750.0,9.48403,0.30167,352.923,180.1,142.1,217.7,,
오류2동,구로구,행정동,37.48462995198933,126.84001299939011,아파트,매매,177,높음,해당지역,71000.0,매매가,68363.6,64000.0,78500.0,7.94881,0.73216,919.237,84.7,60.0,85.0,,
오류2동,구로구,행정동,37.48462995198933,126.84001299939011,연립다세대,매매,62,높음,해당지역,31500.0,매매가,32959.3,26715.0,42000.0,8.18555,0.55458,682.447,46.4,39.8,56.7,,
오류2동,구로구,행정동,37.48462995198933,126.84001299939011,오피스텔,매매,12,보통,해당지역,10000.0,매매가,12972.9,9475.0,11175.0,,,412.179,24.1,21.5,30.0,,
오류2동,구로구,행정동,37.48462995198933,126.84001299939011,단독다가구,월세,2182,높음,자치구,47.3,월환산,50.6,37.3,59.6,3.2221,0.18663,1.612,30.0,20.0,40.5,635.0,40.0
오류2동,구로구,행정동,37.48462995198933,126.84001299939011,아파트,월세,560,높음,해당지역,54.0,월환산,61.8,45.2,62.4,0.05053,1.03788,1.15,49.6,36.9,59.9,6538.0,19.0
오류2동,구로구,행정동,37.48462995198933,126.84001299939011,연립다세대,월세,80,높음,해당지역,69.2,월환산,69.6,49.6,84.6,3.55556,0.16441,1.503,45.9,36.4,56.1,2709.0,50.0
오류2동,구로구,행정동,37.48462995198933,126.84001299939011,오피스텔,월세,63,높음,해당지역,59.6,월환산,71.5,54.6,87.2,1.66212,0.76528,2.468,24.1,22.1,30.0,1000.0,50.0
오류2동,구로구,행정동,37.48462995198933,126.84001299939011,단독다가구,전세,460,높음,자치구,9500.0,보증금,10345.9,7000.0,13000.0,7.2118,0.51299,244.111,40.0,30.0,50.8,9500.0,0.0
오류2동,구로구,행정동,37.48462995198933,126.84001299939011,아파트,전세,380,높음,해당지역,29150.0,보증금,31244.9,17992.0,42840.0,5.34776,1.12102,328.803,85.0,60.0,102.0,29150.0,0.0
오류2동,구로구,행정동,37.48462995198933,126.84001299939011,연립다세대,전세,71,높음,해당지역,15600.0,보증금,15909.3,12350.0,19000.0,7.03111,0.66508,331.46,46.1,39.5,56.8,15600.0,0.0
오류2동,구로구,행정동,37.48462995198933,126.84001299939011,오피스텔,전세,13,보통,해당지역,19000.0,보증금,18507.7,12000.0,24000.0,,,543.138,25.5,24.1,47.9,19000.0,0.0
항동,구로구,행정동,37.47891881581461,126.82195140585348,단독다가구,매매,47,높음,자치구,65000.0,매매가,64657.0,49000.0,76750.0,9.48403,0.30167,352.923,180.1,142.1,217.7,,
항동,구로구,행정동,37.47891881581461,126.82195140585348,아파트,매매,137,높음,해당지역,74500.0,매매가,75651.8,68500.0,82500.0,9.34076,0.43301,989.226,84.7,59.9,84.9,,
항동,구로구,행정동,37.47891881581461,126.82195140585348,연립다세대,매매,10,보통,해당지역,37500.0,매매가,37240.0,33000.0,39625.0,,,586.365,59.9,59.6,59.9,,
항동,구로구,행정동,37.47891881581461,126.82195140585348,오피스텔,매매,496,높음,자치구,18600.0,매매가,29472.4,12000.0,46925.0,5.98064,1.13442,628.989,33.5,19.6,56.4,,
항동,구로구,행정동,37.47891881581461,126.82195140585348,단독다가구,월세,2182,높음,자치구,47.3,월환산,50.6,37.3,59.6,3.2221,0.18663,1.612,30.0,20.0,40.5,635.0,40.0
항동,구로구,행정동,37.47891881581461,126.82195140585348,아파트,월세,255,높음,해당지역,57.8,월환산,85.1,48.7,66.0,-0.61257,1.25039,1.384,49.9,39.7,59.9,6583.0,28.0
항동,구로구,행정동,37.47891881581461,126.82195140585348,연립다세대,월세,12,보통,해당지역,77.1,월환산,83.9,68.0,92.4,,,1.458,53.9,42.2,59.9,2750.0,61.5
항동,구로구,행정동,37.47891881581461,126.82195140585348,오피스텔,월세,2234,높음,자치구,71.8,월환산,83.3,60.5,95.2,2.24061,0.64413,3.016,25.6,19.0,32.2,1500.0,60.0
항동,구로구,행정동,37.47891881581461,126.82195140585348,단독다가구,전세,460,높음,자치구,9500.0,보증금,10345.9,7000.0,13000.0,7.2118,0.51299,244.111,40.0,30.0,50.8,9500.0,0.0
항동,구로구,행정동,37.47891881581461,126.82195140585348,아파트,전세,112,높음,해당지역,49000.0,보증금,48697.7,44517.5,54000.0,8.49981,0.5204,612.477,84.9,76.9,84.9,49000.0,0.0
항동,구로구,행정동,37.47891881581461,126.82195140585348,연립다세대,전세,18,보통,해당지역,20500.0,보증금,21766.7,15000.0,24500.0,,,353.257,59.6,44.1,59.9,20500.0,0.0
항동,구로구,행정동,37.47891881581461,126.82195140585348,오피스텔,전세,607,높음,자치구,22700.0,보증금,24637.3,15050.0,31500.0,7.4272,0.7306,668.364,30.0,22.0,50.0,22700.0,0.0
가산동,금천구,행정동,37.47686821598772,126.88734279437806,단독다가구,매매,47,높음,자치구,70000.0,매매가,76227.3,44150.0,100000.0,7.6164,0.67016,352.734,179.0,148.3,246.9,,
가산동,금천구,행정동,37.47686821598772,126.88734279437806,아파트,매매,84,높음,해당지역,66750.0,매매가,59528.8,50150.0,73000.0,6.75145,1.00546,859.835,59.8,59.8,84.9,,
가산동,금천구,행정동,37.47686821598772,126.88734279437806,연립다세대,매매,28,보통,해당지역,24450.0,매매가,24707.1,21225.0,29000.0,8.30576,0.48786,680.817,35.0,29.6,56.4,,
가산동,금천구,행정동,37.47686821598772,126.88734279437806,오피스텔,매매,58,높음,해당지역,12000.0,매매가,14925.0,10900.0,13575.0,5.01412,1.51939,692.354,17.6,16.6,20.0,,
가산동,금천구,행정동,37.47686821598772,126.88734279437806,단독다가구,월세,187,높음,해당지역,43.8,월환산,48.3,36.4,57.4,2.85517,0.32577,2.38,18.0,15.8,21.7,500.0,40.0
가산동,금천구,행정동,37.47686821598772,126.88734279437806,아파트,월세,264,높음,해당지역,64.6,월환산,76.5,57.3,82.6,2.53063,0.59267,4.268,14.1,13.8,18.4,3000.0,52.5
가산동,금천구,행정동,37.47686821598772,126.88734279437806,연립다세대,월세,204,높음,해당지역,84.4,월환산,78.8,47.3,102.9,4.5866,-0.11429,3.129,28.4,23.8,31.0,2582.5,40.0
가산동,금천구,행정동,37.47686821598772,126.88734279437806,오피스텔,월세,1195,높음,해당지역,67.6,월환산,77.6,62.3,96.1,2.54427,0.56101,3.422,19.4,17.6,34.2,3000.0,58.0
가산동,금천구,행정동,37.47686821598772,126.88734279437806,단독다가구,전세,19,보통,해당지역,10000.0,보증금,9605.3,6250.0,12500.0,,,333.333,20.0,18.4,25.8,10000.0,0.0
가산동,금천구,행정동,37.47686821598772,126.88734279437806,아파트,전세,41,높음,해당지역,34600.0,보증금,30480.3,17000.0,40000.0,7.75459,0.66473,668.449,59.8,17.8,84.8,34600.0,0.0
가산동,금천구,행정동,37.47686821598772,126.88734279437806,연립다세대,전세,47,높음,해당지역,22500.0,보증금,21406.6,19800.0,24175.0,10.59913,-0.18688,775.927,29.5,25.8,44.8,22500.0,0.0
가산동,금천구,행정동,37.47686821598772,126.88734279437806,오피스텔,전세,266,높음,해당지역,19200.0,보증금,18901.7,13000.0,24000.0,6.75091,0.96063,737.798,23.1,17.7,29.8,19200.0,0.0
독산1동,금천구,행정동,37.466800688551686,126.89365576294797,단독다가구,매매,11,보통,법정동,67000.0,매매가,72436.4,48900.0,86500.0,,,320.197,201.3,145.2,299.9,,
독산1동,금천구,행정동,37.466800688551686,126.89365576294797,아파트,매매,347,높음,해당지역,76800.0,매매가,79926.5,60250.0,104700.0,8.12576,0.73019,1027.433,71.4,59.8,84.8,,
독산1동,금천구,행정동,37.466800688551686,126.89365576294797,연립다세대,매매,69,높음,해당지역,36000.0,매매가,38187.6,28000.0,45000.0,7.65908,0.74594,832.562,49.9,37.5,54.0,,
독산1동,금천구,행정동,37.466800688551686,126.89365576294797,오피스텔,매매,46,높음,해당지역,18475.0,매매가,23502.7,17225.0,26625.0,8.41457,0.47604,710.45,26.5,26.2,28.8,,
독산1동,금천구,행정동,37.466800688551686,126.89365576294797,단독다가구,월세,1156,높음,법정동,52.3,월환산,55.6,41.1,65.9,2.87901,0.31871,1.793,29.0,19.8,39.0,1000.0,45.0
독산1동,금천구,행정동,37.466800688551686,126.89365576294797,아파트,월세,253,높음,해당지역,158.1,월환산,167.5,132.9,195.8,1.6751,0.82699,2.62,60.0,59.6,84.8,20000.0,61.0
독산1동,금천구,행정동,37.466800688551686,126.89365576294797,연립다세대,월세,175,높음,해당지역,96.7,월환산,92.3,58.9,120.5,3.5495,0.27198,3.543,27.3,21.3,29.9,3000.0,44.0
독산1동,금천구,행정동,37.466800688551686,126.89365576294797,오피스텔,월세,1009,높음,해당지역,92.9,월환산,97.7,74.2,114.6,3.12595,0.4146,3.392,26.5,22.2,37.3,5500.0,50.0
독산1동,금천구,행정동,37.466800688551686,126.89365576294797,단독다가구,전세,193,높음,법정동,10000.0,보증금,10459.4,6000.0,13000.0,7.28192,0.50196,260.87,36.6,25.0,51.6,10000.0,0.0
독산1동,금천구,행정동,37.466800688551686,126.89365576294797,아파트,전세,322,높음,해당지역,46100.0,보증금,46760.2,34662.5,57525.0,6.97736,0.88057,613.925,60.0,59.9,84.8,46100.0,0.0
독산1동,금천구,행정동,37.466800688551686,126.89365576294797,연립다세대,전세,70,높음,해당지역,23000.0,보증금,22097.4,19125.0,25337.5,8.01614,0.56348,688.798,29.8,26.9,40.0,23000.0,0.0
독산1동,금천구,행정동,37.466800688551686,126.89365576294797,오피스텔,전세,527,높음,해당지역,24300.0,보증금,24200.7,21000.0,28000.0,7.6792,0.70784,849.377,27.8,24.1,30.0,24300.0,0.0
독산2동,금천구,행정동,37.4632711871,126.90147469206943,단독다가구,매매,11,보통,법정동,67000.0,매매가,72436.4,48900.0,86500.0,,,320.197,201.3,145.2,299.9,,
독산2동,금천구,행정동,37.4632711871,126.90147469206943,아파트,매매,403,높음,법정동,71500.0,매매가,76462.7,55850.0,99500.0,8.07374,0.73212,986.292,71.4,59.8,84.8,,
독산2동,금천구,행정동,37.4632711871,126.90147469206943,연립다세대,매매,88,높음,해당지역,28000.0,매매가,28957.4,24375.0,34000.0,9.94526,0.0825,694.9,43.1,29.9,55.6,,
독산2동,금천구,행정동,37.4632711871,126.90147469206943,오피스텔,매매,63,높음,법정동,17950.0,매매가,20861.7,16000.0,23400.0,7.07861,0.83937,684.425,26.4,24.1,28.6,,
독산2동,금천구,행정동,37.4632711871,126.90147469206943,단독다가구,월세,1156,높음,법정동,52.3,월환산,55.6,41.1,65.9,2.87901,0.31871,1.793,29.0,19.8,39.0,1000.0,45.0
독산2동,금천구,행정동,37.4632711871,126.90147469206943,아파트,월세,290,높음,법정동,157.9,월환산,162.6,127.0,191.6,1.6548,0.82168,2.594,60.0,59.6,84.5,18666.0,63.0
독산2동,금천구,행정동,37.4632711871,126.90147469206943,연립다세대,월세,132,높음,해당지역,90.4,월환산,91.4,70.3,104.3,2.76624,0.46039,2.741,36.1,28.7,48.8,6650.0,35.0
독산2동,금천구,행정동,37.4632711871,126.90147469206943,오피스텔,월세,21,보통,해당지역,97.1,월환산,90.5,64.6,98.3,1.51563,0.86909,2.889,33.9,19.7,35.0,5000.0,65.0
독산2동,금천구,행정동,37.4632711871,126.90147469206943,단독다가구,전세,193,높음,법정동,10000.0,보증금,10459.4,6000.0,13000.0,7.28192,0.50196,260.87,36.6,25.0,51.6,10000.0,0.0
독산2동,금천구,행정동,37.4632711871,126.90147469206943,아파트,전세,16,보통,해당지역,11000.0,보증금,11342.5,9350.0,11500.0,,,670.786,16.8,13.5,16.8,11000.0,0.0
독산2동,금천구,행정동,37.4632711871,126.90147469206943,연립다세대,전세,81,높음,해당지역,19000.0,보증금,18992.4,17000.0,21000.0,9.11089,0.19498,544.815,34.1,29.3,50.2,19000.0,0.0
독산2동,금천구,행정동,37.4632711871,126.90147469206943,오피스텔,전세,17,보통,해당지역,12560.0,보증금,17154.1,11500.0,23500.0,,,568.182,20.7,18.0,38.6,12560.0,0.0
독산3동,금천구,행정동,37.476572683848644,126.90368942728699,단독다가구,매매,11,보통,법정동,67000.0,매매가,72436.4,48900.0,86500.0,,,320.197,201.3,145.2,299.9,,
독산3동,금천구,행정동,37.476572683848644,126.90368942728699,아파트,매매,43,높음,해당지역,57000.0,매매가,56836.3,48250.0,70550.0,8.93837,0.4721,915.301,68.3,57.8,73.2,,
독산3동,금천구,행정동,37.476572683848644,126.90368942728699,연립다세대,매매,148,높음,해당지역,28000.0,매매가,28118.9,23225.0,32000.0,8.68052,0.41477,735.891,39.0,29.8,50.8,,
독산3동,금천구,행정동,37.476572683848644,126.90368942728699,오피스텔,매매,15,보통,해당지역,11000.0,매매가,12846.7,10000.0,11700.0,,,476.81,23.1,21.5,26.1,,
독산3동,금천구,행정동,37.476572683848644,126.90368942728699,단독다가구,월세,1156,높음,법정동,52.3,월환산,55.6,41.1,65.9,2.87901,0.31871,1.793,29.0,19.8,39.0,1000.0,45.0
독산3동,금천구,행정동,37.476572683848644,126.90368942728699,아파트,월세,31,높음,해당지역,133.8,월환산,127.6,116.5,157.3,1.05926,0.90524,1.987,60.0,47.8,74.5,8000.0,100.0
독산3동,금천구,행정동,37.476572683848644,126.90368942728699,연립다세대,월세,159,높음,해당지역,92.5,월환산,93.1,67.8,113.8,3.34848,0.3097,2.752,30.0,28.9,46.4,9032.0,32.0
독산3동,금천구,행정동,37.476572683848644,126.90368942728699,오피스텔,월세,48,높음,해당지역,62.4,월환산,70.8,55.2,80.0,2.02801,0.69326,2.944,21.5,18.8,26.8,2000.0,55.0
독산3동,금천구,행정동,37.476572683848644,126.90368942728699,단독다가구,전세,193,높음,법정동,10000.0,보증금,10459.4,6000.0,13000.0,7.28192,0.50196,260.87,36.6,25.0,51.6,10000.0,0.0
독산3동,금천구,행정동,37.476572683848644,126.90368942728699,아파트,전세,33,높음,해당지역,31800.0,보증금,33603.9,26300.0,42000.0,9.61597,0.18575,601.093,68.2,55.6,73.2,31800.0,0.0
독산3동,금천구,행정동,37.476572683848644,126.90368942728699,연립다세대,전세,113,높음,해당지역,20000.0,보증금,20091.1,16290.0,23000.0,9.25441,0.16951,600.396,30.0,29.4,45.6,20000.0,0.0
독산3동,금천구,행정동,37.476572683848644,126.90368942728699,오피스텔,전세,38,높음,해당지역,16500.0,보증금,16776.8,8250.0,24375.0,6.35272,0.95857,544.373,29.2,25.4,41.8,16500.0,0.0
독산4동,금천구,행정동,37.46890784405917,126.90287000011105,단독다가구,매매,11,보통,법정동,67000.0,매매가,72436.4,48900.0,86500.0,,,320.197,201.3,145.2,299.9,,
독산4동,금천구,행정동,37.46890784405917,126.90287000011105,아파트,매매,11,보통,해당지역,53500.0,매매가,52272.7,45000.0,58500.0,,,713.352,74.9,60.0,83.5,,
독산4동,금천구,행정동,37.46890784405917,126.90287000011105,연립다세대,매매,97,높음,해당지역,28000.0,매매가,28655.7,22800.0,33000.0,8.89012,0.35898,784.438,35.2,27.6,49.4,,
독산4동,금천구,행정동,37.46890784405917,126.90287000011105,오피스텔,매매,63,높음,법정동,17950.0,매매가,20861.7,16000.0,23400.0,7.07861,0.83937,684.425,26.4,24.1,28.6,,
독산4동,금천구,행정동,37.46890784405917,126.90287000011105,단독다가구,월세,1156,높음,법정동,52.3,월환산,55.6,41.1,65.9,2.87901,0.31871,1.793,29.0,19.8,39.0,1000.0,45.0
독산4동,금천구,행정동,37.46890784405917,126.90287000011105,아파트,월세,290,높음,법정동,157.9,월환산,162.6,127.0,191.6,1.6548,0.82168,2.594,60.0,59.6,84.5,18666.0,63.0
독산4동,금천구,행정동,37.46890784405917,126.90287000011105,연립다세대,월세,82,높음,해당지역,84.7,월환산,88.2,69.3,110.7,3.48937,0.25514,2.401,35.1,28.2,51.2,5000.0,55.0
독산4동,금천구,행정동,37.46890784405917,126.90287000011105,오피스텔,월세,1083,높음,법정동,91.8,월환산,96.4,69.6,113.1,3.01757,0.44344,3.37,26.5,22.0,35.5,5000.0,50.0
독산4동,금천구,행정동,37.46890784405917,126.90287000011105,단독다가구,전세,193,높음,법정동,10000.0,보증금,10459.4,6000.0,13000.0,7.28192,0.50196,260.87,36.6,25.0,51.6,10000.0,0.0
독산4동,금천구,행정동,37.46890784405917,126.90287000011105,아파트,전세,374,높음,법정동,43524.0,보증금,44011.2,33055.5,55000.0,6.88309,0.89638,621.264,60.0,59.8,84.8,43524.0,0.0
독산4동,금천구,행정동,37.46890784405917,126.90287000011105,연립다세대,전세,68,높음,해당지역,19450.0,보증금,18989.6,15525.0,21625.0,9.23904,0.1544,574.999,31.7,28.1,43.2,19450.0,0.0
독산4동,금천구,행정동,37.46890784405917,126.90287000011105,오피스텔,전세,585,높음,법정동,24000.0,보증금,23508.2,18000.0,27480.0,7.56838,0.72818,827.389,28.0,23.5,31.9,24000.0,0.0
시흥1동,금천구,행정동,37.45380456263669,126.90051410817749,단독다가구,매매,29,보통,법정동,70000.0,매매가,70206.3,41500.0,87991.0,7.6845,0.64364,316.265,170.8,146.5,246.7,,
시흥1동,금천구,행정동,37.45380456263669,126.90051410817749,아파트,매매,156,높음,해당지역,74850.0,매매가,70841.0,46925.0,92250.0,6.51375,1.08768,964.824,67.3,53.8,84.8,,
시흥1동,금천구,행정동,37.45380456263669,126.90051410817749,연립다세대,매매,73,높음,해당지역,27000.0,매매가,26947.5,22700.0,29300.0,8.83203,0.35535,626.886,45.0,29.9,54.7,,
시흥1동,금천구,행정동,37.45380456263669,126.90051410817749,오피스텔,매매,16,보통,해당지역,13000.0,매매가,15212.5,9000.0,16000.0,,,599.982,18.2,18.0,24.2,,
시흥1동,금천구,행정동,37.45380456263669,126.90051410817749,단독다가구,월세,658,높음,법정동,44.6,월환산,49.9,34.7,59.2,3.14262,0.1888,1.365,32.6,23.0,47.5,1000.0,40.0
시흥1동,금천구,행정동,37.45380456263669,126.90051410817749,아파트,월세,137,높음,해당지역,74.6,월환산,101.7,47.3,122.9,2.09361,0.5984,1.943,53.8,41.2,67.3,2440.0,50.0
시흥1동,금천구,행정동,37.45380456263669,126.90051410817749,연립다세대,월세,174,높음,해당지역,84.4,월환산,84.2,60.8,107.8,3.5282,0.2368,2.712,29.9,27.4,42.2,5000.0,34.0
시흥1동,금천구,행정동,37.45380456263669,126.90051410817749,오피스텔,월세,177,높음,해당지역,66.9,월환산,75.4,55.3,90.8,2.44693,0.5686,2.961,22.6,18.2,29.3,1800.0,50.0
시흥1동,금천구,행정동,37.45380456263669,126.90051410817749,단독다가구,전세,174,높음,법정동,10000.0,보증금,10605.6,7000.0,13000.0,7.34362,0.46205,224.781,40.4,30.7,58.6,10000.0,0.0
시흥1동,금천구,행정동,37.45380456263669,126.90051410817749,아파트,전세,144,높음,해당지역,25000.0,보증금,32176.6,18000.0,48625.0,5.61219,1.12961,484.966,54.6,49.8,78.1,25000.0,0.0
시흥1동,금천구,행정동,37.45380456263669,126.90051410817749,연립다세대,전세,101,높음,해당지역,20000.0,보증금,20117.6,17000.0,23100.0,9.00352,0.23884,625.0,30.0,28.2,48.6,20000.0,0.0
시흥1동,금천구,행정동,37.45380456263669,126.90051410817749,오피스텔,전세,118,높음,해당지역,15000.0,보증금,16653.5,13500.0,20500.0,7.38932,0.71299,713.606,21.0,18.3,31.9,15000.0,0.0
시흥2동,금천구,행정동,37.449790096769306,126.91794983461565,단독다가구,매매,29,보통,법정동,70000.0,매매가,70206.3,41500.0,87991.0,7.6845,0.64364,316.265,170.8,146.5,246.7,,
시흥2동,금천구,행정동,37.449790096769306,126.91794983461565,아파트,매매,156,높음,해당지역,53400.0,매매가,52048.8,45500.0,57000.0,8.55417,0.52379,651.648,85.0,59.9,85.0,,
시흥2동,금천구,행정동,37.449790096769306,126.91794983461565,연립다세대,매매,243,높음,법정동,28000.0,매매가,28638.9,23650.0,33000.0,8.89591,0.35059,640.915,44.6,34.5,55.0,,
시흥2동,금천구,행정동,37.449790096769306,126.91794983461565,오피스텔,매매,18,보통,법정동,14650.0,매매가,16127.8,9050.0,19375.0,,,570.693,20.3,18.1,29.1,,
시흥2동,금천구,행정동,37.449790096769306,126.91794983461565,단독다가구,월세,658,높음,법정동,44.6,월환산,49.9,34.7,59.2,3.14262,0.1888,1.365,32.6,23.0,47.5,1000.0,40.0
시흥2동,금천구,행정동,37.449790096769306,126.91794983461565,아파트,월세,86,높음,해당지역,129.2,월환산,107.1,19.9,160.8,-3.93089,2.02957,1.674,59.9,32.7,85.0,5000.0,57.5
시흥2동,금천구,행정동,37.449790096769306,126.91794983461565,연립다세대,월세,12,보통,해당지역,43.0,월환산,49.8,28.7,59.1,,,0.873,47.1,38.3,55.7,4350.0,17.5
시흥2동,금천구,행정동,37.449790096769306,126.91794983461565,오피스텔,월세,203,높음,법정동,69.6,월환산,76.0,55.6,91.8,2.45371,0.56128,2.865,24.1,18.2,32.5,2000.0,50.0
시흥2동,금천구,행정동,37.449790096769306,126.91794983461565,단독다가구,전세,174,높음,법정동,10000.0,보증금,10605.6,7000.0,13000.0,7.34362,0.46205,224.781,40.4,30.7,58.6,10000.0,0.0
시흥2동,금천구,행정동,37.449790096769306,126.91794983461565,아파트,전세,118,높음,해당지역,36000.0,보증금,37850.3,32000.0,42585.0,8.21574,0.52707,474.248,85.0,59.9,114.8,36000.0,0.0
시흥2동,금천구,행정동,37.449790096769306,126.91794983461565,연립다세대,전세,283,높음,법정동,18050.0,보증금,18401.3,15000.0,21650.0,9.2978,0.1294,488.346,39.5,29.6,51.1,18050.0,0.0
시흥2동,금천구,행정동,37.449790096769306,126.91794983461565,오피스텔,전세,128,높음,법정동,15000.0,보증금,16387.2,13000.0,20275.0,7.63575,0.62443,682.594,22.2,18.3,32.5,15000.0,0.0
시흥3동,금천구,행정동,37.44102961023835,126.90484492449252,단독다가구,매매,29,보통,법정동,70000.0,매매가,70206.3,41500.0,87991.0,7.6845,0.64364,316.265,170.8,146.5,246.7,,
시흥3동,금천구,행정동,37.44102961023835,126.90484492449252,아파트,매매,387,높음,법정동,53500.0,매매가,58367.2,45000.0,68000.0,7.59429,0.77792,742.574,79.8,59.8,85.0,,
시흥3동,금천구,행정동,37.44102961023835,126.90484492449252,연립다세대,매매,58,높음,해당지역,32850.0,매매가,31751.7,27000.0,37500.0,9.12958,0.30356,595.002,52.6,41.4,60.4,,
시흥3동,금천구,행정동,37.44102961023835,126.90484492449252,오피스텔,매매,18,보통,법정동,14650.0,매매가,16127.8,9050.0,19375.0,,,570.693,20.3,18.1,29.1,,
시흥3동,금천구,행정동,37.44102961023835,126.90484492449252,단독다가구,월세,658,높음,법정동,44.6,월환산,49.9,34.7,59.2,3.14262,0.1888,1.365,32.6,23.0,47.5,1000.0,40.0
시흥3동,금천구,행정동,37.44102961023835,126.90484492449252,아파트,월세,11,보통,해당지역,115.8,월환산,115.9,92.9,146.7,,,2.175,59.6,56.0,60.0,10000.0,70.0
시흥3동,금천구,행정동,37.44102961023835,126.90484492449252,연립다세대,월세,50,높음,해당지역,64.6,월환산,68.5,54.3,82.8,4.15033,0.00559,1.457,47.9,39.5,55.3,2000.0,50.0
시흥3동,금천구,행정동,37.44102961023835,126.90484492449252,오피스텔,월세,14,보통,해당지역,93.7,월환산,92.1,82.2,99.7,,,2.078,39.7,39.7,48.1,12211.5,27.0
시흥3동,금천구,행정동,37.44102961023835,126.90484492449252,단독다가구,전세,174,높음,법정동,10000.0,보증금,10605.6,7000.0,13000.0,7.34362,0.46205,224.781,40.4,30.7,58.6,10000.0,0.0
시흥3동,금천구,행정동,37.44102961023835,126.90484492449252,아파트,전세,321,높음,법정동,33000.0,보증금,34304.5,25000.0,43000.0,6.44468,0.92851,482.412,60.0,58.9,85.0,33000.0,0.0
시흥3동,금천구,행정동,37.44102961023835,126.90484492449252,연립다세대,전세,76,높음,해당지역,17000.0,보증금,17348.9,14650.0,20000.0,8.68135,0.26526,323.442,49.8,40.9,61.7,17000.0,0.0
시흥3동,금천구,행정동,37.44102961023835,126.90484492449252,오피스텔,전세,128,높음,법정동,15000.0,보증금,16387.2,13000.0,20275.0,7.63575,0.62443,682.594,22.2,18.3,32.5,15000.0,0.0
시흥4동,금천구,행정동,37.46046905312786,126.90884666770428,단독다가구,매매,29,보통,법정동,70000.0,매매가,70206.3,41500.0,87991.0,7.6845,0.64364,316.265,170.8,146.5,246.7,,
시흥4동,금천구,행정동,37.46046905312786,126.90884666770428,아파트,매매,37,높음,해당지역,47500.0,매매가,48212.2,43000.0,55500.0,7.63786,0.73962,712.474,59.9,59.9,84.6,,
시흥4동,금천구,행정동,37.46046905312786,126.90884666770428,연립다세대,매매,49,높음,해당지역,29000.0,매매가,27441.8,22000.0,32500.0,9.23951,0.25169,684.157,42.1,35.3,51.9,,
시흥4동,금천구,행정동,37.46046905312786,126.90884666770428,오피스텔,매매,18,보통,법정동,14650.0,매매가,16127.8,9050.0,19375.0,,,570.693,20.3,18.1,29.1,,
시흥4동,금천구,행정동,37.46046905312786,126.90884666770428,단독다가구,월세,658,높음,법정동,44.6,월환산,49.9,34.7,59.2,3.14262,0.1888,1.365,32.6,23.0,47.5,1000.0,40.0
시흥4동,금천구,행정동,37.46046905312786,126.90884666770428,아파트,월세,11,보통,해당지역,122.5,월환산,119.0,103.2,141.9,,,1.885,60.0,59.9,78.5,10000.0,75.0
시흥4동,금천구,행정동,37.46046905312786,126.90884666770428,연립다세대,월세,59,높음,해당지역,72.9,월환산,74.9,55.1,91.5,4.20406,0.0139,1.832,40.3,29.2,53.6,3000.0,50.0
시흥4동,금천구,행정동,37.46046905312786,126.90884666770428,오피스텔,월세,203,높음,법정동,69.6,월환산,76.0,55.6,91.8,2.45371,0.56128,2.865,24.1,18.2,32.5,2000.0,50.0
시흥4동,금천구,행정동,37.46046905312786,126.90884666770428,단독다가구,전세,174,높음,법정동,10000.0,보증금,10605.6,7000.0,13000.0,7.34362,0.46205,224.781,40.4,30.7,58.6,10000.0,0.0
시흥4동,금천구,행정동,37.46046905312786,126.90884666770428,아파트,전세,28,보통,해당지역,34250.0,보증금,34902.1,30000.0,40000.0,7.22832,0.75245,470.884,71.4,59.9,85.0,34250.0,0.0
시흥4동,금천구,행정동,37.46046905312786,126.90884666770428,연립다세대,전세,68,높음,해당지역,17720.0,보증금,17115.7,14275.0,19900.0,9.32479,0.10694,507.744,30.8,28.0,44.2,17720.0,0.0
시흥4동,금천구,행정동,37.46046905312786,126.90884666770428,오피스텔,전세,128,높음,법정동,15000.0,보증금,16387.2,13000.0,20275.0,7.63575,0.62443,682.594,22.2,18.3,32.5,15000.0,0.0
시흥5동,금천구,행정동,37.45019643547651,126.90902307859903,단독다가구,매매,29,보통,법정동,70000.0,매매가,70206.3,41500.0,87991.0,7.6845,0.64364,316.265,170.8,146.5,246.7,,
시흥5동,금천구,행정동,37.45019643547651,126.90902307859903,아파트,매매,29,보통,해당지역,42000.0,매매가,42886.2,32000.0,52500.0,7.51971,0.75735,707.38,61.2,41.3,82.5,,
시흥5동,금천구,행정동,37.45019643547651,126.90902307859903,연립다세대,매매,62,높음,해당지역,27850.0,매매가,28621.7,23275.0,33800.0,8.70246,0.41092,668.196,40.9,30.0,46.9,,
시흥5동,금천구,행정동,37.45019643547651,126.90902307859903,오피스텔,매매,18,보통,법정동,14650.0,매매가,16127.8,9050.0,19375.0,,,570.693,20.3,18.1,29.1,,
시흥5동,금천구,행정동,37.45019643547651,126.90902307859903,단독다가구,월세,658,높음,법정동,44.6,월환산,49.9,34.7,59.2,3.14262,0.1888,1.365,32.6,23.0,47.5,1000.0,40.0
시흥5동,금천구,행정동,37.45019643547651,126.90902307859903,아파트,월세,27,보통,해당지역,83.8,월환산,105.3,81.3,129.1,1.20974,0.85088,1.973,41.3,41.3,71.4,5000.0,70.0
시흥5동,금천구,행정동,37.45019643547651,126.90902307859903,연립다세대,월세,74,높음,해당지역,62.1,월환산,73.6,42.9,95.7,4.05642,0.02987,1.612,44.3,29.9,50.9,5250.0,30.0
시흥5동,금천구,행정동,37.45019643547651,126.90902307859903,오피스텔,월세,203,높음,법정동,69.6,월환산,76.0,55.6,91.8,2.45371,0.56128,2.865,24.1,18.2,32.5,2000.0,50.0
시흥5동,금천구,행정동,37.45019643547651,126.90902307859903,단독다가구,전세,174,높음,법정동,10000.0,보증금,10605.6,7000.0,13000.0,7.34362,0.46205,224.781,40.4,30.7,58.6,10000.0,0.0
시흥5동,금천구,행정동,37.45019643547651,126.90902307859903,아파트,전세,26,보통,해당지역,27500.0,보증금,28665.4,21000.0,34750.0,6.49706,0.90838,458.784,61.1,61.1,77.2,27500.0,0.0
시흥5동,금천구,행정동,37.45019643547651,126.90902307859903,연립다세대,전세,38,높음,해당지역,18275.0,보증금,18244.7,16337.5,19900.0,9.60493,0.05158,505.751,41.9,29.8,48.3,18275.0,0.0
시흥5동,금천구,행정동,37.45019643547651,126.90902307859903,오피스텔,전세,128,높음,법정동,15000.0,보증금,16387.2,13000.0,20275.0,7.63575,0.62443,682.594,22.2,18.3,32.5,15000.0,0.0
공릉1동,노원구,행정동,37.62431987465389,127.07293658400837,단독다가구,매매,32,높음,자치구,65000.0,매매가,67581.2,41875.0,78000.0,8.18986,0.57475,417.443,152.1,70.2,206.2,,
공릉1동,노원구,행정동,37.62431987465389,127.07293658400837,아파트,매매,306,높음,해당지역,53500.0,매매가,55870.3,38075.0,73225.0,6.95571,0.97071,943.348,59.6,39.6,81.2,,
공릉1동,노원구,행정동,37.62431987465389,127.07293658400837,연립다세대,매매,68,높음,해당지역,25000.0,매매가,26204.4,19125.0,31500.0,7.48969,0.6783,490.837,47.7,37.3,58.1,,
공릉1동,노원구,행정동,37.62431987465389,127.07293658400837,오피스텔,매매,68,높음,자치구,15950.0,매매가,23224.3,11975.0,25500.0,5.32332,1.22757,446.208,37.5,27.8,50.4,,
공릉1동,노원구,행정동,37.62431987465389,127.07293658400837,단독다가구,월세,1182,높음,법정동,48.8,월환산,50.9,41.3,54.6,3.04909,0.27606,2.592,18.0,16.0,20.0,1000.0,44.0
공릉1동,노원구,행정동,37.62431987465389,127.07293658400837,아파트,월세,197,높음,해당지역,74.6,월환산,95.7,65.6,112.9,2.16689,0.651,2.783,31.3,16.7,49.5,3000.0,63.0
공릉1동,노원구,행정동,37.62431987465389,127.07293658400837,연립다세대,월세,157,높음,해당지역,52.6,월환산,60.3,46.0,69.6,2.95996,0.3437,2.81,19.4,13.9,38.4,2000.0,45.0
공릉1동,노원구,행정동,37.62431987465389,127.07293658400837,오피스텔,월세,11,보통,해당지역,68.8,월환산,70.8,61.3,77.1,,,2.833,22.8,21.4,32.5,1000.0,60.0
공릉1동,노원구,행정동,37.62431987465389,127.07293658400837,단독다가구,전세,106,높음,법정동,8500.0,보증금,12074.5,7000.0,16375.0,6.82145,0.71769,378.972,21.7,17.0,44.1,8500.0,0.0
공릉1동,노원구,행정동,37.62431987465389,127.07293658400837,아파트,전세,145,높음,해당지역,33000.0,보증금,33613.4,21000.0,43000.0,6.7124,0.90641,583.917,59.0,39.6,84.7,33000.0,0.0
공릉1동,노원구,행정동,37.62431987465389,127.07293658400837,연립다세대,전세,45,높음,해당지역,16500.0,보증금,18633.1,8660.0,27000.0,7.36793,0.63366,445.928,41.2,29.8,53.1,16500.0,0.0
공릉1동,노원구,행정동,37.62431987465389,127.07293658400837,오피스텔,전세,40,높음,자치구,15700.0,보증금,20943.7,12500.0,26400.0,6.21849,0.97291,410.516,39.3,28.3,55.0,15700.0,0.0
공릉2동,노원구,행정동,37.625124095599894,127.08290112054611,단독다가구,매매,32,높음,자치구,65000.0,매매가,67581.2,41875.0,78000.0,8.18986,0.57475,417.443,152.1,70.2,206.2,,
공릉2동,노원구,행정동,37.625124095599894,127.08290112054611,아파트,매매,430,높음,해당지역,67700.0,매매가,70571.1,59000.0,81000.0,8.54417,0.61682,1004.135,60.0,51.0,84.8,,
공릉2동,노원구,행정동,37.625124095599894,127.08290112054611,연립다세대,매매,28,보통,해당지역,28550.0,매매가,40232.1,15575.0,43375.0,4.37751,1.4555,425.651,54.1,43.0,70.9,,
공릉2동,노원구,행정동,37.625124095599894,127.08290112054611,오피스텔,매매,68,높음,자치구,15950.0,매매가,23224.3,11975.0,25500.0,5.32332,1.22757,446.208,37.5,27.8,50.4,,
공릉2동,노원구,행정동,37.625124095599894,127.08290112054611,단독다가구,월세,1182,높음,법정동,48.8,월환산,50.9,41.3,54.6,3.04909,0.27606,2.592,18.0,16.0,20.0,1000.0,44.0
공릉2동,노원구,행정동,37.625124095599894,127.08290112054611,아파트,월세,288,높음,해당지역,122.9,월환산,120.3,42.3,176.0,-3.08566,1.91092,2.032,54.7,46.5,66.9,8740.0,55.0
공릉2동,노원구,행정동,37.625124095599894,127.08290112054611,연립다세대,월세,142,높음,해당지역,56.6,월환산,69.7,48.9,72.9,3.12218,0.29973,2.406,29.5,18.0,40.5,1000.0,50.0
공릉2동,노원구,행정동,37.625124095599894,127.08290112054611,오피스텔,월세,11,보통,법정동,68.8,월환산,70.8,61.3,77.1,,,2.833,22.8,21.4,32.5,1000.0,60.0
공릉2동,노원구,행정동,37.625124095599894,127.08290112054611,단독다가구,전세,106,높음,법정동,8500.0,보증금,12074.5,7000.0,16375.0,6.82145,0.71769,378.972,21.7,17.0,44.1,8500.0,0.0
공릉2동,노원구,행정동,37.625124095599894,127.08290112054611,아파트,전세,314,높음,해당지역,39700.0,보증금,41782.9,32625.0,49450.0,7.25238,0.80133,610.621,60.0,51.0,84.7,39700.0,0.0
공릉2동,노원구,행정동,37.625124095599894,127.08290112054611,연립다세대,전세,29,보통,해당지역,12000.0,보증금,13407.4,9000.0,16538.0,8.27516,0.31842,323.243,35.5,29.7,40.6,12000.0,0.0
공릉2동,노원구,행정동,37.625124095599894,127.08290112054611,오피스텔,전세,40,높음,자치구,15700.0,보증금,20943.7,12500.0,26400.0,6.21849,0.97291,410.516,39.3,28.3,55.0,15700.0,0.0
상계10동,노원구,행정동,37.66122017009837,127.06139710345079,단독다가구,매매,15,보통,법정동,60000.0,매매가,56160.0,41750.0,68000.0,,,379.716,156.3,90.4,173.3,,
상계10동,노원구,행정동,37.66122017009837,127.06139710345079,아파트,매매,335,높음,해당지역,60000.0,매매가,62543.1,48000.0,72000.0,7.51218,0.88992,1241.165,49.9,45.6,59.4,,
상계10동,노원구,행정동,37.66122017009837,127.06139710345079,연립다세대,매매,230,높음,법정동,31000.0,매매가,30924.5,24275.0,36625.0,7.87861,0.62665,647.308,49.3,38.8,57.9,,
상계10동,노원구,행정동,37.66122017009837,127.06139710345079,오피스텔,매매,35,높음,법정동,14050.0,매매가,14721.4,10500.0,15500.0,6.67887,0.8232,416.134,31.7,24.5,37.5,,
상계10동,노원구,행정동,37.66122017009837,127.06139710345079,단독다가구,월세,490,높음,법정동,47.3,월환산,52.8,37.3,62.6,2.93665,0.26469,1.436,35.3,25.5,50.0,1000.0,40.0
상계10동,노원구,행정동,37.66122017009837,127.06139710345079,아파트,월세,375,높음,해당지역,109.2,월환산,117.1,84.2,129.1,1.57955,0.81167,2.378,48.4,43.4,58.0,5000.0,79.0
상계10동,노원구,행정동,37.66122017009837,127.06139710345079,연립다세대,월세,242,높음,법정동,64.4,월환산,68.0,47.7,84.2,2.6551,0.41697,1.785,38.2,26.7,49.4,3780.0,39.0
상계10동,노원구,행정동,37.66122017009837,127.06139710345079,오피스텔,월세,10,보통,해당지역,69.6,월환산,69.9,67.9,73.3,,,2.481,28.0,26.2,30.8,1000.0,65.0
상계10동,노원구,행정동,37.66122017009837,127.06139710345079,단독다가구,전세,102,높음,법정동,10000.0,보증금,10664.2,6000.0,13900.0,6.47202,0.70182,240.279,41.7,32.3,55.8,10000.0,0.0
상계10동,노원구,행정동,37.66122017009837,127.06139710345079,아파트,전세,351,높음,해당지역,27000.0,보증금,31796.8,23000.0,34000.0,5.21591,1.26402,520.625,49.9,45.9,59.9,27000.0,0.0
상계10동,노원구,행정동,37.66122017009837,127.06139710345079,연립다세대,전세,151,높음,법정동,13000.0,보증금,14280.9,9185.5,18050.0,7.87524,0.43916,339.443,39.8,28.3,53.4,13000.0,0.0
상계10동,노원구,행정동,37.66122017009837,127.06139710345079,오피스텔,전세,23,보통,법정동,13500.0,보증금,13641.2,10000.0,14950.0,9.04606,0.12279,393.776,29.3,23.4,38.8,13500.0,0.0
상계1동,노원구,행정동,37.67947367051843,127.05473878953809,단독다가구,매매,15,보통,법정동,60000.0,매매가,56160.0,41750.0,68000.0,,,379.716,156.3,90.4,173.3,,
상계1동,노원구,행정동,37.67947367051843,127.05473878953809,아파트,매매,289,높음,해당지역,52000.0,매매가,53427.5,45000.0,60000.0,7.71761,0.75474,828.494,60.0,55.8,84.4,,
상계1동,노원구,행정동,37.67947367051843,127.05473878953809,연립다세대,매매,44,높음,해당지역,22725.0,매매가,23889.8,21800.0,27500.0,8.79692,0.34054,663.039,36.8,26.9,54.7,,
상계1동,노원구,행정동,37.67947367051843,127.05473878953809,오피스텔,매매,25,보통,해당지역,14800.0,매매가,14022.0,9750.0,15500.0,6.12672,0.9567,404.365,36.8,23.4,39.3,,
상계1동,노원구,행정동,37.67947367051843,127.05473878953809,단독다가구,월세,490,높음,법정동,47.3,월환산,52.8,37.3,62.6,2.93665,0.26469,1.436,35.3,25.5,50.0,1000.0,40.0
상계1동,노원구,행정동,37.67947367051843,127.05473878953809,아파트,월세,248,높음,해당지역,64.2,월환산,86.9,35.8,124.0,-3.54641,1.98299,1.282,45.8,39.8,60.0,4051.5,31.0
상계1동,노원구,행정동,37.67947367051843,127.05473878953809,연립다세대,월세,95,높음,해당지역,59.3,월환산,67.4,44.6,87.3,2.13552,0.55838,1.842,39.2,21.9,49.5,4000.0,38.0
상계1동,노원구,행정동,37.67947367051843,127.05473878953809,오피스텔,월세,98,높음,해당지역,57.3,월환산,60.8,52.3,67.9,1.95641,0.635,2.122,27.8,23.4,36.8,1000.0,52.5
상계1동,노원구,행정동,37.67947367051843,127.05473878953809,단독다가구,전세,102,높음,법정동,10000.0,보증금,10664.2,6000.0,13900.0,6.47202,0.70182,240.279,41.7,32.3,55.8,10000.0,0.0
상계1동,노원구,행정동,37.67947367051843,127.05473878953809,아파트,전세,229,높음,해당지역,33000.0,보증금,34632.9,27000.0,40000.0,7.10389,0.7855,506.329,60.0,49.8,84.8,33000.0,0.0
상계1동,노원구,행정동,37.67947367051843,127.05473878953809,연립다세대,전세,49,높음,해당지역,11700.0,보증금,13665.1,8400.0,19600.0,7.03004,0.67967,368.337,34.5,18.7,58.9,11700.0,0.0
상계1동,노원구,행정동,37.67947367051843,127.05473878953809,오피스텔,전세,14,보통,해당지역,13365.0,보증금,11488.4,8730.0,13912.5,,,360.875,37.5,26.6,39.3,13365.0,0.0
상계2동,노원구,행정동,37.65634484494871,127.06741974810406,단독다가구,매매,15,보통,법정동,60000.0,매매가,56160.0,41750.0,68000.0,,,379.716,156.3,90.4,173.3,,
상계2동,노원구,행정동,37.65634484494871,127.06741974810406,아파트,매매,105,높음,해당지역,67000.0,매매가,67082.4,59900.0,75000.0,7.4404,0.85724,967.634,60.0,59.8,84.9,,
상계2동,노원구,행정동,37.65634484494871,127.06741974810406,연립다세대,매매,25,보통,해당지역,29000.0,매매가,25897.0,18500.0,31800.0,7.37995,0.73834,595.855,41.6,36.3,56.1,,
상계2동,노원구,행정동,37.65634484494871,127.06741974810406,오피스텔,매매,35,높음,법정동,14050.0,매매가,14721.4,10500.0,15500.0,6.67887,0.8232,416.134,31.7,24.5,37.5,,
상계2동,노원구,행정동,37.65634484494871,127.06741974810406,단독다가구,월세,490,높음,법정동,47.3,월환산,52.8,37.3,62.6,2.93665,0.26469,1.436,35.3,25.5,50.0,1000.0,40.0
상계2동,노원구,행정동,37.65634484494871,127.06741974810406,아파트,월세,60,높음,해당지역,158.6,월환산,139.6,62.3,199.6,2.33847,0.66896,3.042,59.8,14.6,84.6,9000.0,60.0
상계2동,노원구,행정동,37.65634484494871,127.06741974810406,연립다세대,월세,49,높음,해당지역,61.6,월환산,64.9,52.3,75.8,2.95215,0.36423,2.586,25.5,15.1,36.7,1000.0,50.0
상계2동,노원구,행정동,37.65634484494871,127.06741974810406,오피스텔,월세,12,보통,해당지역,64.6,월환산,68.2,64.6,67.3,,,2.53,25.5,25.5,27.3,1000.0,60.0
상계2동,노원구,행정동,37.65634484494871,127.06741974810406,단독다가구,전세,102,높음,법정동,10000.0,보증금,10664.2,6000.0,13900.0,6.47202,0.70182,240.279,41.7,32.3,55.8,10000.0,0.0
상계2동,노원구,행정동,37.65634484494871,127.06741974810406,아파트,전세,73,높음,해당지역,45000.0,보증금,43606.8,37000.0,52500.0,7.24116,0.78846,588.305,84.6,59.9,84.9,45000.0,0.0
상계2동,노원구,행정동,37.65634484494871,127.06741974810406,연립다세대,전세,16,보통,해당지역,13000.0,보증금,14015.6,10737.5,18025.0,,,362.867,41.6,26.0,49.0,13000.0,0.0
상계2동,노원구,행정동,37.65634484494871,127.06741974810406,오피스텔,전세,23,보통,법정동,13500.0,보증금,13641.2,10000.0,14950.0,9.04606,0.12279,393.776,29.3,23.4,38.8,13500.0,0.0
상계3.4동,노원구,행정동,37.66632349170617,127.07764483127741,단독다가구,매매,15,보통,법정동,60000.0,매매가,56160.0,41750.0,68000.0,,,379.716,156.3,90.4,173.3,,
상계3.4동,노원구,행정동,37.66632349170617,127.07764483127741,아파트,매매,216,높음,해당지역,61300.0,매매가,69989.4,48300.0,90700.0,8.34832,0.65276,884.067,60.0,59.4,84.9,,
상계3.4동,노원구,행정동,37.66632349170617,127.07764483127741,연립다세대,매매,136,높음,해당지역,35000.0,매매가,35294.5,30500.0,40000.0,8.49127,0.4976,663.031,52.5,44.3,60.2,,
상계3.4동,노원구,행정동,37.66632349170617,127.07764483127741,오피스텔,매매,35,높음,법정동,14050.0,매매가,14721.4,10500.0,15500.0,6.67887,0.8232,416.134,31.7,24.5,37.5,,
상계3.4동,노원구,행정동,37.66632349170617,127.07764483127741,단독다가구,월세,490,높음,법정동,47.3,월환산,52.8,37.3,62.6,2.93665,0.26469,1.436,35.3,25.5,50.0,1000.0,40.0
상계3.4동,노원구,행정동,37.66632349170617,127.07764483127741,아파트,월세,156,높음,해당지역,31.5,월환산,90.8,18.3,158.3,-4.90786,2.33584,0.708,43.6,27.0,60.0,4000.0,20.0
상계3.4동,노원구,행정동,37.66632349170617,127.07764483127741,연립다세대,월세,54,높음,해당지역,62.6,월환산,63.2,44.9,78.8,2.44571,0.43032,1.324,44.4,36.7,54.8,4000.0,30.0
상계3.4동,노원구,행정동,37.66632349170617,127.07764483127741,오피스텔,월세,144,높음,법정동,64.6,월환산,65.0,52.3,69.6,3.01977,0.34142,2.238,26.4,23.4,33.0,1000.0,60.0
상계3.4동,노원구,행정동,37.66632349170617,127.07764483127741,단독다가구,전세,102,높음,법정동,10000.0,보증금,10664.2,6000.0,13900.0,6.47202,0.70182,240.279,41.7,32.3,55.8,10000.0,0.0
상계3.4동,노원구,행정동,37.66632349170617,127.07764483127741,아파트,전세,168,높음,해당지역,42000.0,보증금,42785.8,30000.0,55000.0,5.17723,1.2835,569.65,60.0,59.6,84.9,42000.0,0.0
상계3.4동,노원구,행정동,37.66632349170617,127.07764483127741,연립다세대,전세,44,높음,해당지역,13000.0,보증금,13828.1,10000.0,16250.0,10.17293,-0.19156,283.827,47.7,35.9,57.4,13000.0,0.0
상계3.4동,노원구,행정동,37.66632349170617,127.07764483127741,오피스텔,전세,23,보통,법정동,13500.0,보증금,13641.2,10000.0,14950.0,9.04606,0.12279,393.776,29.3,23.4,38.8,13500.0,0.0
상계5동,노원구,행정동,37.66339993496214,127.07070146231632,단독다가구,매매,15,보통,법정동,60000.0,매매가,56160.0,41750.0,68000.0,,,379.716,156.3,90.4,173.3,,
상계5동,노원구,행정동,37.66339993496214,127.07070146231632,아파트,매매,137,높음,해당지역,48000.0,매매가,47745.3,37700.0,57000.0,7.42481,0.80861,773.024,59.9,46.8,84.5,,
상계5동,노원구,행정동,37.66339993496214,127.07070146231632,연립다세대,매매,25,보통,해당지역,25000.0,매매가,24560.0,18600.0,29000.0,8.5126,0.396,512.964,47.6,40.5,55.6,,
상계5동,노원구,행정동,37.66339993496214,127.07070146231632,오피스텔,매매,35,높음,법정동,14050.0,매매가,14721.4,10500.0,15500.0,6.67887,0.8232,416.134,31.7,24.5,37.5,,
상계5동,노원구,행정동,37.66339993496214,127.07070146231632,단독다가구,월세,490,높음,법정동,47.3,월환산,52.8,37.3,62.6,2.93665,0.26469,1.436,35.3,25.5,50.0,1000.0,40.0
상계5동,노원구,행정동,37.66339993496214,127.07070146231632,아파트,월세,78,높음,해당지역,99.4,월환산,108.1,84.6,117.5,0.69015,0.99797,2.026,46.8,45.9,59.9,4000.0,80.0
상계5동,노원구,행정동,37.66339993496214,127.07070146231632,연립다세대,월세,44,높음,해당지역,74.4,월환산,78.4,65.8,88.8,1.82087,0.66647,1.726,40.6,36.2,51.6,6500.0,40.0
상계5동,노원구,행정동,37.66339993496214,127.07070146231632,오피스텔,월세,144,높음,법정동,64.6,월환산,65.0,52.3,69.6,3.01977,0.34142,2.238,26.4,23.4,33.0,1000.0,60.0
상계5동,노원구,행정동,37.66339993496214,127.07070146231632,단독다가구,전세,102,높음,법정동,10000.0,보증금,10664.2,6000.0,13900.0,6.47202,0.70182,240.279,41.7,32.3,55.8,10000.0,0.0
상계5동,노원구,행정동,37.66339993496214,127.07070146231632,아파트,전세,80,높음,해당지역,23000.0,보증금,26166.8,20000.0,30000.0,5.79625,1.08082,458.943,46.8,45.9,59.9,23000.0,0.0
상계5동,노원구,행정동,37.66339993496214,127.07070146231632,연립다세대,전세,42,높음,해당지역,15750.0,보증금,15574.8,11662.5,18875.0,9.71391,-0.0345,335.516,38.9,29.4,48.6,15750.0,0.0
상계5동,노원구,행정동,37.66339993496214,127.07070146231632,오피스텔,전세,23,보통,법정동,13500.0,보증금,13641.2,10000.0,14950.0,9.04606,0.12279,393.776,29.3,23.4,38.8,13500.0,0.0
상계6.7동,노원구,행정동,37.650518687097026,127.06157737106989,단독다가구,매매,15,보통,법정동,60000.0,매매가,56160.0,41750.0,68000.0,,,379.716,156.3,90.4,173.3,,
상계6.7동,노원구,행정동,37.650518687097026,127.06157737106989,아파트,매매,548,높음,해당지역,62250.0,매매가,62638.7,50000.0,74550.0,7.74842,0.82987,1186.441,58.0,41.3,59.2,,
상계6.7동,노원구,행정동,37.650518687097026,127.06157737106989,연립다세대,매매,230,높음,법정동,31000.0,매매가,30924.5,24275.0,36625.0,7.87861,0.62665,647.308,49.3,38.8,57.9,,
상계6.7동,노원구,행정동,37.650518687097026,127.06157737106989,오피스텔,매매,35,높음,법정동,14050.0,매매가,14721.4,10500.0,15500.0,6.67887,0.8232,416.134,31.7,24.5,37.5,,
상계6.7동,노원구,행정동,37.650518687097026,127.06157737106989,단독다가구,월세,490,높음,법정동,47.3,월환산,52.8,37.3,62.6,2.93665,0.26469,1.436,35.3,25.5,50.0,1000.0,40.0
상계6.7동,노원구,행정동,37.650518687097026,127.06157737106989,아파트,월세,542,높음,해당지역,89.4,월환산,99.7,71.8,122.9,0.56421,1.04132,2.163,41.3,32.4,58.0,3000.0,70.0
상계6.7동,노원구,행정동,37.650518687097026,127.06157737106989,연립다세대,월세,242,높음,법정동,64.4,월환산,68.0,47.7,84.2,2.6551,0.41697,1.785,38.2,26.7,49.4,3780.0,39.0
상계6.7동,노원구,행정동,37.650518687097026,127.06157737106989,오피스텔,월세,21,보통,해당지역,79.6,월환산,82.4,69.6,86.6,4.02296,0.11892,3.902,19.0,19.0,27.6,1000.0,75.0
상계6.7동,노원구,행정동,37.650518687097026,127.06157737106989,단독다가구,전세,102,높음,법정동,10000.0,보증금,10664.2,6000.0,13900.0,6.47202,0.70182,240.279,41.7,32.3,55.8,10000.0,0.0
상계6.7동,노원구,행정동,37.650518687097026,127.06157737106989,아파트,전세,644,높음,해당지역,26050.0,보증금,27236.0,20331.0,32625.0,6.00615,1.0446,502.953,58.0,41.3,59.4,26050.0,0.0
상계6.7동,노원구,행정동,37.650518687097026,127.06157737106989,연립다세대,전세,151,높음,법정동,13000.0,보증금,14280.9,9185.5,18050.0,7.87524,0.43916,339.443,39.8,28.3,53.4,13000.0,0.0
상계6.7동,노원구,행정동,37.650518687097026,127.06157737106989,오피스텔,전세,23,보통,법정동,13500.0,보증금,13641.2,10000.0,14950.0,9.04606,0.12279,393.776,29.3,23.4,38.8,13500.0,0.0
상계8동,노원구,행정동,37.66731261690863,127.05435810928626,단독다가구,매매,15,보통,법정동,60000.0,매매가,56160.0,41750.0,68000.0,,,379.716,156.3,90.4,173.3,,
상계8동,노원구,행정동,37.66731261690863,127.05435810928626,아파트,매매,266,높음,해당지역,54000.0,매매가,56079.7,48000.0,64725.0,7.44268,0.86966,1034.818,58.0,45.9,59.4,,
상계8동,노원구,행정동,37.66731261690863,127.05435810928626,연립다세대,매매,230,높음,법정동,31000.0,매매가,30924.5,24275.0,36625.0,7.87861,0.62665,647.308,49.3,38.8,57.9,,
상계8동,노원구,행정동,37.66731261690863,127.05435810928626,오피스텔,매매,35,높음,법정동,14050.0,매매가,14721.4,10500.0,15500.0,6.67887,0.8232,416.134,31.7,24.5,37.5,,
상계8동,노원구,행정동,37.66731261690863,127.05435810928626,단독다가구,월세,490,높음,법정동,47.3,월환산,52.8,37.3,62.6,2.93665,0.26469,1.436,35.3,25.5,50.0,1000.0,40.0
상계8동,노원구,행정동,37.66731261690863,127.05435810928626,아파트,월세,551,높음,해당지역,64.2,월환산,76.0,51.8,98.5,-3.94398,2.11323,1.342,49.9,41.3,49.9,5000.0,32.0
상계8동,노원구,행정동,37.66731261690863,127.05435810928626,연립다세대,월세,242,높음,법정동,64.4,월환산,68.0,47.7,84.2,2.6551,0.41697,1.785,38.2,26.7,49.4,3780.0,39.0
상계8동,노원구,행정동,37.66731261690863,127.05435810928626,오피스텔,월세,144,높음,법정동,64.6,월환산,65.0,52.3,69.6,3.01977,0.34142,2.238,26.4,23.4,33.0,1000.0,60.0
상계8동,노원구,행정동,37.66731261690863,127.05435810928626,단독다가구,전세,102,높음,법정동,10000.0,보증금,10664.2,6000.0,13900.0,6.47202,0.70182,240.279,41.7,32.3,55.8,10000.0,0.0
상계8동,노원구,행정동,37.66731261690863,127.05435810928626,아파트,전세,682,높음,해당지역,17103.0,보증금,20950.3,15392.0,25200.0,3.31255,1.68394,342.471,49.9,41.3,58.0,17103.0,0.0
상계8동,노원구,행정동,37.66731261690863,127.05435810928626,연립다세대,전세,151,높음,법정동,13000.0,보증금,14280.9,9185.5,18050.0,7.87524,0.43916,339.443,39.8,28.3,53.4,13000.0,0.0
상계8동,노원구,행정동,37.66731261690863,127.05435810928626,오피스텔,전세,23,보통,법정동,13500.0,보증금,13641.2,10000.0,14950.0,9.04606,0.12279,393.776,29.3,23.4,38.8,13500.0,0.0
상계9동,노원구,행정동,37.66755698992176,127.06012877149489,단독다가구,매매,15,보통,법정동,60000.0,매매가,56160.0,41750.0,68000.0,,,379.716,156.3,90.4,173.3,,
상계9동,노원구,행정동,37.66755698992176,127.06012877149489,아파트,매매,343,높음,해당지역,51500.0,매매가,52440.7,43000.0,60000.0,7.35165,0.88318,985.65,49.9,44.3,58.0,,
상계9동,노원구,행정동,37.66755698992176,127.06012877149489,연립다세대,매매,230,높음,법정동,31000.0,매매가,30924.5,24275.0,36625.0,7.87861,0.62665,647.308,49.3,38.8,57.9,,
상계9동,노원구,행정동,37.66755698992176,127.06012877149489,오피스텔,매매,35,높음,법정동,14050.0,매매가,14721.4,10500.0,15500.0,6.67887,0.8232,416.134,31.7,24.5,37.5,,
상계9동,노원구,행정동,37.66755698992176,127.06012877149489,단독다가구,월세,490,높음,법정동,47.3,월환산,52.8,37.3,62.6,2.93665,0.26469,1.436,35.3,25.5,50.0,1000.0,40.0
상계9동,노원구,행정동,37.66755698992176,127.06012877149489,아파트,월세,246,높음,해당지역,99.6,월환산,103.2,84.9,118.5,1.20684,0.87218,2.093,45.9,41.3,49.9,3000.0,80.0
상계9동,노원구,행정동,37.66755698992176,127.06012877149489,연립다세대,월세,242,높음,법정동,64.4,월환산,68.0,47.7,84.2,2.6551,0.41697,1.785,38.2,26.7,49.4,3780.0,39.0
상계9동,노원구,행정동,37.66755698992176,127.06012877149489,오피스텔,월세,144,높음,법정동,64.6,월환산,65.0,52.3,69.6,3.01977,0.34142,2.238,26.4,23.4,33.0,1000.0,60.0
상계9동,노원구,행정동,37.66755698992176,127.06012877149489,단독다가구,전세,102,높음,법정동,10000.0,보증금,10664.2,6000.0,13900.0,6.47202,0.70182,240.279,41.7,32.3,55.8,10000.0,0.0
상계9동,노원구,행정동,37.66755698992176,127.06012877149489,아파트,전세,329,높음,해당지역,24100.0,보증금,25323.3,20000.0,30000.0,6.16483,1.00175,489.334,49.9,44.3,54.6,24100.0,0.0
상계9동,노원구,행정동,37.66755698992176,127.06012877149489,연립다세대,전세,151,높음,법정동,13000.0,보증금,14280.9,9185.5,18050.0,7.87524,0.43916,339.443,39.8,28.3,53.4,13000.0,0.0
상계9동,노원구,행정동,37.66755698992176,127.06012877149489,오피스텔,전세,23,보통,법정동,13500.0,보증금,13641.2,10000.0,14950.0,9.04606,0.12279,393.776,29.3,23.4,38.8,13500.0,0.0
월계1동,노원구,행정동,37.62122348385154,127.05978784202043,단독다가구,매매,32,높음,자치구,65000.0,매매가,67581.2,41875.0,78000.0,8.18986,0.57475,417.443,152.1,70.2,206.2,,
월계1동,노원구,행정동,37.62122348385154,127.05978784202043,아파트,매매,190,높음,해당지역,87500.0,매매가,84530.5,76575.0,95000.0,8.72374,0.59684,1087.245,84.8,70.8,91.5,,
월계1동,노원구,행정동,37.62122348385154,127.05978784202043,연립다세대,매매,37,높음,해당지역,20500.0,매매가,22686.2,13000.0,30000.0,7.54838,0.64323,501.166,46.0,34.8,52.7,,
월계1동,노원구,행정동,37.62122348385154,127.05978784202043,오피스텔,매매,68,높음,자치구,15950.0,매매가,23224.3,11975.0,25500.0,5.32332,1.22757,446.208,37.5,27.8,50.4,,
월계1동,노원구,행정동,37.62122348385154,127.05978784202043,단독다가구,월세,282,높음,법정동,47.3,월환산,52.3,43.4,54.6,2.55454,0.44865,2.615,18.0,16.0,23.1,500.0,45.0
월계1동,노원구,행정동,37.62122348385154,127.05978784202043,아파트,월세,148,높음,해당지역,69.4,월환산,108.0,54.3,165.3,1.90656,0.70858,2.582,58.2,18.5,71.8,5100.0,45.0
월계1동,노원구,행정동,37.62122348385154,127.05978784202043,연립다세대,월세,78,높음,해당지역,59.2,월환산,63.7,48.1,73.8,3.02822,0.32879,2.252,31.2,14.4,41.3,1500.0,44.5
월계1동,노원구,행정동,37.62122348385154,127.05978784202043,오피스텔,월세,22,보통,해당지역,64.6,월환산,62.0,61.1,64.6,3.52558,0.18316,2.153,30.0,21.2,30.0,1000.0,60.0
월계1동,노원구,행정동,37.62122348385154,127.05978784202043,단독다가구,전세,22,보통,법정동,10000.0,보증금,11287.3,6375.0,12750.0,6.46562,0.7588,283.088,37.5,32.2,46.4,10000.0,0.0
월계1동,노원구,행정동,37.62122348385154,127.05978784202043,아파트,전세,99,높음,해당지역,43000.0,보증금,42058.8,35250.0,49675.0,8.17859,0.56385,588.374,66.4,60.0,85.0,43000.0,0.0
월계1동,노원구,행정동,37.62122348385154,127.05978784202043,연립다세대,전세,42,높음,해당지역,15413.0,보증금,16503.0,11000.0,21000.0,7.47659,0.59732,367.68,35.6,29.4,47.4,15413.0,0.0
월계1동,노원구,행정동,37.62122348385154,127.05978784202043,오피스텔,전세,40,높음,자치구,15700.0,보증금,20943.7,12500.0,26400.0,6.21849,0.97291,410.516,39.3,28.3,55.0,15700.0,0.0
월계2동,노원구,행정동,37.630777713116544,127.05251661766941,단독다가구,매매,32,높음,자치구,65000.0,매매가,67581.2,41875.0,78000.0,8.18986,0.57475,417.443,152.1,70.2,206.2,,
월계2동,노원구,행정동,37.630777713116544,127.05251661766941,아파트,매매,262,높음,해당지역,51000.0,매매가,59062.4,36725.0,74000.0,6.51676,1.05725,801.068,59.9,44.9,84.9,,
월계2동,노원구,행정동,37.630777713116544,127.05251661766941,연립다세대,매매,10,보통,해당지역,24000.0,매매가,24760.0,18875.0,29125.0,,,468.373,50.5,41.1,64.8,,
월계2동,노원구,행정동,37.630777713116544,127.05251661766941,오피스텔,매매,68,높음,자치구,15950.0,매매가,23224.3,11975.0,25500.0,5.32332,1.22757,446.208,37.5,27.8,50.4,,
월계2동,노원구,행정동,37.630777713116544,127.05251661766941,단독다가구,월세,282,높음,법정동,47.3,월환산,52.3,43.4,54.6,2.55454,0.44865,2.615,18.0,16.0,23.1,500.0,45.0
월계2동,노원구,행정동,37.630777713116544,127.05251661766941,아파트,월세,206,높음,해당지역,90.2,월환산,103.6,67.1,112.8,-4.25376,2.17905,1.774,49.8,39.8,60.0,6217.0,48.0
월계2동,노원구,행정동,37.630777713116544,127.05251661766941,연립다세대,월세,21,보통,해당지역,80.9,월환산,72.0,52.3,85.8,1.83746,0.65813,2.052,29.7,21.6,47.8,1717.0,40.0
월계2동,노원구,행정동,37.630777713116544,127.05251661766941,오피스텔,월세,22,보통,법정동,64.6,월환산,62.0,61.1,64.6,3.52558,0.18316,2.153,30.0,21.2,30.0,1000.0,60.0
월계2동,노원구,행정동,37.630777713116544,127.05251661766941,단독다가구,전세,22,보통,법정동,10000.0,보증금,11287.3,6375.0,12750.0,6.46562,0.7588,283.088,37.5,32.2,46.4,10000.0,0.0
월계2동,노원구,행정동,37.630777713116544,127.05251661766941,아파트,전세,204,높음,해당지역,30000.0,보증금,35203.4,20000.0,50000.0,5.49654,1.18338,505.051,59.8,44.5,85.0,30000.0,0.0
월계2동,노원구,행정동,37.630777713116544,127.05251661766941,연립다세대,전세,52,높음,법정동,15413.0,보증금,16977.4,11000.0,21100.0,7.34062,0.63136,354.446,38.4,29.9,50.5,15413.0,0.0
월계2동,노원구,행정동,37.630777713116544,127.05251661766941,오피스텔,전세,40,높음,자치구,15700.0,보증금,20943.7,12500.0,26400.0,6.21849,0.97291,410.516,39.3,28.3,55.0,15700.0,0.0
월계3동,노원구,행정동,37.62410849414975,127.06513740188787,단독다가구,매매,32,높음,자치구,65000.0,매매가,67581.2,41875.0,78000.0,8.18986,0.57475,417.443,152.1,70.2,206.2,,
월계3동,노원구,행정동,37.62410849414975,127.06513740188787,아파트,매매,367,높음,해당지역,89500.0,매매가,82146.5,68000.0,101350.0,8.29291,0.73639,1447.57,51.5,49.9,59.9,,
월계3동,노원구,행정동,37.62410849414975,127.06513740188787,연립다세대,매매,47,높음,법정동,22300.0,매매가,23127.4,14355.0,29750.0,7.57897,0.63164,495.148,46.1,35.9,54.8,,
월계3동,노원구,행정동,37.62410849414975,127.06513740188787,오피스텔,매매,68,높음,자치구,15950.0,매매가,23224.3,11975.0,25500.0,5.32332,1.22757,446.208,37.5,27.8,50.4,,
월계3동,노원구,행정동,37.62410849414975,127.06513740188787,단독다가구,월세,282,높음,법정동,47.3,월환산,52.3,43.4,54.6,2.55454,0.44865,2.615,18.0,16.0,23.1,500.0,45.0
월계3동,노원구,행정동,37.62410849414975,127.06513740188787,아파트,월세,379,높음,해당지역,99.2,월환산,110.4,76.2,126.2,-3.44022,2.03469,2.083,50.2,33.3,59.2,2000.0,76.0
월계3동,노원구,행정동,37.62410849414975,127.06513740188787,연립다세대,월세,99,높음,법정동,62.2,월환산,65.5,49.6,80.0,2.91064,0.36151,2.246,30.0,15.5,41.9,1500.0,44.0
월계3동,노원구,행정동,37.62410849414975,127.06513740188787,오피스텔,월세,22,보통,법정동,64.6,월환산,62.0,61.1,64.6,3.52558,0.18316,2.153,30.0,21.2,30.0,1000.0,60.0
월계3동,노원구,행정동,37.62410849414975,127.06513740188787,단독다가구,전세,22,보통,법정동,10000.0,보증금,11287.3,6375.0,12750.0,6.46562,0.7588,283.088,37.5,32.2,46.4,10000.0,0.0
월계3동,노원구,행정동,37.62410849414975,127.06513740188787,아파트,전세,494,높음,해당지역,28000.0,보증금,32100.2,22000.0,41502.5,5.00492,1.30113,505.051,59.2,50.1,59.9,28000.0,0.0
월계3동,노원구,행정동,37.62410849414975,127.06513740188787,연립다세대,전세,52,높음,법정동,15413.0,보증금,16977.4,11000.0,21100.0,7.34062,0.63136,354.446,38.4,29.9,50.5,15413.0,0.0
월계3동,노원구,행정동,37.62410849414975,127.06513740188787,오피스텔,전세,40,높음,자치구,15700.0,보증금,20943.7,12500.0,26400.0,6.21849,0.97291,410.516,39.3,28.3,55.0,15700.0,0.0
중계1동,노원구,행정동,37.650949457614594,127.07438184743401,단독다가구,매매,32,높음,자치구,65000.0,매매가,67581.2,41875.0,78000.0,8.18986,0.57475,417.443,152.1,70.2,206.2,,
중계1동,노원구,행정동,37.650949457614594,127.07438184743401,아파트,매매,289,높음,해당지역,82000.0,매매가,88186.2,60000.0,118000.0,6.56014,1.12737,1186.645,60.0,49.7,84.9,,
중계1동,노원구,행정동,37.650949457614594,127.07438184743401,연립다세대,매매,29,보통,법정동,21400.0,매매가,21112.1,15000.0,30000.0,6.44846,0.87556,389.54,50.6,40.2,55.4,,
중계1동,노원구,행정동,37.650949457614594,127.07438184743401,오피스텔,매매,26,보통,법정동,27000.0,매매가,36030.8,21625.0,52850.0,4.08619,1.55402,535.416,50.8,43.8,78.8,,
중계1동,노원구,행정동,37.650949457614594,127.07438184743401,단독다가구,월세,33,높음,법정동,49.6,월환산,55.9,39.6,59.6,3.02715,0.27142,2.099,23.0,16.0,34.8,1000.0,45.0
중계1동,노원구,행정동,37.650949457614594,127.07438184743401,아파트,월세,238,높음,해당지역,126.1,월환산,161.5,84.6,242.9,-3.08125,1.97052,2.421,49.7,44.5,84.8,5000.0,86.5
중계1동,노원구,행정동,37.650949457614594,127.07438184743401,연립다세대,월세,46,높음,법정동,66.7,월환산,78.1,55.7,96.2,0.91105,0.88221,1.615,44.6,37.6,50.7,10000.0,35.0
중계1동,노원구,행정동,37.650949457614594,127.07438184743401,오피스텔,월세,43,높음,법정동,84.6,월환산,106.2,73.4,129.0,0.50629,1.06356,2.151,41.7,34.5,55.5,1000.0,75.0
중계1동,노원구,행정동,37.650949457614594,127.07438184743401,단독다가구,전세,14,보통,법정동,14000.0,보증금,12567.9,7375.0,15000.0,,,306.25,47.5,32.5,86.0,14000.0,0.0
중계1동,노원구,행정동,37.650949457614594,127.07438184743401,아파트,전세,317,높음,해당지역,50000.0,보증금,50948.8,34000.0,68000.0,4.03358,1.59216,718.103,76.5,58.1,84.9,50000.0,0.0
중계1동,노원구,행정동,37.650949457614594,127.07438184743401,연립다세대,전세,35,높음,법정동,19000.0,보증금,17769.8,11500.0,23000.0,4.95786,1.19804,328.947,53.0,40.1,59.1,19000.0,0.0
중계1동,노원구,행정동,37.650949457614594,127.07438184743401,오피스텔,전세,15,보통,법정동,34650.0,보증금,33560.0,25000.0,39000.0,,,505.858,69.0,51.3,72.5,34650.0,0.0
중계2.3동,노원구,행정동,37.64299067165861,127.06471589653638,단독다가구,매매,32,높음,자치구,65000.0,매매가,67581.2,41875.0,78000.0,8.18986,0.57475,417.443,152.1,70.2,206.2,,
중계2.3동,노원구,행정동,37.64299067165861,127.06471589653638,아파트,매매,326,높음,해당지역,60000.0,매매가,61612.2,50000.0,68275.0,7.81956,0.80754,1177.355,49.5,40.0,59.3,,
중계2.3동,노원구,행정동,37.64299067165861,127.06471589653638,연립다세대,매매,29,보통,법정동,21400.0,매매가,21112.1,15000.0,30000.0,6.44846,0.87556,389.54,50.6,40.2,55.4,,
중계2.3동,노원구,행정동,37.64299067165861,127.06471589653638,오피스텔,매매,25,보통,해당지역,30000.0,매매가,36932.0,22000.0,53300.0,4.09917,1.55095,554.997,51.3,50.4,81.0,,
중계2.3동,노원구,행정동,37.64299067165861,127.06471589653638,단독다가구,월세,33,높음,법정동,49.6,월환산,55.9,39.6,59.6,3.02715,0.27142,2.099,23.0,16.0,34.8,1000.0,45.0
중계2.3동,노원구,행정동,37.64299067165861,127.06471589653638,아파트,월세,236,높음,해당지역,109.2,월환산,113.9,93.8,129.2,-0.57743,1.34119,2.369,49.5,39.9,49.9,3000.0,85.0
중계2.3동,노원구,행정동,37.64299067165861,127.06471589653638,연립다세대,월세,46,높음,법정동,66.7,월환산,78.1,55.7,96.2,0.91105,0.88221,1.615,44.6,37.6,50.7,10000.0,35.0
중계2.3동,노원구,행정동,37.64299067165861,127.06471589653638,오피스텔,월세,33,높음,해당지역,89.6,월환산,121.9,79.6,162.2,0.12763,1.15713,2.128,50.4,41.7,72.4,1000.0,80.0
중계2.3동,노원구,행정동,37.64299067165861,127.06471589653638,단독다가구,전세,14,보통,법정동,14000.0,보증금,12567.9,7375.0,15000.0,,,306.25,47.5,32.5,86.0,14000.0,0.0
중계2.3동,노원구,행정동,37.64299067165861,127.06471589653638,아파트,전세,337,높음,해당지역,29000.0,보증금,31368.7,24000.0,34000.0,5.95634,1.09708,565.657,49.5,44.1,59.3,29000.0,0.0
중계2.3동,노원구,행정동,37.64299067165861,127.06471589653638,연립다세대,전세,35,높음,법정동,19000.0,보증금,17769.8,11500.0,23000.0,4.95786,1.19804,328.947,53.0,40.1,59.1,19000.0,0.0
중계2.3동,노원구,행정동,37.64299067165861,127.06471589653638,오피스텔,전세,15,보통,해당지역,34650.0,보증금,33560.0,25000.0,39000.0,,,505.858,69.0,51.3,72.5,34650.0,0.0
중계4동,노원구,행정동,37.65725737773874,127.07711878669534,단독다가구,매매,32,높음,자치구,65000.0,매매가,67581.2,41875.0,78000.0,8.18986,0.57475,417.443,152.1,70.2,206.2,,
중계4동,노원구,행정동,37.65725737773874,127.07711878669534,아파트,매매,158,높음,해당지역,51200.0,매매가,54858.5,36650.0,69225.0,6.71865,1.01051,835.154,59.3,44.5,84.3,,
중계4동,노원구,행정동,37.65725737773874,127.07711878669534,연립다세대,매매,29,보통,법정동,21400.0,매매가,21112.1,15000.0,30000.0,6.44846,0.87556,389.54,50.6,40.2,55.4,,
중계4동,노원구,행정동,37.65725737773874,127.07711878669534,오피스텔,매매,26,보통,법정동,27000.0,매매가,36030.8,21625.0,52850.0,4.08619,1.55402,535.416,50.8,43.8,78.8,,
중계4동,노원구,행정동,37.65725737773874,127.07711878669534,단독다가구,월세,33,높음,법정동,49.6,월환산,55.9,39.6,59.6,3.02715,0.27142,2.099,23.0,16.0,34.8,1000.0,45.0
중계4동,노원구,행정동,37.65725737773874,127.07711878669534,아파트,월세,133,높음,해당지역,94.2,월환산,109.3,82.9,109.2,-1.14494,1.46572,2.064,44.5,44.5,59.3,3000.0,80.0
중계4동,노원구,행정동,37.65725737773874,127.07711878669534,연립다세대,월세,10,보통,해당지역,86.7,월환산,94.4,63.0,128.6,,,1.702,45.5,42.6,73.1,13000.0,47.5
중계4동,노원구,행정동,37.65725737773874,127.07711878669534,오피스텔,월세,43,높음,법정동,84.6,월환산,106.2,73.4,129.0,0.50629,1.06356,2.151,41.7,34.5,55.5,1000.0,75.0
중계4동,노원구,행정동,37.65725737773874,127.07711878669534,단독다가구,전세,14,보통,법정동,14000.0,보증금,12567.9,7375.0,15000.0,,,306.25,47.5,32.5,86.0,14000.0,0.0
중계4동,노원구,행정동,37.65725737773874,127.07711878669534,아파트,전세,160,높음,해당지역,31750.0,보증금,33168.7,20000.0,42874.0,4.87664,1.33294,518.456,59.4,44.5,77.2,31750.0,0.0
중계4동,노원구,행정동,37.65725737773874,127.07711878669534,연립다세대,전세,35,높음,법정동,19000.0,보증금,17769.8,11500.0,23000.0,4.95786,1.19804,328.947,53.0,40.1,59.1,19000.0,0.0
중계4동,노원구,행정동,37.65725737773874,127.07711878669534,오피스텔,전세,15,보통,법정동,34650.0,보증금,33560.0,25000.0,39000.0,,,505.858,69.0,51.3,72.5,34650.0,0.0
중계본동,노원구,행정동,37.64869558548458,127.08108072224192,단독다가구,매매,32,높음,자치구,65000.0,매매가,67581.2,41875.0,78000.0,8.18986,0.57475,417.443,152.1,70.2,206.2,,
중계본동,노원구,행정동,37.64869558548458,127.08108072224192,아파트,매매,234,높음,해당지역,62100.0,매매가,75743.2,49550.0,92625.0,6.23534,1.13499,932.453,84.8,59.5,102.0,,
중계본동,노원구,행정동,37.64869558548458,127.08108072224192,연립다세대,매매,24,보통,해당지역,17050.0,매매가,19439.6,13425.0,24100.0,5.7374,1.0342,364.257,50.7,40.4,55.3,,
중계본동,노원구,행정동,37.64869558548458,127.08108072224192,오피스텔,매매,26,보통,법정동,27000.0,매매가,36030.8,21625.0,52850.0,4.08619,1.55402,535.416,50.8,43.8,78.8,,
중계본동,노원구,행정동,37.64869558548458,127.08108072224192,단독다가구,월세,33,높음,법정동,49.6,월환산,55.9,39.6,59.6,3.02715,0.27142,2.099,23.0,16.0,34.8,1000.0,45.0
중계본동,노원구,행정동,37.64869558548458,127.08108072224192,아파트,월세,137,높음,해당지역,104.6,월환산,164.0,89.6,222.5,-0.78346,1.39769,2.249,44.1,44.1,85.0,3000.0,90.0
중계본동,노원구,행정동,37.64869558548458,127.08108072224192,연립다세대,월세,36,높음,해당지역,63.6,월환산,73.6,54.6,86.0,1.05831,0.83639,1.57,44.6,37.2,50.3,9190.0,29.5
중계본동,노원구,행정동,37.64869558548458,127.08108072224192,오피스텔,월세,43,높음,법정동,84.6,월환산,106.2,73.4,129.0,0.50629,1.06356,2.151,41.7,34.5,55.5,1000.0,75.0
중계본동,노원구,행정동,37.64869558548458,127.08108072224192,단독다가구,전세,14,보통,법정동,14000.0,보증금,12567.9,7375.0,15000.0,,,306.25,47.5,32.5,86.0,14000.0,0.0
중계본동,노원구,행정동,37.64869558548458,127.08108072224192,아파트,전세,251,높음,해당지역,39600.0,보증금,43346.1,23000.0,57875.0,4.63805,1.39689,566.893,66.5,44.1,85.0,39600.0,0.0
중계본동,노원구,행정동,37.64869558548458,127.08108072224192,연립다세대,전세,29,보통,해당지역,18000.0,보증금,16863.8,10200.0,22500.0,3.81158,1.48954,320.513,52.7,39.4,56.2,18000.0,0.0
중계본동,노원구,행정동,37.64869558548458,127.08108072224192,오피스텔,전세,15,보통,법정동,34650.0,보증금,33560.0,25000.0,39000.0,,,505.858,69.0,51.3,72.5,34650.0,0.0
하계1동,노원구,행정동,37.63697378834558,127.07120944160205,단독다가구,매매,32,높음,자치구,65000.0,매매가,67581.2,41875.0,78000.0,8.18986,0.57475,417.443,152.1,70.2,206.2,,
하계1동,노원구,행정동,37.63697378834558,127.07120944160205,아파트,매매,275,높음,해당지역,60000.0,매매가,65223.5,45900.0,86500.0,7.74242,0.80746,1092.593,59.5,39.9,84.6,,
하계1동,노원구,행정동,37.63697378834558,127.07120944160205,연립다세대,매매,44,높음,해당지역,43125.0,매매가,44305.7,40975.0,47087.5,7.40708,0.79211,914.158,48.9,46.1,59.5,,
하계1동,노원구,행정동,37.63697378834558,127.07120944160205,오피스텔,매매,68,높음,자치구,15950.0,매매가,23224.3,11975.0,25500.0,5.32332,1.22757,446.208,37.5,27.8,50.4,,
하계1동,노원구,행정동,37.63697378834558,127.07120944160205,단독다가구,월세,43,높음,법정동,50.6,월환산,57.1,45.9,60.9,2.60359,0.44063,2.477,19.8,16.8,36.2,1000.0,45.0
하계1동,노원구,행정동,37.63697378834558,127.07120944160205,아파트,월세,225,높음,해당지역,93.8,월환산,111.8,77.4,119.2,1.08909,0.92983,2.391,44.5,27.0,58.0,5000.0,70.0
하계1동,노원구,행정동,37.63697378834558,127.07120944160205,연립다세대,월세,37,높음,해당지역,64.6,월환산,77.7,47.3,82.9,2.60314,0.46553,2.44,24.3,16.1,58.2,2000.0,50.0
하계1동,노원구,행정동,37.63697378834558,127.07120944160205,오피스텔,월세,223,높음,자치구,64.6,월환산,73.0,54.9,74.6,1.89324,0.6872,2.238,29.3,23.4,36.3,1000.0,60.0
하계1동,노원구,행정동,37.63697378834558,127.07120944160205,단독다가구,전세,246,높음,자치구,9000.0,보증금,11471.2,6575.0,15000.0,7.12448,0.57501,300.0,35.5,20.0,52.5,9000.0,0.0
하계1동,노원구,행정동,37.63697378834558,127.07120944160205,아파트,전세,223,높음,해당지역,35000.0,보증금,38284.9,23000.0,55000.0,6.41329,0.9907,588.651,59.2,39.9,84.6,35000.0,0.0
하계1동,노원구,행정동,37.63697378834558,127.07120944160205,연립다세대,전세,22,보통,해당지역,35000.0,보증금,34007.4,11225.0,58000.0,6.24395,0.972,515.319,84.9,26.0,99.5,35000.0,0.0
하계1동,노원구,행정동,37.63697378834558,127.07120944160205,오피스텔,전세,40,높음,자치구,15700.0,보증금,20943.7,12500.0,26400.0,6.21849,0.97291,410.516,39.3,28.3,55.0,15700.0,0.0
하계2동,노원구,행정동,37.6349843073578,127.06568003076698,단독다가구,매매,32,높음,자치구,65000.0,매매가,67581.2,41875.0,78000.0,8.18986,0.57475,417.443,152.1,70.2,206.2,,
하계2동,노원구,행정동,37.6349843073578,127.06568003076698,아파트,매매,250,높음,해당지역,71500.0,매매가,76673.4,60000.0,88500.0,8.42101,0.67198,1170.034,59.4,49.5,84.8,,
하계2동,노원구,행정동,37.6349843073578,127.06568003076698,연립다세대,매매,44,높음,법정동,43125.0,매매가,44305.7,40975.0,47087.5,7.40708,0.79211,914.158,48.9,46.1,59.5,,
하계2동,노원구,행정동,37.6349843073578,127.06568003076698,오피스텔,매매,68,높음,자치구,15950.0,매매가,23224.3,11975.0,25500.0,5.32332,1.22757,446.208,37.5,27.8,50.4,,
하계2동,노원구,행정동,37.6349843073578,127.06568003076698,단독다가구,월세,43,높음,법정동,50.6,월환산,57.1,45.9,60.9,2.60359,0.44063,2.477,19.8,16.8,36.2,1000.0,45.0
하계2동,노원구,행정동,37.6349843073578,127.06568003076698,아파트,월세,152,높음,해당지역,108.5,월환산,124.9,84.6,172.5,-2.79645,1.86045,2.189,53.1,39.9,70.8,4500.0,80.0
하계2동,노원구,행정동,37.6349843073578,127.06568003076698,연립다세대,월세,37,높음,법정동,64.6,월환산,77.7,47.3,82.9,2.60314,0.46553,2.44,24.3,16.1,58.2,2000.0,50.0
하계2동,노원구,행정동,37.6349843073578,127.06568003076698,오피스텔,월세,223,높음,자치구,64.6,월환산,73.0,54.9,74.6,1.89324,0.6872,2.238,29.3,23.4,36.3,1000.0,60.0
하계2동,노원구,행정동,37.6349843073578,127.06568003076698,단독다가구,전세,246,높음,자치구,9000.0,보증금,11471.2,6575.0,15000.0,7.12448,0.57501,300.0,35.5,20.0,52.5,9000.0,0.0
하계2동,노원구,행정동,37.6349843073578,127.06568003076698,아파트,전세,271,높음,해당지역,36000.0,보증금,37770.0,26250.0,47250.0,5.9477,1.0871,556.21,59.5,49.8,84.8,36000.0,0.0
하계2동,노원구,행정동,37.6349843073578,127.06568003076698,연립다세대,전세,22,보통,법정동,35000.0,보증금,34007.4,11225.0,58000.0,6.24395,0.972,515.319,84.9,26.0,99.5,35000.0,0.0
하계2동,노원구,행정동,37.6349843073578,127.06568003076698,오피스텔,전세,40,높음,자치구,15700.0,보증금,20943.7,12500.0,26400.0,6.21849,0.97291,410.516,39.3,28.3,55.0,15700.0,0.0
도봉1동,도봉구,행정동,37.67963195526812,127.04280404068433,단독다가구,매매,34,높음,자치구,57250.0,매매가,63759.7,42750.0,85000.0,8.51227,0.48654,324.008,179.2,118.8,198.9,,
도봉1동,도봉구,행정동,37.67963195526812,127.04280404068433,아파트,매매,23,보통,해당지역,52900.0,매매가,49726.1,42250.0,56000.0,,,623.38,84.9,75.3,84.9,,
도봉1동,도봉구,행정동,37.67963195526812,127.04280404068433,연립다세대,매매,108,높음,해당지역,16450.0,매매가,18986.6,14350.0,21125.0,8.00301,0.45761,346.007,46.5,39.8,55.2,,
도봉1동,도봉구,행정동,37.67963195526812,127.04280404068433,오피스텔,매매,47,높음,법정동,21164.0,매매가,32647.0,17325.0,55585.0,5.80386,1.17189,687.87,29.7,28.0,74.9,,
도봉1동,도봉구,행정동,37.67963195526812,127.04280404068433,단독다가구,월세,239,높음,법정동,44.6,월환산,50.1,37.3,56.9,2.42281,0.40239,1.357,33.2,22.8,42.5,1000.0,40.0
도봉1동,도봉구,행정동,37.67963195526812,127.04280404068433,아파트,월세,114,높음,법정동,128.5,월환산,126.3,88.9,162.9,-1.37257,1.45965,1.8,84.0,49.8,84.9,5000.0,80.0
도봉1동,도봉구,행정동,37.67963195526812,127.04280404068433,연립다세대,월세,95,높음,해당지역,64.6,월환산,66.4,46.9,81.0,1.71146,0.64598,1.482,43.5,37.7,51.0,3000.0,40.0
도봉1동,도봉구,행정동,37.67963195526812,127.04280404068433,오피스텔,월세,13,보통,해당지역,42.3,월환산,43.8,39.2,44.6,,,2.037,21.1,19.7,21.8,1000.0,40.0
도봉1동,도봉구,행정동,37.67963195526812,127.04280404068433,단독다가구,전세,46,높음,법정동,10500.0,보증금,11913.0,7625.0,15000.0,5.94475,0.84806,230.274,47.6,36.1,66.5,10500.0,0.0
도봉1동,도봉구,행정동,37.67963195526812,127.04280404068433,아파트,전세,18,보통,해당지역,34300.0,보증금,34188.9,31250.0,39500.0,,,424.513,84.9,77.7,84.9,34300.0,0.0
도봉1동,도봉구,행정동,37.67963195526812,127.04280404068433,연립다세대,전세,65,높음,해당지역,12000.0,보증금,16495.9,8500.0,27384.0,4.84889,1.22724,306.513,46.0,38.1,60.1,12000.0,0.0
도봉1동,도봉구,행정동,37.67963195526812,127.04280404068433,오피스텔,전세,74,높음,법정동,33075.0,보증금,29114.9,15900.0,40950.0,5.93013,1.08859,542.319,59.6,29.7,74.9,33075.0,0.0
도봉2동,도봉구,행정동,37.681500930333215,127.04791720873992,단독다가구,매매,34,높음,자치구,57250.0,매매가,63759.7,42750.0,85000.0,8.51227,0.48654,324.008,179.2,118.8,198.9,,
도봉2동,도봉구,행정동,37.681500930333215,127.04791720873992,아파트,매매,236,높음,해당지역,56250.0,매매가,51437.0,36775.0,61000.0,7.02492,0.89308,713.281,84.5,49.8,84.9,,
도봉2동,도봉구,행정동,37.681500930333215,127.04791720873992,연립다세대,매매,25,보통,해당지역,22850.0,매매가,21296.0,19500.0,23250.0,9.74901,0.05407,661.69,28.9,28.5,46.7,,
도봉2동,도봉구,행정동,37.681500930333215,127.04791720873992,오피스텔,매매,45,높음,해당지역,21268.0,매매가,33664.6,17500.0,56000.0,5.83724,1.17275,687.87,29.7,29.7,74.9,,
도봉2동,도봉구,행정동,37.681500930333215,127.04791720873992,단독다가구,월세,239,높음,법정동,44.6,월환산,50.1,37.3,56.9,2.42281,0.40239,1.357,33.2,22.8,42.5,1000.0,40.0
도봉2동,도봉구,행정동,37.681500930333215,127.04791720873992,아파트,월세,106,높음,해당지역,125.4,월환산,125.2,88.1,162.9,-1.37605,1.46153,1.8,84.0,49.8,84.9,5000.0,84.5
도봉2동,도봉구,행정동,37.681500930333215,127.04791720873992,연립다세대,월세,21,보통,해당지역,42.3,월환산,56.1,34.6,88.1,3.11906,0.21773,1.174,36.3,29.4,41.4,2875.0,30.0
도봉2동,도봉구,행정동,37.681500930333215,127.04791720873992,오피스텔,월세,164,높음,해당지역,88.1,월환산,97.9,57.3,94.6,1.47507,0.87117,2.923,29.7,19.0,29.7,1250.0,77.0
도봉2동,도봉구,행정동,37.681500930333215,127.04791720873992,단독다가구,전세,46,높음,법정동,10500.0,보증금,11913.0,7625.0,15000.0,5.94475,0.84806,230.274,47.6,36.1,66.5,10500.0,0.0
도봉2동,도봉구,행정동,37.681500930333215,127.04791720873992,아파트,전세,170,높음,해당지역,35000.0,보증금,33095.0,25163.5,40000.0,6.13623,0.98551,447.375,84.9,59.5,84.9,35000.0,0.0
도봉2동,도봉구,행정동,37.681500930333215,127.04791720873992,연립다세대,전세,73,높음,법정동,12400.0,보증금,16315.0,9500.0,26000.0,5.38372,1.09147,308.132,46.0,38.1,55.9,12400.0,0.0
도봉2동,도봉구,행정동,37.681500930333215,127.04791720873992,오피스텔,전세,71,높음,해당지역,36750.0,보증금,29926.8,16200.0,41975.0,6.07406,1.05488,545.958,59.6,29.7,74.9,36750.0,0.0
방학1동,도봉구,행정동,37.66566421790205,127.04370238423854,단독다가구,매매,34,높음,자치구,57250.0,매매가,63759.7,42750.0,85000.0,8.51227,0.48654,324.008,179.2,118.8,198.9,,
방학1동,도봉구,행정동,37.66566421790205,127.04370238423854,아파트,매매,106,높음,해당지역,74300.0,매매가,71942.0,63000.0,84950.0,6.81055,0.9835,849.615,84.9,84.8,85.0,,
방학1동,도봉구,행정동,37.66566421790205,127.04370238423854,연립다세대,매매,54,높음,해당지역,22000.0,매매가,21385.2,14625.0,26875.0,6.86081,0.7961,450.13,46.4,39.9,54.6,,
방학1동,도봉구,행정동,37.66566421790205,127.04370238423854,오피스텔,매매,14,보통,해당지역,12250.0,매매가,12385.7,11825.0,13000.0,,,470.387,26.4,18.5,31.0,,
방학1동,도봉구,행정동,37.66566421790205,127.04370238423854,단독다가구,월세,316,높음,법정동,47.0,월환산,51.3,37.3,60.0,3.45152,0.11092,1.251,38.0,30.0,55.2,1000.0,40.0
방학1동,도봉구,행정동,37.66566421790205,127.04370238423854,아파트,월세,91,높음,해당지역,74.6,월환산,123.4,63.4,173.3,2.45387,0.62957,3.795,21.5,14.8,84.8,3000.0,65.0
방학1동,도봉구,행정동,37.66566421790205,127.04370238423854,연립다세대,월세,71,높음,해당지역,66.9,월환산,67.4,52.3,79.2,3.50964,0.17762,1.745,38.7,31.6,51.8,2000.0,50.0
방학1동,도봉구,행정동,37.66566421790205,127.04370238423854,오피스텔,월세,148,높음,해당지역,66.8,월환산,67.8,62.6,69.6,3.5247,0.22345,3.616,17.9,15.8,26.4,1000.0,61.5
방학1동,도봉구,행정동,37.66566421790205,127.04370238423854,단독다가구,전세,69,높음,법정동,10000.0,보증금,9934.8,5450.0,13000.0,7.36789,0.42373,210.021,40.0,33.0,71.5,10000.0,0.0
방학1동,도봉구,행정동,37.66566421790205,127.04370238423854,아파트,전세,83,높음,해당지역,47250.0,보증금,49512.0,39000.0,60500.0,7.32333,0.77088,554.376,84.9,84.5,118.4,47250.0,0.0
방학1동,도봉구,행정동,37.66566421790205,127.04370238423854,연립다세대,전세,40,높음,해당지역,12500.0,보증금,13197.2,8000.0,18000.0,6.31834,0.81677,292.657,41.8,35.6,52.3,12500.0,0.0
방학1동,도봉구,행정동,37.66566421790205,127.04370238423854,오피스텔,전세,38,높음,해당지역,13000.0,보증금,12702.6,12600.0,13695.0,10.05145,-0.21597,766.375,17.9,15.7,17.9,13000.0,0.0
방학2동,도봉구,행정동,37.667361632590016,127.03409615186683,단독다가구,매매,34,높음,자치구,57250.0,매매가,63759.7,42750.0,85000.0,8.51227,0.48654,324.008,179.2,118.8,198.9,,
방학2동,도봉구,행정동,37.667361632590016,127.03409615186683,아파트,매매,363,높음,법정동,49300.0,매매가,52498.6,39750.0,61000.0,6.70068,0.95904,659.746,84.7,59.6,85.0,,
방학2동,도봉구,행정동,37.667361632590016,127.03409615186683,연립다세대,매매,119,높음,해당지역,22800.0,매매가,23494.4,17200.0,29700.0,8.80851,0.30648,472.509,46.0,36.2,55.2,,
방학2동,도봉구,행정동,37.667361632590016,127.03409615186683,오피스텔,매매,14,보통,법정동,12250.0,매매가,12385.7,11825.0,13000.0,,,470.387,26.4,18.5,31.0,,
방학2동,도봉구,행정동,37.667361632590016,127.03409615186683,단독다가구,월세,316,높음,법정동,47.0,월환산,51.3,37.3,60.0,3.45152,0.11092,1.251,38.0,30.0,55.2,1000.0,40.0
방학2동,도봉구,행정동,37.667361632590016,127.03409615186683,아파트,월세,245,높음,법정동,113.1,월환산,122.5,79.2,151.7,2.59468,0.54188,1.952,59.9,43.4,84.8,5000.0,75.0
방학2동,도봉구,행정동,37.667361632590016,127.03409615186683,연립다세대,월세,121,높음,해당지역,60.4,월환산,65.6,46.6,79.2,2.75638,0.35628,1.471,42.5,36.7,54.6,3000.0,35.0
방학2동,도봉구,행정동,37.667361632590016,127.03409615186683,오피스텔,월세,148,높음,법정동,66.8,월환산,67.8,62.6,69.6,3.5247,0.22345,3.616,17.9,15.8,26.4,1000.0,61.5
방학2동,도봉구,행정동,37.667361632590016,127.03409615186683,단독다가구,전세,69,높음,법정동,10000.0,보증금,9934.8,5450.0,13000.0,7.36789,0.42373,210.021,40.0,33.0,71.5,10000.0,0.0
방학2동,도봉구,행정동,37.667361632590016,127.03409615186683,아파트,전세,291,높음,법정동,31500.0,보증금,35342.9,25000.0,43500.0,6.22231,0.97212,438.293,83.5,59.5,85.0,31500.0,0.0
방학2동,도봉구,행정동,37.667361632590016,127.03409615186683,연립다세대,전세,70,높음,해당지역,15600.0,보증금,16000.0,10175.0,20750.0,6.45398,0.79649,300.529,49.1,40.0,56.1,15600.0,0.0
방학2동,도봉구,행정동,37.667361632590016,127.03409615186683,오피스텔,전세,38,높음,법정동,13000.0,보증금,12702.6,12600.0,13695.0,10.05145,-0.21597,766.375,17.9,15.7,17.9,13000.0,0.0
방학3동,도봉구,행정동,37.66045972577922,127.02728317051073,단독다가구,매매,34,높음,자치구,57250.0,매매가,63759.7,42750.0,85000.0,8.51227,0.48654,324.008,179.2,118.8,198.9,,
방학3동,도봉구,행정동,37.66045972577922,127.02728317051073,아파트,매매,254,높음,해당지역,44900.0,매매가,44625.3,37500.0,51500.0,7.42661,0.76723,635.481,72.0,58.8,85.0,,
방학3동,도봉구,행정동,37.66045972577922,127.02728317051073,연립다세대,매매,10,보통,해당지역,12750.0,매매가,16165.5,11775.0,20275.0,,,311.009,43.5,41.4,54.6,,
방학3동,도봉구,행정동,37.66045972577922,127.02728317051073,오피스텔,매매,14,보통,법정동,12250.0,매매가,12385.7,11825.0,13000.0,,,470.387,26.4,18.5,31.0,,
방학3동,도봉구,행정동,37.66045972577922,127.02728317051073,단독다가구,월세,316,높음,법정동,47.0,월환산,51.3,37.3,60.0,3.45152,0.11092,1.251,38.0,30.0,55.2,1000.0,40.0
방학3동,도봉구,행정동,37.66045972577922,127.02728317051073,아파트,월세,150,높음,해당지역,115.8,월환산,122.2,92.6,143.8,0.53815,1.01056,1.826,62.2,53.2,84.9,5000.0,80.0
방학3동,도봉구,행정동,37.66045972577922,127.02728317051073,연립다세대,월세,199,높음,법정동,65.0,월환산,67.0,48.8,82.9,3.01715,0.29821,1.526,41.8,34.6,54.8,2287.0,42.0
방학3동,도봉구,행정동,37.66045972577922,127.02728317051073,오피스텔,월세,148,높음,법정동,66.8,월환산,67.8,62.6,69.6,3.5247,0.22345,3.616,17.9,15.8,26.4,1000.0,61.5
방학3동,도봉구,행정동,37.66045972577922,127.02728317051073,단독다가구,전세,69,높음,법정동,10000.0,보증금,9934.8,5450.0,13000.0,7.36789,0.42373,210.021,40.0,33.0,71.5,10000.0,0.0
방학3동,도봉구,행정동,37.66045972577922,127.02728317051073,아파트,전세,207,높음,해당지역,29400.0,보증금,29733.2,23000.0,35000.0,5.81819,1.04742,424.809,70.6,53.2,84.9,29400.0,0.0
방학3동,도봉구,행정동,37.66045972577922,127.02728317051073,연립다세대,전세,115,높음,법정동,14000.0,보증금,14781.5,8912.5,18800.0,6.38981,0.8039,286.67,46.2,38.7,55.2,14000.0,0.0
방학3동,도봉구,행정동,37.66045972577922,127.02728317051073,오피스텔,전세,38,높음,법정동,13000.0,보증금,12702.6,12600.0,13695.0,10.05145,-0.21597,766.375,17.9,15.7,17.9,13000.0,0.0
쌍문1동,도봉구,행정동,37.65384781583179,127.01949027383134,단독다가구,매매,34,높음,자치구,57250.0,매매가,63759.7,42750.0,85000.0,8.51227,0.48654,324.008,179.2,118.8,198.9,,
쌍문1동,도봉구,행정동,37.65384781583179,127.01949027383134,아파트,매매,41,높음,해당지역,50500.0,매매가,54717.1,41900.0,71000.0,7.43305,0.79121,770.788,84.8,65.4,85.0,,
쌍문1동,도봉구,행정동,37.65384781583179,127.01949027383134,연립다세대,매매,98,높음,해당지역,23800.0,매매가,25421.4,17000.0,31500.0,6.83869,0.8375,481.115,46.8,39.3,54.7,,
쌍문1동,도봉구,행정동,37.65384781583179,127.01949027383134,오피스텔,매매,220,높음,자치구,31850.0,매매가,34069.8,17500.0,48549.2,5.91647,1.14734,651.578,42.9,29.7,61.0,,
쌍문1동,도봉구,행정동,37.65384781583179,127.01949027383134,단독다가구,월세,347,높음,법정동,49.6,월환산,54.5,40.9,63.8,3.03425,0.26084,1.694,30.0,19.8,45.0,500.0,45.0
쌍문1동,도봉구,행정동,37.65384781583179,127.01949027383134,아파트,월세,56,높음,해당지역,55.5,월환산,73.6,44.5,95.6,0.87555,0.93528,1.917,30.0,23.2,59.9,200.0,44.0
쌍문1동,도봉구,행정동,37.65384781583179,127.01949027383134,연립다세대,월세,119,높음,해당지역,69.2,월환산,71.2,51.4,83.0,3.0265,0.31155,1.573,44.8,38.0,51.1,5000.0,35.0
쌍문1동,도봉구,행정동,37.65384781583179,127.01949027383134,오피스텔,월세,703,높음,자치구,75.9,월환산,86.0,64.6,92.5,2.18657,0.64737,2.803,29.7,24.7,33.6,2000.0,64.0
쌍문1동,도봉구,행정동,37.65384781583179,127.01949027383134,단독다가구,전세,52,높음,법정동,9350.0,보증금,10470.2,6000.0,13708.2,5.57182,0.93285,225.214,40.5,29.7,59.9,9350.0,0.0
쌍문1동,도봉구,행정동,37.65384781583179,127.01949027383134,아파트,전세,26,보통,해당지역,43650.0,보증금,42476.9,35000.0,54375.0,3.10015,1.70269,531.567,84.8,84.4,84.9,43650.0,0.0
쌍문1동,도봉구,행정동,37.65384781583179,127.01949027383134,연립다세대,전세,57,높음,해당지역,12240.0,보증금,14447.6,8000.0,19700.0,6.22019,0.86225,276.625,40.4,34.0,52.2,12240.0,0.0
쌍문1동,도봉구,행정동,37.65384781583179,127.01949027383134,오피스텔,전세,221,높음,자치구,20500.0,보증금,23415.3,13700.0,30240.0,7.052,0.80079,582.99,29.9,28.0,61.0,20500.0,0.0
쌍문2동,도봉구,행정동,37.65700727799238,127.03604470661377,단독다가구,매매,34,높음,자치구,57250.0,매매가,63759.7,42750.0,85000.0,8.51227,0.48654,324.008,179.2,118.8,198.9,,
쌍문2동,도봉구,행정동,37.65700727799238,127.03604470661377,아파트,매매,78,높음,해당지역,41900.0,매매가,42273.7,32850.0,49375.0,7.33625,0.79697,688.782,58.8,45.0,80.0,,
쌍문2동,도봉구,행정동,37.65700727799238,127.03604470661377,연립다세대,매매,51,높음,해당지역,25000.0,매매가,26607.8,21000.0,31750.0,7.28852,0.72386,505.391,51.2,44.2,58.2,,
쌍문2동,도봉구,행정동,37.65700727799238,127.03604470661377,오피스텔,매매,220,높음,자치구,31850.0,매매가,34069.8,17500.0,48549.2,5.91647,1.14734,651.578,42.9,29.7,61.0,,
쌍문2동,도봉구,행정동,37.65700727799238,127.03604470661377,단독다가구,월세,347,높음,법정동,49.6,월환산,54.5,40.9,63.8,3.03425,0.26084,1.694,30.0,19.8,45.0,500.0,45.0
쌍문2동,도봉구,행정동,37.65700727799238,127.03604470661377,아파트,월세,63,높음,해당지역,95.8,월환산,106.8,79.4,122.9,1.14615,0.86767,1.934,55.5,42.9,61.0,5000.0,75.0
쌍문2동,도봉구,행정동,37.65700727799238,127.03604470661377,연립다세대,월세,65,높음,해당지역,64.9,월환산,70.8,49.9,89.0,3.26782,0.25948,1.773,42.3,29.9,50.9,3500.0,42.0
쌍문2동,도봉구,행정동,37.65700727799238,127.03604470661377,오피스텔,월세,703,높음,자치구,75.9,월환산,86.0,64.6,92.5,2.18657,0.64737,2.803,29.7,24.7,33.6,2000.0,64.0
쌍문2동,도봉구,행정동,37.65700727799238,127.03604470661377,단독다가구,전세,52,높음,법정동,9350.0,보증금,10470.2,6000.0,13708.2,5.57182,0.93285,225.214,40.5,29.7,59.9,9350.0,0.0
쌍문2동,도봉구,행정동,37.65700727799238,127.03604470661377,아파트,전세,78,높음,해당지역,22000.0,보증금,25985.1,18525.0,31125.0,6.53443,0.87859,443.829,58.8,42.9,71.2,22000.0,0.0
쌍문2동,도봉구,행정동,37.65700727799238,127.03604470661377,연립다세대,전세,39,높음,해당지역,16000.0,보증금,16219.2,11700.0,21005.0,6.61755,0.77983,318.535,49.0,41.0,55.1,16000.0,0.0
쌍문2동,도봉구,행정동,37.65700727799238,127.03604470661377,오피스텔,전세,221,높음,자치구,20500.0,보증금,23415.3,13700.0,30240.0,7.052,0.80079,582.99,29.9,28.0,61.0,20500.0,0.0
쌍문3동,도봉구,행정동,37.64775998577973,127.03055191377106,단독다가구,매매,34,높음,자치구,57250.0,매매가,63759.7,42750.0,85000.0,8.51227,0.48654,324.008,179.2,118.8,198.9,,
쌍문3동,도봉구,행정동,37.64775998577973,127.03055191377106,아파트,매매,63,높음,해당지역,59700.0,매매가,55844.4,48800.0,65000.0,5.53085,1.28294,864.955,60.0,59.4,74.0,,
쌍문3동,도봉구,행정동,37.64775998577973,127.03055191377106,연립다세대,매매,45,높음,해당지역,30500.0,매매가,29351.1,18800.0,36750.0,8.3757,0.48578,656.716,45.7,37.4,55.1,,
쌍문3동,도봉구,행정동,37.64775998577973,127.03055191377106,오피스텔,매매,220,높음,자치구,31850.0,매매가,34069.8,17500.0,48549.2,5.91647,1.14734,651.578,42.9,29.7,61.0,,
쌍문3동,도봉구,행정동,37.64775998577973,127.03055191377106,단독다가구,월세,347,높음,법정동,49.6,월환산,54.5,40.9,63.8,3.03425,0.26084,1.694,30.0,19.8,45.0,500.0,45.0
쌍문3동,도봉구,행정동,37.64775998577973,127.03055191377106,아파트,월세,14,보통,해당지역,89.7,월환산,91.4,51.6,137.8,,,2.095,50.6,20.7,66.3,4852.0,34.0
쌍문3동,도봉구,행정동,37.64775998577973,127.03055191377106,연립다세대,월세,23,보통,해당지역,79.9,월환산,80.1,64.9,89.9,2.43457,0.5292,1.888,41.7,25.5,50.1,10000.0,30.0
쌍문3동,도봉구,행정동,37.64775998577973,127.03055191377106,오피스텔,월세,703,높음,자치구,75.9,월환산,86.0,64.6,92.5,2.18657,0.64737,2.803,29.7,24.7,33.6,2000.0,64.0
쌍문3동,도봉구,행정동,37.64775998577973,127.03055191377106,단독다가구,전세,52,높음,법정동,9350.0,보증금,10470.2,6000.0,13708.2,5.57182,0.93285,225.214,40.5,29.7,59.9,9350.0,0.0
쌍문3동,도봉구,행정동,37.64775998577973,127.03055191377106,아파트,전세,13,보통,해당지역,41000.0,보증금,37676.9,34000.0,46000.0,,,583.44,68.9,60.0,72.7,41000.0,0.0
쌍문3동,도봉구,행정동,37.64775998577973,127.03055191377106,연립다세대,전세,114,높음,법정동,15000.0,보증금,15309.3,10000.0,20150.0,6.21264,0.87475,293.536,45.7,37.0,53.9,15000.0,0.0
쌍문3동,도봉구,행정동,37.64775998577973,127.03055191377106,오피스텔,전세,221,높음,자치구,20500.0,보증금,23415.3,13700.0,30240.0,7.052,0.80079,582.99,29.9,28.0,61.0,20500.0,0.0
쌍문4동,도봉구,행정동,37.65651151053556,127.0312976922275,단독다가구,매매,34,높음,자치구,57250.0,매매가,63759.7,42750.0,85000.0,8.51227,0.48654,324.008,179.2,118.8,198.9,,
쌍문4동,도봉구,행정동,37.65651151053556,127.0312976922275,아파트,매매,179,높음,해당지역,50000.0,매매가,45811.5,38250.0,54500.0,6.92588,0.89836,665.802,76.9,54.5,84.7,,
쌍문4동,도봉구,행정동,37.65651151053556,127.0312976922275,연립다세대,매매,19,보통,해당지역,20700.0,매매가,26977.9,15625.0,43500.0,,,494.658,51.0,42.3,59.8,,
쌍문4동,도봉구,행정동,37.65651151053556,127.0312976922275,오피스텔,매매,220,높음,자치구,31850.0,매매가,34069.8,17500.0,48549.2,5.91647,1.14734,651.578,42.9,29.7,61.0,,
쌍문4동,도봉구,행정동,37.65651151053556,127.0312976922275,단독다가구,월세,347,높음,법정동,49.6,월환산,54.5,40.9,63.8,3.03425,0.26084,1.694,30.0,19.8,45.0,500.0,45.0
쌍문4동,도봉구,행정동,37.65651151053556,127.0312976922275,아파트,월세,140,높음,해당지역,93.5,월환산,108.7,74.5,148.3,1.56157,0.78437,2.101,49.0,35.1,83.9,3000.0,70.0
쌍문4동,도봉구,행정동,37.65651151053556,127.0312976922275,연립다세대,월세,42,높음,해당지역,38.1,월환산,49.3,30.0,63.6,2.79196,0.27379,0.937,39.5,33.4,44.9,4347.5,19.0
쌍문4동,도봉구,행정동,37.65651151053556,127.0312976922275,오피스텔,월세,703,높음,자치구,75.9,월환산,86.0,64.6,92.5,2.18657,0.64737,2.803,29.7,24.7,33.6,2000.0,64.0
쌍문4동,도봉구,행정동,37.65651151053556,127.0312976922275,단독다가구,전세,52,높음,법정동,9350.0,보증금,10470.2,6000.0,13708.2,5.57182,0.93285,225.214,40.5,29.7,59.9,9350.0,0.0
쌍문4동,도봉구,행정동,37.65651151053556,127.0312976922275,아파트,전세,157,높음,해당지역,33000.0,보증금,31623.6,25000.0,38000.0,6.7249,0.8561,465.061,76.9,59.7,84.7,33000.0,0.0
쌍문4동,도봉구,행정동,37.65651151053556,127.0312976922275,연립다세대,전세,13,보통,해당지역,15000.0,보증금,15707.3,10000.0,17000.0,,,304.611,48.9,42.5,57.0,15000.0,0.0
쌍문4동,도봉구,행정동,37.65651151053556,127.0312976922275,오피스텔,전세,221,높음,자치구,20500.0,보증금,23415.3,13700.0,30240.0,7.052,0.80079,582.99,29.9,28.0,61.0,20500.0,0.0
창1동,도봉구,행정동,37.6483988084421,127.04351897889441,단독다가구,매매,34,높음,자치구,57250.0,매매가,63759.7,42750.0,85000.0,8.51227,0.48654,324.008,179.2,118.8,198.9,,
창1동,도봉구,행정동,37.6483988084421,127.04351897889441,아파트,매매,224,높음,해당지역,66000.0,매매가,62654.7,45750.0,78075.0,6.87145,1.02879,1101.685,58.0,41.3,66.6,,
창1동,도봉구,행정동,37.6483988084421,127.04351897889441,연립다세대,매매,28,보통,해당지역,29300.0,매매가,37769.6,21625.0,56750.0,6.35918,0.98281,516.01,59.7,42.8,77.7,,
창1동,도봉구,행정동,37.6483988084421,127.04351897889441,오피스텔,매매,153,높음,법정동,33200.0,매매가,36150.2,19300.0,48024.0,6.0307,1.12505,666.439,45.7,33.6,61.0,,
창1동,도봉구,행정동,37.6483988084421,127.04351897889441,단독다가구,월세,356,높음,법정동,49.6,월환산,54.4,41.2,64.3,3.55397,0.10328,1.405,36.4,27.5,50.3,1000.0,45.0
창1동,도봉구,행정동,37.6483988084421,127.04351897889441,아파트,월세,242,높음,해당지역,94.2,월환산,107.2,74.6,134.4,2.16345,0.64952,2.258,46.8,36.2,59.4,3000.0,71.5
창1동,도봉구,행정동,37.6483988084421,127.04351897889441,연립다세대,월세,39,높음,해당지역,60.3,월환산,70.8,52.3,87.7,2.75729,0.43833,2.846,29.4,15.4,41.1,1000.0,50.0
창1동,도봉구,행정동,37.6483988084421,127.04351897889441,오피스텔,월세,36,높음,해당지역,67.3,월환산,67.1,64.4,72.3,3.45513,0.21564,2.024,33.6,30.8,33.6,500.0,65.0
창1동,도봉구,행정동,37.6483988084421,127.04351897889441,단독다가구,전세,77,높음,법정동,9300.0,보증금,10537.0,6000.0,14000.0,8.08669,0.25901,225.056,42.0,32.0,63.7,9300.0,0.0
창1동,도봉구,행정동,37.6483988084421,127.04351897889441,아파트,전세,256,높음,해당지역,27300.0,보증금,29061.2,20000.0,35000.0,6.71616,0.87613,500.257,49.9,41.3,66.5,27300.0,0.0
창1동,도봉구,행정동,37.6483988084421,127.04351897889441,연립다세대,전세,187,높음,법정동,16000.0,보증금,17119.7,12000.0,20600.0,7.81726,0.49159,346.42,39.2,31.8,51.5,16000.0,0.0
창1동,도봉구,행정동,37.6483988084421,127.04351897889441,오피스텔,전세,107,높음,법정동,23000.0,보증금,23276.4,17650.0,28900.0,7.57776,0.65428,582.99,41.2,29.2,60.4,23000.0,0.0
창2동,도봉구,행정동,37.643169865396814,127.0365918220267,단독다가구,매매,34,높음,자치구,57250.0,매매가,63759.7,42750.0,85000.0,8.51227,0.48654,324.008,179.2,118.8,198.9,,
창2동,도봉구,행정동,37.643169865396814,127.0365918220267,아파트,매매,74,높음,해당지역,67600.0,매매가,66987.2,59350.0,74250.0,7.46571,0.83689,885.944,84.9,59.9,85.0,,
창2동,도봉구,행정동,37.643169865396814,127.0365918220267,연립다세대,매매,130,높음,해당지역,23000.0,매매가,23515.5,18092.5,26162.5,8.99115,0.27544,539.06,42.6,29.9,52.1,,
창2동,도봉구,행정동,37.643169865396814,127.0365918220267,오피스텔,매매,74,높음,해당지역,33350.0,매매가,42070.3,30100.0,55981.0,6.88325,0.90027,670.711,61.0,60.0,68.6,,
창2동,도봉구,행정동,37.643169865396814,127.0365918220267,단독다가구,월세,356,높음,법정동,49.6,월환산,54.4,41.2,64.3,3.55397,0.10328,1.405,36.4,27.5,50.3,1000.0,45.0
창2동,도봉구,행정동,37.643169865396814,127.0365918220267,아파트,월세,26,보통,해당지역,168.9,월환산,173.0,145.8,193.1,2.22913,0.68151,2.375,59.9,59.9,85.0,17500.0,90.0
창2동,도봉구,행정동,37.643169865396814,127.0365918220267,연립다세대,월세,97,높음,해당지역,79.2,월환산,83.6,65.8,100.4,3.17703,0.32417,1.912,41.5,33.3,49.5,5000.0,50.0
창2동,도봉구,행정동,37.643169865396814,127.0365918220267,오피스텔,월세,141,높음,해당지역,106.7,월환산,99.3,69.4,114.2,3.29242,0.34495,2.212,34.9,29.9,61.0,3000.0,70.0
창2동,도봉구,행정동,37.643169865396814,127.0365918220267,단독다가구,전세,77,높음,법정동,9300.0,보증금,10537.0,6000.0,14000.0,8.08669,0.25901,225.056,42.0,32.0,63.7,9300.0,0.0
창2동,도봉구,행정동,37.643169865396814,127.0365918220267,아파트,전세,35,높음,해당지역,47000.0,보증금,45942.9,40975.0,52250.0,9.32316,0.31507,582.387,85.0,84.8,85.0,47000.0,0.0
창2동,도봉구,행정동,37.643169865396814,127.0365918220267,연립다세대,전세,97,높음,해당지역,15000.0,보증금,15867.4,11500.0,20500.0,8.02866,0.41147,326.877,41.8,33.1,53.4,15000.0,0.0
창2동,도봉구,행정동,37.643169865396814,127.0365918220267,오피스텔,전세,65,높음,해당지역,27000.0,보증금,26379.9,23000.0,29700.0,8.48608,0.43561,564.095,47.5,29.9,61.6,27000.0,0.0
창3동,도봉구,행정동,37.63682531692011,127.04109225202785,단독다가구,매매,34,높음,자치구,57250.0,매매가,63759.7,42750.0,85000.0,8.51227,0.48654,324.008,179.2,118.8,198.9,,
창3동,도봉구,행정동,37.63682531692011,127.04109225202785,아파트,매매,38,높음,해당지역,42350.0,매매가,43807.9,35125.0,51750.0,6.65103,0.97523,701.178,59.4,49.8,78.3,,
창3동,도봉구,행정동,37.63682531692011,127.04109225202785,연립다세대,매매,31,높음,해당지역,24000.0,매매가,24596.8,20000.0,30950.0,9.76944,0.0826,580.309,45.1,32.8,50.3,,
창3동,도봉구,행정동,37.63682531692011,127.04109225202785,오피스텔,매매,153,높음,법정동,33200.0,매매가,36150.2,19300.0,48024.0,6.0307,1.12505,666.439,45.7,33.6,61.0,,
창3동,도봉구,행정동,37.63682531692011,127.04109225202785,단독다가구,월세,356,높음,법정동,49.6,월환산,54.4,41.2,64.3,3.55397,0.10328,1.405,36.4,27.5,50.3,1000.0,45.0
창3동,도봉구,행정동,37.63682531692011,127.04109225202785,아파트,월세,13,보통,해당지역,99.2,월환산,111.6,83.8,126.2,,,1.951,59.8,49.8,69.5,3000.0,70.0
창3동,도봉구,행정동,37.63682531692011,127.04109225202785,연립다세대,월세,36,높음,해당지역,65.5,월환산,67.0,49.5,80.2,3.50534,0.16654,1.778,45.2,32.5,50.1,2000.0,44.0
창3동,도봉구,행정동,37.63682531692011,127.04109225202785,오피스텔,월세,374,높음,법정동,80.4,월환산,89.4,67.3,107.7,2.27342,0.61405,2.695,29.9,28.8,41.2,3000.0,65.0
창3동,도봉구,행정동,37.63682531692011,127.04109225202785,단독다가구,전세,77,높음,법정동,9300.0,보증금,10537.0,6000.0,14000.0,8.08669,0.25901,225.056,42.0,32.0,63.7,9300.0,0.0
창3동,도봉구,행정동,37.63682531692011,127.04109225202785,아파트,전세,24,보통,해당지역,28000.0,보증금,29407.9,23250.0,36250.0,5.32394,1.17112,470.594,59.4,56.2,84.7,28000.0,0.0
창3동,도봉구,행정동,37.63682531692011,127.04109225202785,연립다세대,전세,30,높음,해당지역,17750.0,보증금,15920.2,12983.5,20000.0,9.58129,0.01229,401.356,37.3,29.2,46.4,17750.0,0.0
창3동,도봉구,행정동,37.63682531692011,127.04109225202785,오피스텔,전세,107,높음,법정동,23000.0,보증금,23276.4,17650.0,28900.0,7.57776,0.65428,582.99,41.2,29.2,60.4,23000.0,0.0
창4동,도봉구,행정동,37.65091226200383,127.0506635903173,단독다가구,매매,34,높음,자치구,57250.0,매매가,63759.7,42750.0,85000.0,8.51227,0.48654,324.008,179.2,118.8,198.9,,
창4동,도봉구,행정동,37.65091226200383,127.0506635903173,아파트,매매,344,높음,해당지역,68000.0,매매가,66286.9,34725.0,89500.0,6.23098,1.17946,1036.579,59.8,36.3,84.5,,
창4동,도봉구,행정동,37.65091226200383,127.0506635903173,연립다세대,매매,258,높음,법정동,23945.0,매매가,26782.6,19325.0,31100.0,7.67753,0.64518,575.303,43.6,33.2,53.1,,
창4동,도봉구,행정동,37.65091226200383,127.0506635903173,오피스텔,매매,48,높음,해당지역,45775.0,매매가,39368.3,43205.5,46685.0,-3.09995,3.65635,1068.012,42.9,40.8,42.9,,
창4동,도봉구,행정동,37.65091226200383,127.0506635903173,단독다가구,월세,356,높음,법정동,49.6,월환산,54.4,41.2,64.3,3.55397,0.10328,1.405,36.4,27.5,50.3,1000.0,45.0
창4동,도봉구,행정동,37.65091226200383,127.0506635903173,아파트,월세,259,높음,해당지역,89.2,월환산,109.5,74.2,145.8,0.72754,1.0015,2.088,45.6,36.2,59.9,3000.0,70.0
창4동,도봉구,행정동,37.65091226200383,127.0506635903173,연립다세대,월세,245,높음,법정동,74.6,월환산,79.5,58.2,95.5,3.02086,0.35851,1.965,37.7,29.6,47.6,5000.0,46.0
창4동,도봉구,행정동,37.65091226200383,127.0506635903173,오피스텔,월세,97,높음,해당지역,79.9,월환산,89.2,75.9,88.2,1.05298,0.99132,2.85,26.8,26.8,29.9,5000.0,61.0
창4동,도봉구,행정동,37.65091226200383,127.0506635903173,단독다가구,전세,77,높음,법정동,9300.0,보증금,10537.0,6000.0,14000.0,8.08669,0.25901,225.056,42.0,32.0,63.7,9300.0,0.0
창4동,도봉구,행정동,37.65091226200383,127.0506635903173,아파트,전세,350,높음,해당지역,32750.0,보증금,32876.3,19950.0,42000.0,5.73979,1.11953,505.598,59.8,41.3,84.5,32750.0,0.0
창4동,도봉구,행정동,37.65091226200383,127.0506635903173,연립다세대,전세,187,높음,법정동,16000.0,보증금,17119.7,12000.0,20600.0,7.81726,0.49159,346.42,39.2,31.8,51.5,16000.0,0.0
창4동,도봉구,행정동,37.65091226200383,127.0506635903173,오피스텔,전세,107,높음,법정동,23000.0,보증금,23276.4,17650.0,28900.0,7.57776,0.65428,582.99,41.2,29.2,60.4,23000.0,0.0
창5동,도봉구,행정동,37.65537038185076,127.04264798228921,단독다가구,매매,34,높음,자치구,57250.0,매매가,63759.7,42750.0,85000.0,8.51227,0.48654,324.008,179.2,118.8,198.9,,
창5동,도봉구,행정동,37.65537038185076,127.04264798228921,아파트,매매,215,높음,해당지역,62000.0,매매가,68816.3,51500.0,89200.0,7.6158,0.83672,1057.269,59.9,45.9,84.9,,
창5동,도봉구,행정동,37.65537038185076,127.04264798228921,연립다세대,매매,69,높음,해당지역,23890.0,매매가,29461.3,19910.0,35850.0,6.29714,1.03929,654.521,41.4,34.9,52.0,,
창5동,도봉구,행정동,37.65537038185076,127.04264798228921,오피스텔,매매,22,보통,해당지역,18050.0,매매가,17770.5,15400.0,19000.0,8.1161,0.47481,573.498,29.2,29.2,32.8,,
창5동,도봉구,행정동,37.65537038185076,127.04264798228921,단독다가구,월세,356,높음,법정동,49.6,월환산,54.4,41.2,64.3,3.55397,0.10328,1.405,36.4,27.5,50.3,1000.0,45.0
창5동,도봉구,행정동,37.65537038185076,127.04264798228921,아파트,월세,138,높음,해당지역,109.0,월환산,134.2,87.7,174.7,0.59533,1.04611,2.178,47.9,41.3,84.4,5000.0,78.5
창5동,도봉구,행정동,37.65537038185076,127.04264798228921,연립다세대,월세,71,높음,해당지역,83.8,월환산,86.3,64.6,98.5,3.19151,0.33753,2.152,35.2,29.4,42.6,8000.0,40.0
창5동,도봉구,행정동,37.65537038185076,127.04264798228921,오피스텔,월세,100,높음,해당지역,78.6,월환산,83.7,67.3,84.6,1.23779,0.90113,2.596,29.2,29.2,32.9,1000.0,70.0
창5동,도봉구,행정동,37.65537038185076,127.04264798228921,단독다가구,전세,77,높음,법정동,9300.0,보증금,10537.0,6000.0,14000.0,8.08669,0.25901,225.056,42.0,32.0,63.7,9300.0,0.0
창5동,도봉구,행정동,37.65537038185076,127.04264798228921,아파트,전세,216,높음,해당지역,33000.0,보증금,38283.4,24000.0,53000.0,5.88838,1.09389,546.168,59.6,45.9,85.0,33000.0,0.0
창5동,도봉구,행정동,37.65537038185076,127.04264798228921,연립다세대,전세,49,높음,해당지역,16000.0,보증금,17280.6,12000.0,22000.0,8.45675,0.33747,364.642,36.8,33.1,43.2,16000.0,0.0
창5동,도봉구,행정동,37.65537038185076,127.04264798228921,오피스텔,전세,36,높음,해당지역,17650.0,보증금,19304.9,17100.0,18655.0,6.86029,0.85169,589.849,29.2,29.1,30.2,17650.0,0.0
답십리1동,동대문구,행정동,37.57017373779915,127.0516972430627,단독다가구,매매,20,보통,법정동,69000.0,매매가,68692.5,40562.5,85000.0,8.78557,0.51208,660.093,92.8,48.0,152.1,,
답십리1동,동대문구,행정동,37.57017373779915,127.0516972430627,아파트,매매,203,높음,해당지역,140000.0,매매가,122613.3,85335.5,162000.0,6.53198,1.20932,1798.862,60.0,59.7,85.0,,
답십리1동,동대문구,행정동,37.57017373779915,127.0516972430627,연립다세대,매매,31,높음,해당지역,45000.0,매매가,44567.7,38150.0,48400.0,9.56179,0.31594,1314.459,30.0,28.3,52.9,,
답십리1동,동대문구,행정동,37.57017373779915,127.0516972430627,오피스텔,매매,36,높음,해당지역,14600.0,매매가,21824.2,12500.0,20075.0,5.75581,1.20879,604.941,23.8,20.2,41.9,,
답십리1동,동대문구,행정동,37.57017373779915,127.0516972430627,단독다가구,월세,200,높음,법정동,59.6,월환산,64.0,44.6,79.2,2.85095,0.33445,1.635,36.2,29.0,48.0,1000.0,50.0
답십리1동,동대문구,행정동,37.57017373779915,127.0516972430627,아파트,월세,335,높음,해당지역,86.9,월환산,151.5,72.8,252.4,1.75964,0.85563,3.898,40.6,18.9,60.0,10000.0,63.0
답십리1동,동대문구,행정동,37.57017373779915,127.0516972430627,연립다세대,월세,50,높음,해당지역,134.6,월환산,122.6,105.5,139.6,4.7017,0.01794,4.625,29.4,27.5,30.0,23250.0,25.0
답십리1동,동대문구,행정동,37.57017373779915,127.0516972430627,오피스텔,월세,436,높음,해당지역,79.6,월환산,107.2,69.6,162.7,1.94685,0.7832,3.267,23.8,20.2,55.9,2000.0,60.0
답십리1동,동대문구,행정동,37.57017373779915,127.0516972430627,단독다가구,전세,80,높음,법정동,13000.0,보증금,14567.0,9875.0,18000.0,8.58048,0.23548,338.516,40.7,32.9,56.6,13000.0,0.0
답십리1동,동대문구,행정동,37.57017373779915,127.0516972430627,아파트,전세,267,높음,해당지역,68000.0,보증금,66141.5,60975.0,75000.0,7.8654,0.75094,910.607,74.0,60.0,85.0,68000.0,0.0
답십리1동,동대문구,행정동,37.57017373779915,127.0516972430627,연립다세대,전세,58,높음,해당지역,25000.0,보증금,24747.4,21475.0,26000.0,8.71467,0.40373,850.32,29.2,27.1,30.0,25000.0,0.0
답십리1동,동대문구,행정동,37.57017373779915,127.0516972430627,오피스텔,전세,42,높음,해당지역,24650.0,보증금,30111.9,17000.0,46987.5,7.2053,0.8821,935.439,23.0,16.2,59.8,24650.0,0.0
답십리2동,동대문구,행정동,37.56963593745239,127.05970658262541,단독다가구,매매,20,보통,법정동,69000.0,매매가,68692.5,40562.5,85000.0,8.78557,0.51208,660.093,92.8,48.0,152.1,,
답십리2동,동대문구,행정동,37.56963593745239,127.05970658262541,아파트,매매,234,높음,해당지역,93500.0,매매가,92628.4,72000.0,108500.0,8.07524,0.77547,1128.35,76.4,59.9,84.9,,
답십리2동,동대문구,행정동,37.56963593745239,127.05970658262541,연립다세대,매매,17,보통,해당지역,32000.0,매매가,34900.0,30000.0,42000.0,,,584.112,51.4,50.0,54.9,,
답십리2동,동대문구,행정동,37.56963593745239,127.05970658262541,오피스텔,매매,25,보통,해당지역,17700.0,매매가,19370.0,14900.0,25500.0,9.45826,0.11257,790.425,29.9,27.6,31.9,,
답십리2동,동대문구,행정동,37.56963593745239,127.05970658262541,단독다가구,월세,200,높음,법정동,59.6,월환산,64.0,44.6,79.2,2.85095,0.33445,1.635,36.2,29.0,48.0,1000.0,50.0
답십리2동,동대문구,행정동,37.56963593745239,127.05970658262541,아파트,월세,126,높음,해당지역,171.7,월환산,162.5,84.9,236.0,1.31806,0.92489,2.904,59.7,33.0,59.9,10000.0,90.0
답십리2동,동대문구,행정동,37.56963593745239,127.05970658262541,연립다세대,월세,11,보통,해당지역,141.7,월환산,121.4,85.4,148.5,,,3.235,38.4,29.3,52.5,5500.0,50.0
답십리2동,동대문구,행정동,37.56963593745239,127.05970658262541,오피스텔,월세,70,높음,해당지역,96.2,월환산,98.1,79.2,114.6,4.38888,0.05033,3.934,29.3,22.1,29.9,2000.0,71.0
답십리2동,동대문구,행정동,37.56963593745239,127.05970658262541,단독다가구,전세,80,높음,법정동,13000.0,보증금,14567.0,9875.0,18000.0,8.58048,0.23548,338.516,40.7,32.9,56.6,13000.0,0.0
답십리2동,동대문구,행정동,37.56963593745239,127.05970658262541,아파트,전세,208,높음,해당지역,48750.0,보증금,47576.6,40000.0,58850.0,7.09861,0.86943,685.889,59.9,59.7,84.8,48750.0,0.0
답십리2동,동대문구,행정동,37.56963593745239,127.05970658262541,연립다세대,전세,27,보통,해당지역,24000.0,보증금,24530.5,23000.0,25750.0,9.08126,0.2795,788.062,29.8,29.3,49.4,24000.0,0.0
답십리2동,동대문구,행정동,37.56963593745239,127.05970658262541,오피스텔,전세,13,보통,해당지역,24150.0,보증금,21326.9,17000.0,25500.0,,,768.574,31.9,29.9,35.1,24150.0,0.0
신설동,동대문구,행정동,37.57347775488174,127.02812574653278,단독다가구,매매,11,보통,법정동,100000.0,매매가,110209.1,57650.0,129250.0,,,637.894,71.2,54.0,231.0,,
신설동,동대문구,행정동,37.57347775488174,127.02812574653278,아파트,매매,73,높음,해당지역,105000.0,매매가,118604.8,82500.0,153000.0,7.57243,0.97408,1698.781,60.0,58.6,84.6,,
신설동,동대문구,행정동,37.57347775488174,127.02812574653278,연립다세대,매매,18,보통,해당지역,38000.0,매매가,43427.8,34250.0,48750.0,,,1200.694,34.7,29.7,38.9,,
신설동,동대문구,행정동,37.57347775488174,127.02812574653278,오피스텔,매매,51,높음,해당지역,15900.0,매매가,17486.3,14600.0,17650.0,9.87899,-0.05109,628.753,27.6,18.4,28.9,,
신설동,동대문구,행정동,37.57347775488174,127.02812574653278,단독다가구,월세,31,높음,해당지역,56.7,월환산,64.0,48.4,67.1,3.27367,0.26107,2.819,19.0,18.0,28.0,1000.0,50.0
신설동,동대문구,행정동,37.57347775488174,127.02812574653278,아파트,월세,228,높음,해당지역,105.8,월환산,138.7,75.9,151.2,1.95045,0.77046,3.042,40.6,19.9,60.0,10000.0,53.0
신설동,동대문구,행정동,37.57347775488174,127.02812574653278,연립다세대,월세,32,높음,해당지역,138.1,월환산,128.5,95.7,159.3,1.97116,0.82091,4.028,29.7,26.1,38.2,7000.0,54.5
신설동,동대문구,행정동,37.57347775488174,127.02812574653278,오피스텔,월세,416,높음,해당지역,83.7,월환산,86.9,74.7,92.1,4.03223,0.13303,4.357,19.8,17.8,28.3,1000.0,70.0
신설동,동대문구,행정동,37.57347775488174,127.02812574653278,단독다가구,전세,44,높음,법정동,15000.0,보증금,16451.1,10000.0,22125.0,6.71087,0.79496,390.1,39.6,21.4,54.1,15000.0,0.0
신설동,동대문구,행정동,37.57347775488174,127.02812574653278,아파트,전세,112,높음,해당지역,71925.0,보증금,67643.3,58000.0,78175.0,7.5982,0.83747,1093.625,60.0,59.9,75.0,71925.0,0.0
신설동,동대문구,행정동,37.57347775488174,127.02812574653278,연립다세대,전세,35,높음,해당지역,26000.0,보증금,26733.9,24500.0,29750.0,8.97099,0.3489,905.433,29.0,27.2,33.9,26000.0,0.0
신설동,동대문구,행정동,37.57347775488174,127.02812574653278,오피스텔,전세,91,높음,해당지역,17000.0,보증금,18875.0,16000.0,19500.0,8.26326,0.52381,935.829,17.8,17.1,18.7,17000.0,0.0
용두동,동대문구,행정동,37.57707619842312,127.03624641145953,단독다가구,매매,11,보통,법정동,100000.0,매매가,110209.1,57650.0,129250.0,,,637.894,71.2,54.0,231.0,,
용두동,동대문구,행정동,37.57707619842312,127.03624641145953,아파트,매매,113,높음,해당지역,134500.0,매매가,109377.9,43200.0,153000.0,6.30953,1.24679,1631.957,84.9,30.4,85.0,,
용두동,동대문구,행정동,37.57707619842312,127.03624641145953,연립다세대,매매,44,높음,해당지역,56000.0,매매가,55976.1,49000.0,60000.0,10.10026,0.23353,2066.38,26.8,24.5,35.8,,
용두동,동대문구,행정동,37.57707619842312,127.03624641145953,오피스텔,매매,46,높음,해당지역,17885.0,매매가,19779.8,16825.0,19800.0,8.68693,0.34581,732.85,24.0,23.5,36.0,,
용두동,동대문구,행정동,37.57707619842312,127.03624641145953,단독다가구,월세,353,높음,법정동,54.6,월환산,60.0,47.9,64.6,2.69439,0.4111,2.423,21.4,18.4,38.0,1000.0,50.0
용두동,동대문구,행정동,37.57707619842312,127.03624641145953,아파트,월세,190,높음,해당지역,172.1,월환산,212.3,99.0,325.8,1.94021,0.82467,4.305,48.8,30.1,85.0,9100.0,106.0
용두동,동대문구,행정동,37.57707619842312,127.03624641145953,연립다세대,월세,69,높음,해당지역,80.8,월환산,89.7,56.6,115.0,3.16967,0.3784,3.665,25.4,15.8,31.2,3000.0,47.0
용두동,동대문구,행정동,37.57707619842312,127.03624641145953,오피스텔,월세,325,높음,해당지역,87.9,월환산,92.0,77.5,94.2,3.19559,0.39317,3.624,23.5,23.5,30.5,1000.0,75.0
용두동,동대문구,행정동,37.57707619842312,127.03624641145953,단독다가구,전세,44,높음,법정동,15000.0,보증금,16451.1,10000.0,22125.0,6.71087,0.79496,390.1,39.6,21.4,54.1,15000.0,0.0
용두동,동대문구,행정동,37.57707619842312,127.03624641145953,아파트,전세,122,높음,해당지역,64000.0,보증금,57764.0,32682.0,75000.0,6.85316,0.97611,883.325,84.7,44.2,85.0,64000.0,0.0
용두동,동대문구,행정동,37.57707619842312,127.03624641145953,연립다세대,전세,99,높음,해당지역,25000.0,보증금,22816.4,17500.0,28000.0,7.37315,0.80035,908.479,26.8,21.3,28.3,25000.0,0.0
용두동,동대문구,행정동,37.57707619842312,127.03624641145953,오피스텔,전세,54,높음,해당지역,21850.0,보증금,22629.8,15812.5,28000.0,6.84046,0.93699,823.045,29.2,22.9,33.9,21850.0,0.0
이문1동,동대문구,행정동,37.59780485296826,127.06156412105544,단독다가구,매매,21,보통,법정동,85000.0,매매가,93633.3,77000.0,103000.0,11.54653,-0.03223,667.997,89.7,54.6,141.4,,
이문1동,동대문구,행정동,37.59780485296826,127.06156412105544,아파트,매매,70,높음,해당지역,92750.0,매매가,93517.9,84625.0,102500.0,9.26759,0.48568,1032.936,85.0,60.0,114.1,,
이문1동,동대문구,행정동,37.59780485296826,127.06156412105544,연립다세대,매매,17,보통,해당지역,78420.0,매매가,71523.1,72000.0,79326.0,,,982.609,80.4,77.8,83.8,,
이문1동,동대문구,행정동,37.59780485296826,127.06156412105544,오피스텔,매매,322,높음,자치구,17950.0,매매가,23092.6,14325.0,25000.0,7.27693,0.78149,724.483,27.6,21.1,34.4,,
이문1동,동대문구,행정동,37.59780485296826,127.06156412105544,단독다가구,월세,702,높음,법정동,57.3,월환산,60.3,48.9,67.3,3.56022,0.15338,2.545,20.8,18.0,30.0,500.0,53.0
이문1동,동대문구,행정동,37.59780485296826,127.06156412105544,아파트,월세,383,높음,해당지역,62.4,월환산,140.7,31.6,272.5,-1.07965,1.45251,1.915,44.0,33.8,60.0,4080.0,30.0
이문1동,동대문구,행정동,37.59780485296826,127.06156412105544,연립다세대,월세,82,높음,해당지역,66.6,월환산,74.9,58.4,87.3,3.90763,0.10361,3.131,26.3,14.8,37.0,1000.0,60.0
이문1동,동대문구,행정동,37.59780485296826,127.06156412105544,오피스텔,월세,73,높음,해당지역,73.6,월환산,78.6,59.6,93.8,0.74784,1.15068,3.616,21.4,18.0,22.1,1000.0,66.0
이문1동,동대문구,행정동,37.59780485296826,127.06156412105544,단독다가구,전세,60,높음,법정동,12500.0,보증금,12093.3,8000.0,15250.0,7.8844,0.39657,336.646,35.3,24.0,47.7,12500.0,0.0
이문1동,동대문구,행정동,37.59780485296826,127.06156412105544,아파트,전세,257,높음,해당지역,60000.0,보증금,56349.4,32214.0,70000.0,7.6414,0.78919,942.063,60.0,41.6,84.9,60000.0,0.0
이문1동,동대문구,행정동,37.59780485296826,127.06156412105544,연립다세대,전세,19,보통,해당지역,10000.0,보증금,19957.9,8000.0,25000.0,,,398.406,29.8,19.4,66.1,10000.0,0.0
이문1동,동대문구,행정동,37.59780485296826,127.06156412105544,오피스텔,전세,17,보통,해당지역,13000.0,보증금,13069.1,8800.0,13125.0,,,718.184,21.5,17.2,23.8,13000.0,0.0
이문2동,동대문구,행정동,37.60241725534277,127.06541641266993,단독다가구,매매,21,보통,법정동,85000.0,매매가,93633.3,77000.0,103000.0,11.54653,-0.03223,667.997,89.7,54.6,141.4,,
이문2동,동대문구,행정동,37.60241725534277,127.06541641266993,아파트,매매,116,높음,해당지역,97000.0,매매가,97094.1,90000.0,105125.0,9.06816,0.55297,1259.626,84.6,60.0,85.0,,
이문2동,동대문구,행정동,37.60241725534277,127.06541641266993,연립다세대,매매,24,보통,법정동,73089.0,매매가,61943.4,39250.0,79275.8,8.49338,0.60071,982.619,79.1,49.7,80.7,,
이문2동,동대문구,행정동,37.60241725534277,127.06541641266993,오피스텔,매매,322,높음,자치구,17950.0,매매가,23092.6,14325.0,25000.0,7.27693,0.78149,724.483,27.6,21.1,34.4,,
이문2동,동대문구,행정동,37.60241725534277,127.06541641266993,단독다가구,월세,702,높음,법정동,57.3,월환산,60.3,48.9,67.3,3.56022,0.15338,2.545,20.8,18.0,30.0,500.0,53.0
이문2동,동대문구,행정동,37.60241725534277,127.06541641266993,아파트,월세,71,높음,해당지역,172.9,월환산,157.9,112.9,210.2,1.02146,0.96257,2.68,60.0,59.9,84.9,10000.0,100.0
이문2동,동대문구,행정동,37.60241725534277,127.06541641266993,연립다세대,월세,25,보통,해당지역,79.7,월환산,76.4,49.0,98.8,2.53156,0.52321,2.92,30.0,14.5,42.6,3000.0,60.0
이문2동,동대문구,행정동,37.60241725534277,127.06541641266993,오피스텔,월세,57,높음,해당지역,62.6,월환산,66.3,57.3,76.0,4.21174,-0.01096,3.522,17.4,17.2,20.5,1000.0,55.0
이문2동,동대문구,행정동,37.60241725534277,127.06541641266993,단독다가구,전세,60,높음,법정동,12500.0,보증금,12093.3,8000.0,15250.0,7.8844,0.39657,336.646,35.3,24.0,47.7,12500.0,0.0
이문2동,동대문구,행정동,37.60241725534277,127.06541641266993,아파트,전세,104,높음,해당지역,47125.0,보증금,46780.6,42000.0,52000.0,5.52818,1.20134,641.002,84.3,60.0,84.9,47125.0,0.0
이문2동,동대문구,행정동,37.60241725534277,127.06541641266993,연립다세대,전세,26,보통,법정동,10500.0,보증금,18076.9,8000.0,21750.0,6.92567,0.76127,480.67,29.6,16.4,62.6,10500.0,0.0
이문2동,동대문구,행정동,37.60241725534277,127.06541641266993,오피스텔,전세,17,보통,해당지역,14000.0,보증금,13076.5,11000.0,14900.0,,,623.583,17.6,17.4,23.5,14000.0,0.0
장안1동,동대문구,행정동,37.566320136007725,127.06811494946913,단독다가구,매매,189,높음,자치구,98000.0,매매가,101683.9,71000.0,123000.0,9.75452,0.35825,808.005,114.1,54.8,181.7,,
장안1동,동대문구,행정동,37.566320136007725,127.06811494946913,아파트,매매,221,높음,해당지역,79000.0,매매가,80677.1,57000.0,115000.0,6.47898,1.10517,972.858,84.7,59.8,84.9,,
장안1동,동대문구,행정동,37.566320136007725,127.06811494946913,연립다세대,매매,101,높음,해당지역,40500.0,매매가,41973.8,34800.0,50200.0,8.56495,0.53463,921.117,46.7,34.1,56.8,,
장안1동,동대문구,행정동,37.566320136007725,127.06811494946913,오피스텔,매매,63,높음,해당지역,15400.0,매매가,18990.7,10000.0,21950.0,7.21749,0.72587,466.001,29.6,21.6,35.8,,
장안1동,동대문구,행정동,37.566320136007725,127.06811494946913,단독다가구,월세,299,높음,법정동,57.5,월환산,63.4,42.3,79.2,2.35664,0.48548,1.729,33.0,24.2,46.3,1000.0,50.0
장안1동,동대문구,행정동,37.566320136007725,127.06811494946913,아파트,월세,333,높음,해당지역,97.6,월환산,117.5,67.8,139.4,2.33783,0.69479,3.761,20.8,18.0,36.3,9300.0,55.0
장안1동,동대문구,행정동,37.566320136007725,127.06811494946913,연립다세대,월세,143,높음,해당지역,100.9,월환산,101.0,75.2,125.2,3.55552,0.27764,2.991,34.2,27.1,46.4,7000.0,42.0
장안1동,동대문구,행정동,37.566320136007725,127.06811494946913,오피스텔,월세,304,높음,해당지역,69.2,월환산,80.7,62.3,99.6,2.45221,0.57613,3.0,24.2,21.0,29.3,1000.0,60.0
장안1동,동대문구,행정동,37.566320136007725,127.06811494946913,단독다가구,전세,53,높음,법정동,14000.0,보증금,15028.3,10000.0,20000.0,7.0624,0.65165,322.581,42.0,26.0,63.3,14000.0,0.0
장안1동,동대문구,행정동,37.566320136007725,127.06811494946913,아파트,전세,126,높음,해당지역,51505.0,보증금,49256.1,40500.0,60000.0,7.65268,0.73264,688.111,84.8,58.4,84.9,51505.0,0.0
장안1동,동대문구,행정동,37.566320136007725,127.06811494946913,연립다세대,전세,83,높음,해당지역,25000.0,보증금,25100.2,19650.0,29350.0,9.77452,0.08724,719.396,35.8,27.4,50.1,25000.0,0.0
장안1동,동대문구,행정동,37.566320136007725,127.06811494946913,오피스텔,전세,78,높음,해당지역,21900.0,보증금,21106.2,17900.0,24577.5,9.20533,0.21199,779.038,27.7,26.0,35.0,21900.0,0.0
장안2동,동대문구,행정동,37.572002016450355,127.07210301467892,단독다가구,매매,189,높음,자치구,98000.0,매매가,101683.9,71000.0,123000.0,9.75452,0.35825,808.005,114.1,54.8,181.7,,
장안2동,동대문구,행정동,37.572002016450355,127.07210301467892,아파트,매매,174,높음,해당지역,104750.0,매매가,94823.0,68350.0,119375.0,7.86834,0.81328,1217.756,81.0,59.9,84.9,,
장안2동,동대문구,행정동,37.572002016450355,127.07210301467892,연립다세대,매매,44,높음,해당지역,36000.0,매매가,36020.5,29750.0,41325.0,8.38468,0.54609,791.878,45.2,35.1,55.9,,
장안2동,동대문구,행정동,37.572002016450355,127.07210301467892,오피스텔,매매,18,보통,해당지역,30000.0,매매가,27441.7,22625.0,33500.0,,,536.927,50.8,33.8,66.0,,
장안2동,동대문구,행정동,37.572002016450355,127.07210301467892,단독다가구,월세,299,높음,법정동,57.5,월환산,63.4,42.3,79.2,2.35664,0.48548,1.729,33.0,24.2,46.3,1000.0,50.0
장안2동,동대문구,행정동,37.572002016450355,127.07210301467892,아파트,월세,146,높음,해당지역,213.3,월환산,193.2,110.3,254.6,2.4218,0.64329,3.06,81.0,59.9,84.8,14736.0,108.0
장안2동,동대문구,행정동,37.572002016450355,127.07210301467892,연립다세대,월세,93,높음,해당지역,83.8,월환산,83.5,57.1,105.7,4.03133,0.08162,2.529,35.0,28.1,46.7,3000.0,50.0
장안2동,동대문구,행정동,37.572002016450355,127.07210301467892,오피스텔,월세,421,높음,해당지역,106.7,월환산,122.5,49.1,194.6,0.26544,1.18767,3.05,29.5,29.1,59.3,3000.0,65.0
장안2동,동대문구,행정동,37.572002016450355,127.07210301467892,단독다가구,전세,53,높음,법정동,14000.0,보증금,15028.3,10000.0,20000.0,7.0624,0.65165,322.581,42.0,26.0,63.3,14000.0,0.0
장안2동,동대문구,행정동,37.572002016450355,127.07210301467892,아파트,전세,120,높음,해당지역,54600.0,보증금,53300.9,42000.0,65000.0,8.12663,0.63033,743.696,81.0,60.0,84.8,54600.0,0.0
장안2동,동대문구,행정동,37.572002016450355,127.07210301467892,연립다세대,전세,41,높음,해당지역,22500.0,보증금,23920.0,20000.0,29000.0,8.76366,0.34433,632.262,43.4,29.8,53.0,22500.0,0.0
장안2동,동대문구,행정동,37.572002016450355,127.07210301467892,오피스텔,전세,144,높음,해당지역,26290.0,보증금,28368.8,21750.0,34537.5,7.36315,0.77454,757.248,42.1,28.8,48.8,26290.0,0.0
전농1동,동대문구,행정동,37.580051581041154,127.04875320209146,단독다가구,매매,45,높음,법정동,105400.0,매매가,105677.6,67000.0,127700.0,10.32589,0.24888,819.992,128.4,64.6,171.7,,
전농1동,동대문구,행정동,37.580051581041154,127.04875320209146,아파트,매매,156,높음,해당지역,169250.0,매매가,149008.0,118500.0,184850.0,7.12155,1.10426,2059.55,85.0,60.0,85.0,,
전농1동,동대문구,행정동,37.580051581041154,127.04875320209146,연립다세대,매매,61,높음,해당지역,52500.0,매매가,55133.3,42000.0,59500.0,9.39531,0.40718,1708.664,30.0,28.4,51.4,,
전농1동,동대문구,행정동,37.580051581041154,127.04875320209146,오피스텔,매매,36,높음,해당지역,33480.0,매매가,47653.4,28312.5,73875.0,6.70238,1.08569,1201.642,29.7,23.4,59.3,,
전농1동,동대문구,행정동,37.580051581041154,127.04875320209146,단독다가구,월세,353,높음,법정동,57.3,월환산,60.2,43.2,72.3,3.28519,0.21367,1.979,29.7,18.0,43.6,1000.0,48.0
전농1동,동대문구,행정동,37.580051581041154,127.04875320209146,아파트,월세,146,높음,해당지역,217.7,월환산,221.0,95.4,307.5,2.3551,0.75302,4.266,55.4,20.0,85.0,11000.0,84.5
전농1동,동대문구,행정동,37.580051581041154,127.04875320209146,연립다세대,월세,115,높음,해당지역,74.6,월환산,80.1,56.4,102.6,3.27553,0.32407,3.45,26.9,17.4,38.0,3000.0,50.0
전농1동,동대문구,행정동,37.580051581041154,127.04875320209146,오피스텔,월세,302,높음,해당지역,124.6,월환산,139.0,90.7,166.6,2.01154,0.85488,4.714,24.1,18.4,38.2,1000.0,110.0
전농1동,동대문구,행정동,37.580051581041154,127.04875320209146,단독다가구,전세,100,높음,법정동,13575.0,보증금,15585.6,10750.0,18625.0,6.92091,0.68518,318.987,45.0,35.7,57.6,13575.0,0.0
전농1동,동대문구,행정동,37.580051581041154,127.04875320209146,아파트,전세,196,높음,해당지역,70000.0,보증금,69053.0,60900.0,79062.5,8.72876,0.55179,941.437,85.0,60.0,85.0,70000.0,0.0
전농1동,동대문구,행정동,37.580051581041154,127.04875320209146,연립다세대,전세,183,높음,해당지역,24000.0,보증금,22929.9,20000.0,26000.0,8.43185,0.46116,803.353,29.3,25.6,30.0,24000.0,0.0
전농1동,동대문구,행정동,37.580051581041154,127.04875320209146,오피스텔,전세,134,높음,해당지역,41000.0,보증금,42004.3,27000.0,57937.5,7.65253,0.77546,931.677,41.9,26.4,85.0,41000.0,0.0
전농2동,동대문구,행정동,37.57810192069214,127.0618584372099,단독다가구,매매,45,높음,법정동,105400.0,매매가,105677.6,67000.0,127700.0,10.32589,0.24888,819.992,128.4,64.6,171.7,,
전농2동,동대문구,행정동,37.57810192069214,127.0618584372099,아파트,매매,151,높음,해당지역,100000.0,매매가,99348.0,79650.0,119000.0,9.27943,0.50717,1296.42,84.8,59.8,85.0,,
전농2동,동대문구,행정동,37.57810192069214,127.0618584372099,연립다세대,매매,17,보통,해당지역,32000.0,매매가,31529.4,24000.0,37000.0,,,791.875,34.5,28.9,51.0,,
전농2동,동대문구,행정동,37.57810192069214,127.0618584372099,오피스텔,매매,36,높음,법정동,33480.0,매매가,47653.4,28312.5,73875.0,6.70238,1.08569,1201.642,29.7,23.4,59.3,,
전농2동,동대문구,행정동,37.57810192069214,127.0618584372099,단독다가구,월세,353,높음,법정동,57.3,월환산,60.2,43.2,72.3,3.28519,0.21367,1.979,29.7,18.0,43.6,1000.0,48.0
전농2동,동대문구,행정동,37.57810192069214,127.0618584372099,아파트,월세,110,높음,해당지역,188.8,월환산,172.4,123.9,241.9,-1.11553,1.46749,2.725,59.9,44.2,85.0,10000.0,110.0
전농2동,동대문구,행정동,37.57810192069214,127.0618584372099,연립다세대,월세,12,보통,해당지역,114.0,월환산,105.5,78.7,127.0,,,2.666,44.9,33.5,51.2,6750.0,42.5
전농2동,동대문구,행정동,37.57810192069214,127.0618584372099,오피스텔,월세,303,높음,법정동,124.6,월환산,138.7,88.4,166.6,2.00872,0.85508,4.713,24.1,18.4,38.2,1000.0,110.0
전농2동,동대문구,행정동,37.57810192069214,127.0618584372099,단독다가구,전세,100,높음,법정동,13575.0,보증금,15585.6,10750.0,18625.0,6.92091,0.68518,318.987,45.0,35.7,57.6,13575.0,0.0
전농2동,동대문구,행정동,37.57810192069214,127.0618584372099,아파트,전세,132,높음,해당지역,47350.0,보증금,50244.8,40937.5,55000.0,8.44511,0.5462,673.239,60.0,59.8,85.0,47350.0,0.0
전농2동,동대문구,행정동,37.57810192069214,127.0618584372099,연립다세대,전세,15,보통,해당지역,21400.0,보증금,23222.7,20500.0,27425.0,,,615.114,36.9,32.8,47.2,21400.0,0.0
전농2동,동대문구,행정동,37.57810192069214,127.0618584372099,오피스텔,전세,136,높음,법정동,40000.0,보증금,41532.1,26512.5,57812.5,7.54217,0.80185,929.739,41.9,25.7,85.0,40000.0,0.0
제기동,동대문구,행정동,37.58492970215461,127.03567309541975,단독다가구,매매,19,보통,해당지역,96000.0,매매가,91784.2,54850.0,110000.0,,,654.264,163.4,45.3,227.8,,
제기동,동대문구,행정동,37.58492970215461,127.03567309541975,아파트,매매,91,높음,해당지역,100000.0,매매가,95301.1,92200.0,110000.0,7.69854,0.85955,1179.802,84.8,59.9,85.0,,
제기동,동대문구,행정동,37.58492970215461,127.03567309541975,연립다세대,매매,46,높음,해당지역,34250.0,매매가,35821.7,26550.0,47750.0,8.48059,0.50042,818.948,50.7,31.9,56.6,,
제기동,동대문구,행정동,37.58492970215461,127.03567309541975,오피스텔,매매,322,높음,자치구,17950.0,매매가,23092.6,14325.0,25000.0,7.27693,0.78149,724.483,27.6,21.1,34.4,,
제기동,동대문구,행정동,37.58492970215461,127.03567309541975,단독다가구,월세,493,높음,해당지역,59.3,월환산,63.0,47.9,72.6,3.05802,0.32988,2.752,20.0,17.0,28.8,500.0,55.0
제기동,동대문구,행정동,37.58492970215461,127.03567309541975,아파트,월세,57,높음,해당지역,186.7,월환산,160.3,76.6,222.9,2.33567,0.65906,3.074,59.8,20.1,84.9,7000.0,100.0
제기동,동대문구,행정동,37.58492970215461,127.03567309541975,연립다세대,월세,155,높음,해당지역,74.6,월환산,87.7,57.0,119.5,3.18863,0.35467,3.179,28.4,18.2,41.6,1000.0,57.0
제기동,동대문구,행정동,37.58492970215461,127.03567309541975,오피스텔,월세,33,높음,해당지역,74.6,월환산,84.6,35.5,122.9,0.37205,1.17955,2.852,29.8,26.7,29.8,1000.0,55.0
제기동,동대문구,행정동,37.58492970215461,127.03567309541975,단독다가구,전세,60,높음,해당지역,11775.0,보증금,12357.3,8300.0,15000.0,7.46063,0.5343,355.556,28.3,20.8,50.1,11775.0,0.0
제기동,동대문구,행정동,37.58492970215461,127.03567309541975,아파트,전세,59,높음,해당지역,52500.0,보증금,51303.4,45550.0,58000.0,9.1511,0.38589,681.336,84.8,59.8,84.9,52500.0,0.0
제기동,동대문구,행정동,37.58492970215461,127.03567309541975,연립다세대,전세,72,높음,해당지역,24000.0,보증금,22520.9,19300.0,26000.0,9.3619,0.17434,778.662,28.7,25.8,50.1,24000.0,0.0
제기동,동대문구,행정동,37.58492970215461,127.03567309541975,오피스텔,전세,701,높음,자치구,23000.0,보증금,26948.2,17100.0,32000.0,7.45004,0.7803,872.093,28.3,18.8,41.9,23000.0,0.0
청량리동,동대문구,행정동,37.584703369164636,127.04729566544427,단독다가구,매매,49,높음,해당지역,112000.0,매매가,115529.3,97000.0,129500.0,10.4239,0.26601,1219.248,92.3,49.6,138.7,,
청량리동,동대문구,행정동,37.584703369164636,127.04729566544427,아파트,매매,66,높음,해당지역,96500.0,매매가,101693.9,88250.0,110750.0,9.50029,0.44409,1118.7,84.9,80.0,115.0,,
청량리동,동대문구,행정동,37.584703369164636,127.04729566544427,연립다세대,매매,30,높음,해당지역,37500.0,매매가,41270.0,31875.0,47750.0,9.34139,0.33371,892.509,45.5,37.1,54.8,,
청량리동,동대문구,행정동,37.584703369164636,127.04729566544427,오피스텔,매매,18,보통,해당지역,24000.0,매매가,26455.6,23125.0,24500.0,,,1132.081,21.2,21.2,21.2,,
청량리동,동대문구,행정동,37.584703369164636,127.04729566544427,단독다가구,월세,148,높음,해당지역,52.3,월환산,56.5,37.3,68.0,2.07131,0.53839,1.548,32.8,24.6,44.6,1000.0,40.0
청량리동,동대문구,행정동,37.584703369164636,127.04729566544427,아파트,월세,76,높음,해당지역,248.3,월환산,227.5,188.8,288.5,1.16693,0.96421,3.124,60.0,59.9,101.6,22500.0,120.0
청량리동,동대문구,행정동,37.584703369164636,127.04729566544427,연립다세대,월세,12,보통,해당지역,93.8,월환산,92.2,68.9,115.7,,,1.793,48.4,36.0,60.1,8950.0,47.5
청량리동,동대문구,행정동,37.584703369164636,127.04729566544427,오피스텔,월세,179,높음,해당지역,109.6,월환산,112.3,101.2,114.6,0.8811,1.21426,4.992,21.2,21.2,21.2,1000.0,100.0
청량리동,동대문구,행정동,37.584703369164636,127.04729566544427,단독다가구,전세,50,높음,해당지역,13000.0,보증금,13252.1,8250.0,15000.0,6.01225,0.89228,282.187,44.8,28.9,59.1,13000.0,0.0
청량리동,동대문구,행정동,37.584703369164636,127.04729566544427,아파트,전세,111,높음,해당지역,50000.0,보증금,51262.0,42000.0,62000.0,10.77122,0.00612,588.789,84.9,60.0,101.6,50000.0,0.0
청량리동,동대문구,행정동,37.584703369164636,127.04729566544427,연립다세대,전세,19,보통,해당지역,20660.0,보증금,22075.0,16000.0,27500.0,,,438.356,49.8,40.8,59.3,20660.0,0.0
청량리동,동대문구,행정동,37.584703369164636,127.04729566544427,오피스텔,전세,64,높음,해당지역,23850.0,보증금,26217.1,22050.0,25000.0,7.55416,0.81339,1040.094,21.2,21.2,21.2,23850.0,0.0
회기동,동대문구,행정동,37.590597520844156,127.05273061769017,단독다가구,매매,189,높음,자치구,98000.0,매매가,101683.9,71000.0,123000.0,9.75452,0.35825,808.005,114.1,54.8,181.7,,
회기동,동대문구,행정동,37.590597520844156,127.05273061769017,아파트,매매,35,높음,해당지역,88000.0,매매가,76651.4,78750.0,95000.0,7.1414,0.97373,1141.714,72.3,58.2,85.0,,
회기동,동대문구,행정동,37.590597520844156,127.05273061769017,연립다세대,매매,13,보통,해당지역,29500.0,매매가,28753.8,24000.0,34000.0,,,525.421,52.5,49.0,62.8,,
회기동,동대문구,행정동,37.590597520844156,127.05273061769017,오피스텔,매매,322,높음,자치구,17950.0,매매가,23092.6,14325.0,25000.0,7.27693,0.78149,724.483,27.6,21.1,34.4,,
회기동,동대문구,행정동,37.590597520844156,127.05273061769017,단독다가구,월세,531,높음,해당지역,58.6,월환산,62.1,49.3,71.0,3.77969,0.09381,2.743,20.0,18.0,30.0,500.0,55.0
회기동,동대문구,행정동,37.590597520844156,127.05273061769017,아파트,월세,112,높음,해당지역,105.7,월환산,120.4,99.7,124.6,3.43021,0.39371,4.326,24.1,20.3,29.0,1000.0,100.0
회기동,동대문구,행정동,37.590597520844156,127.05273061769017,연립다세대,월세,72,높음,해당지역,64.9,월환산,71.9,55.1,81.9,3.75624,0.14576,2.909,25.2,13.6,35.8,1000.0,51.5
회기동,동대문구,행정동,37.590597520844156,127.05273061769017,오피스텔,월세,27,보통,해당지역,72.9,월환산,75.8,69.6,83.8,4.54332,-0.0705,3.093,23.0,16.7,23.9,1000.0,67.0
회기동,동대문구,행정동,37.590597520844156,127.05273061769017,단독다가구,전세,31,높음,해당지역,12000.0,보증금,12406.5,8650.0,13000.0,8.4823,0.24354,391.828,33.0,20.6,43.7,12000.0,0.0
회기동,동대문구,행정동,37.590597520844156,127.05273061769017,아파트,전세,34,높음,해당지역,42500.0,보증금,42095.6,23250.0,51000.0,8.07836,0.62291,681.573,78.6,24.5,85.0,42500.0,0.0
회기동,동대문구,행정동,37.590597520844156,127.05273061769017,연립다세대,전세,16,보통,해당지역,19975.0,보증금,18694.4,11500.0,23000.0,,,364.349,42.8,28.4,63.2,19975.0,0.0
회기동,동대문구,행정동,37.590597520844156,127.05273061769017,오피스텔,전세,701,높음,자치구,23000.0,보증금,26948.2,17100.0,32000.0,7.45004,0.7803,872.093,28.3,18.8,41.9,23000.0,0.0
휘경1동,동대문구,행정동,37.59131105201425,127.06018541888689,단독다가구,매매,189,높음,자치구,98000.0,매매가,101683.9,71000.0,123000.0,9.75452,0.35825,808.005,114.1,54.8,181.7,,
휘경1동,동대문구,행정동,37.59131105201425,127.06018541888689,아파트,매매,98,높음,해당지역,83500.0,매매가,89383.0,69000.0,119000.0,7.4193,0.93787,1253.342,59.9,59.8,84.6,,
휘경1동,동대문구,행정동,37.59131105201425,127.06018541888689,연립다세대,매매,10,보통,해당지역,31500.0,매매가,30890.0,18250.0,40000.0,,,824.893,51.4,16.1,62.9,,
휘경1동,동대문구,행정동,37.59131105201425,127.06018541888689,오피스텔,매매,21,보통,해당지역,18000.0,매매가,15252.4,12900.0,19000.0,6.52876,1.07811,1000.614,16.7,14.8,16.8,,
휘경1동,동대문구,행정동,37.59131105201425,127.06018541888689,단독다가구,월세,1285,높음,법정동,57.3,월환산,59.9,47.3,66.8,2.99592,0.34337,2.819,19.8,17.0,24.0,600.0,51.0
휘경1동,동대문구,행정동,37.59131105201425,127.06018541888689,아파트,월세,142,높음,해당지역,100.2,월환산,135.6,87.4,188.4,3.20335,0.44905,4.522,34.7,14.1,59.8,9540.5,81.0
휘경1동,동대문구,행정동,37.59131105201425,127.06018541888689,연립다세대,월세,87,높음,해당지역,67.6,월환산,76.9,60.4,81.9,4.08597,0.06656,3.612,18.6,14.1,29.8,1000.0,60.0
휘경1동,동대문구,행정동,37.59131105201425,127.06018541888689,오피스텔,월세,232,높음,해당지역,89.2,월환산,87.8,71.2,100.1,3.23553,0.40955,4.77,16.8,16.3,19.5,1000.0,81.0
휘경1동,동대문구,행정동,37.59131105201425,127.06018541888689,단독다가구,전세,84,높음,법정동,10000.0,보증금,11668.3,7000.0,14950.5,6.85203,0.70972,373.964,23.0,19.0,40.3,10000.0,0.0
휘경1동,동대문구,행정동,37.59131105201425,127.06018541888689,아파트,전세,93,높음,해당지역,59850.0,보증금,55804.6,48000.0,69000.0,7.88214,0.71825,827.521,82.8,59.8,84.6,59850.0,0.0
휘경1동,동대문구,행정동,37.59131105201425,127.06018541888689,연립다세대,전세,13,보통,해당지역,15500.0,보증금,18930.8,13000.0,25300.0,,,892.857,22.2,14.6,53.1,15500.0,0.0
휘경1동,동대문구,행정동,37.59131105201425,127.06018541888689,오피스텔,전세,36,높음,해당지역,17200.0,보증금,17909.7,16312.5,18000.0,8.22206,0.53293,978.205,16.7,16.6,17.6,17200.0,0.0
휘경2동,동대문구,행정동,37.58645011121422,127.06453288311069,단독다가구,매매,189,높음,자치구,98000.0,매매가,101683.9,71000.0,123000.0,9.75452,0.35825,808.005,114.1,54.8,181.7,,
휘경2동,동대문구,행정동,37.58645011121422,127.06453288311069,아파트,매매,114,높음,해당지역,82000.0,매매가,78470.2,59000.0,93525.0,8.94523,0.54277,1124.471,84.3,59.1,85.0,,
휘경2동,동대문구,행정동,37.58645011121422,127.06453288311069,연립다세대,매매,39,높음,해당지역,20000.0,매매가,26007.7,18000.0,33600.0,8.31208,0.54489,837.989,15.0,14.3,50.8,,
휘경2동,동대문구,행정동,37.58645011121422,127.06453288311069,오피스텔,매매,21,보통,법정동,18000.0,매매가,15252.4,12900.0,19000.0,6.52876,1.07811,1000.614,16.7,14.8,16.8,,
휘경2동,동대문구,행정동,37.58645011121422,127.06453288311069,단독다가구,월세,1285,높음,법정동,57.3,월환산,59.9,47.3,66.8,2.99592,0.34337,2.819,19.8,17.0,24.0,600.0,51.0
휘경2동,동대문구,행정동,37.58645011121422,127.06453288311069,아파트,월세,141,높음,해당지역,93.6,월환산,103.3,54.2,127.9,1.88496,0.69695,2.168,33.7,32.4,59.9,8792.0,28.0
휘경2동,동대문구,행정동,37.58645011121422,127.06453288311069,연립다세대,월세,97,높음,해당지역,75.8,월환산,83.2,54.2,99.6,2.87248,0.45444,2.998,26.1,15.8,39.6,2000.0,50.0
휘경2동,동대문구,행정동,37.58645011121422,127.06453288311069,오피스텔,월세,238,높음,법정동,89.6,월환산,88.1,72.3,99.6,3.28675,0.39409,4.794,16.8,16.2,19.5,1000.0,81.0
휘경2동,동대문구,행정동,37.58645011121422,127.06453288311069,단독다가구,전세,84,높음,법정동,10000.0,보증금,11668.3,7000.0,14950.5,6.85203,0.70972,373.964,23.0,19.0,40.3,10000.0,0.0
휘경2동,동대문구,행정동,37.58645011121422,127.06453288311069,아파트,전세,91,높음,해당지역,49000.0,보증금,45123.8,33500.0,55000.0,8.29521,0.55531,632.213,84.9,59.8,85.0,49000.0,0.0
휘경2동,동대문구,행정동,37.58645011121422,127.06453288311069,연립다세대,전세,33,높음,해당지역,17600.0,보증금,17936.4,12000.0,23000.0,8.27013,0.40645,442.767,39.8,22.0,56.8,17600.0,0.0
휘경2동,동대문구,행정동,37.58645011121422,127.06453288311069,오피스텔,전세,36,높음,법정동,17200.0,보증금,17909.7,16312.5,18000.0,8.22206,0.53293,978.205,16.7,16.6,17.6,17200.0,0.0
노량진1동,동작구,행정동,37.51058298892508,126.94527377077218,단독다가구,매매,43,높음,법정동,278000.0,매매가,262902.3,243500.0,305000.0,12.34846,0.00878,1532.826,177.4,143.2,214.1,,
노량진1동,동작구,행정동,37.51058298892508,126.94527377077218,아파트,매매,182,높음,해당지역,150000.0,매매가,146799.7,142625.0,162500.0,7.59129,0.98315,1860.16,84.8,59.8,84.9,,
노량진1동,동작구,행정동,37.51058298892508,126.94527377077218,연립다세대,매매,51,높음,해당지역,65000.0,매매가,86311.9,48500.0,97250.0,9.00558,0.60889,2040.46,37.1,19.9,60.0,,
노량진1동,동작구,행정동,37.51058298892508,126.94527377077218,오피스텔,매매,13,보통,법정동,19900.0,매매가,19738.5,17000.0,21000.0,,,828.744,24.1,19.3,24.1,,
노량진1동,동작구,행정동,37.51058298892508,126.94527377077218,단독다가구,월세,39,높음,해당지역,52.3,월환산,56.2,41.8,67.7,2.62764,0.37428,1.721,33.0,24.7,40.2,700.0,50.0
노량진1동,동작구,행정동,37.51058298892508,126.94527377077218,아파트,월세,404,높음,해당지역,145.6,월환산,169.3,84.1,233.0,2.10675,0.79173,4.236,34.7,18.3,59.9,12900.0,68.0
노량진1동,동작구,행정동,37.51058298892508,126.94527377077218,연립다세대,월세,71,높음,해당지역,64.2,월환산,82.8,57.3,110.9,3.17069,0.37015,3.897,14.8,14.0,36.6,1000.0,55.0
노량진1동,동작구,행정동,37.51058298892508,126.94527377077218,오피스텔,월세,59,높음,해당지역,74.6,월환산,75.1,74.6,75.9,2.66421,0.5526,3.868,19.3,19.3,19.3,1000.0,70.0
노량진1동,동작구,행정동,37.51058298892508,126.94527377077218,단독다가구,전세,15,보통,해당지역,16000.0,보증금,17493.3,15000.0,22750.0,,,320.856,49.1,44.1,49.9,16000.0,0.0
노량진1동,동작구,행정동,37.51058298892508,126.94527377077218,아파트,전세,388,높음,해당지역,55000.0,보증금,57163.0,44775.0,70000.0,7.25922,0.85969,754.077,60.0,59.6,84.9,55000.0,0.0
노량진1동,동작구,행정동,37.51058298892508,126.94527377077218,연립다세대,전세,89,높음,해당지역,26900.0,보증금,24371.2,20000.0,29000.0,9.53319,0.13822,901.202,28.9,26.8,52.9,26900.0,0.0
노량진1동,동작구,행정동,37.51058298892508,126.94527377077218,오피스텔,전세,38,높음,법정동,21400.0,보증금,21123.7,19075.0,22687.5,8.74728,0.39022,950.062,24.1,21.4,24.1,21400.0,0.0
노량진2동,동작구,행정동,37.51307552397383,126.93825480897033,단독다가구,매매,43,높음,법정동,278000.0,매매가,262902.3,243500.0,305000.0,12.34846,0.00878,1532.826,177.4,143.2,214.1,,
노량진2동,동작구,행정동,37.51307552397383,126.93825480897033,아파트,매매,30,높음,해당지역,34425.0,매매가,34556.7,34050.0,35262.5,,,1911.438,18.0,18.0,18.0,,
노량진2동,동작구,행정동,37.51307552397383,126.93825480897033,연립다세대,매매,50,높음,법정동,66000.0,매매가,102451.0,51000.0,191000.0,7.60497,1.00282,1940.144,41.0,29.4,61.9,,
노량진2동,동작구,행정동,37.51307552397383,126.93825480897033,오피스텔,매매,13,보통,법정동,19900.0,매매가,19738.5,17000.0,21000.0,,,828.744,24.1,19.3,24.1,,
노량진2동,동작구,행정동,37.51307552397383,126.93825480897033,단독다가구,월세,686,높음,법정동,48.4,월환산,50.1,41.6,54.3,3.67444,0.06994,2.77,17.0,15.0,20.0,500.0,45.0
노량진2동,동작구,행정동,37.51307552397383,126.93825480897033,아파트,월세,91,높음,해당지역,70.4,월환산,71.2,68.4,75.3,2.44804,0.66412,4.821,14.2,14.2,16.2,5318.0,47.0
노량진2동,동작구,행정동,37.51307552397383,126.93825480897033,연립다세대,월세,75,높음,법정동,64.6,월환산,84.1,57.3,112.8,3.12685,0.38936,3.897,14.8,14.0,36.6,1000.0,55.0
노량진2동,동작구,행정동,37.51307552397383,126.93825480897033,오피스텔,월세,99,높음,해당지역,94.6,월환산,93.4,87.6,99.6,3.21658,0.42092,4.044,24.1,22.4,24.1,1000.0,78.0
노량진2동,동작구,행정동,37.51307552397383,126.93825480897033,단독다가구,전세,90,높음,법정동,30000.0,보증금,47615.6,10000.0,80000.0,6.38276,0.93245,467.322,64.6,26.2,164.3,30000.0,0.0
노량진2동,동작구,행정동,37.51307552397383,126.93825480897033,아파트,전세,234,높음,법정동,55300.0,보증금,56948.4,33228.0,70000.0,7.12191,0.8996,752.257,59.8,45.0,84.9,55300.0,0.0
노량진2동,동작구,행정동,37.51307552397383,126.93825480897033,연립다세대,전세,87,높음,법정동,27000.0,보증금,26375.7,24550.0,29000.0,9.98432,0.033,902.151,29.9,27.2,58.7,27000.0,0.0
노량진2동,동작구,행정동,37.51307552397383,126.93825480897033,오피스텔,전세,37,높음,해당지역,21500.0,보증금,21208.1,19300.0,22750.0,8.80283,0.37317,957.315,24.1,22.4,24.1,21500.0,0.0
대방동,동작구,행정동,37.50516752913756,126.92677427637722,단독다가구,매매,163,높음,자치구,156000.0,매매가,186685.3,110350.0,262500.0,9.72707,0.44878,1003.344,174.3,119.7,224.3,,
대방동,동작구,행정동,37.50516752913756,126.92677427637722,아파트,매매,156,높음,해당지역,139000.0,매매가,135023.1,120000.0,150375.0,7.67141,0.95635,1762.008,84.3,59.8,84.7,,
대방동,동작구,행정동,37.50516752913756,126.92677427637722,연립다세대,매매,109,높음,해당지역,44000.0,매매가,54091.3,37000.0,56000.0,8.10913,0.6972,1035.354,45.5,30.0,58.6,,
대방동,동작구,행정동,37.50516752913756,126.92677427637722,오피스텔,매매,52,높음,자치구,24900.0,매매가,30203.8,19550.0,40750.0,7.3986,0.78135,721.222,37.0,22.2,61.4,,
대방동,동작구,행정동,37.50516752913756,126.92677427637722,단독다가구,월세,236,높음,해당지역,59.2,월환산,67.8,50.5,74.6,2.52586,0.50132,2.707,20.0,18.0,34.2,1000.0,50.0
대방동,동작구,행정동,37.50516752913756,126.92677427637722,아파트,월세,167,높음,해당지역,192.5,월환산,184.2,69.6,257.6,1.33692,0.95236,3.482,59.8,24.2,84.3,12564.0,90.0
대방동,동작구,행정동,37.50516752913756,126.92677427637722,연립다세대,월세,213,높음,해당지역,84.1,월환산,96.0,65.8,126.7,2.68578,0.55558,3.803,25.2,17.0,30.0,6000.0,45.0
대방동,동작구,행정동,37.50516752913756,126.92677427637722,오피스텔,월세,53,높음,해당지역,71.6,월환산,77.8,63.8,80.9,2.11896,0.71366,3.63,21.2,18.8,25.2,3000.0,51.0
대방동,동작구,행정동,37.50516752913756,126.92677427637722,단독다가구,전세,52,높음,해당지역,14000.0,보증금,16081.3,10450.0,19000.0,6.60511,0.84544,429.22,29.8,20.0,49.9,14000.0,0.0
대방동,동작구,행정동,37.50516752913756,126.92677427637722,아파트,전세,178,높음,해당지역,55000.0,보증금,58878.4,48000.0,71400.0,6.73656,0.99817,869.669,60.0,59.5,84.8,55000.0,0.0
대방동,동작구,행정동,37.50516752913756,126.92677427637722,연립다세대,전세,73,높음,해당지역,26000.0,보증금,25377.5,20000.0,30300.0,8.06432,0.55189,630.347,39.3,29.4,55.4,26000.0,0.0
대방동,동작구,행정동,37.50516752913756,126.92677427637722,오피스텔,전세,100,높음,자치구,22500.0,보증금,23928.2,18860.0,26287.5,8.01547,0.58862,726.227,24.1,22.4,41.5,22500.0,0.0
사당1동,동작구,행정동,37.479945264790516,126.9772659233196,단독다가구,매매,58,높음,법정동,157150.0,매매가,180503.4,118734.0,241500.0,8.9677,0.59543,919.825,163.1,112.4,229.4,,
사당1동,동작구,행정동,37.479945264790516,126.9772659233196,아파트,매매,28,보통,해당지역,70500.0,매매가,78737.5,41100.0,81500.0,8.75007,0.63064,1476.665,59.4,18.1,84.8,,
사당1동,동작구,행정동,37.479945264790516,126.9772659233196,연립다세대,매매,219,높음,해당지역,53500.0,매매가,54002.9,39675.0,65250.0,9.45835,0.38385,1534.494,31.2,21.3,50.1,,
사당1동,동작구,행정동,37.479945264790516,126.9772659233196,오피스텔,매매,52,높음,자치구,24900.0,매매가,30203.8,19550.0,40750.0,7.3986,0.78135,721.222,37.0,22.2,61.4,,
사당1동,동작구,행정동,37.479945264790516,126.9772659233196,단독다가구,월세,1344,높음,법정동,65.6,월환산,71.6,54.2,82.9,3.02318,0.35652,2.585,24.0,19.0,38.0,2000.0,50.0
사당1동,동작구,행정동,37.479945264790516,126.9772659233196,아파트,월세,119,높음,해당지역,94.7,월환산,124.0,88.8,152.0,2.22265,0.76836,4.663,19.5,18.1,36.1,10800.0,55.0
사당1동,동작구,행정동,37.479945264790516,126.9772659233196,연립다세대,월세,300,높음,해당지역,103.8,월환산,106.9,71.1,138.0,3.06141,0.44735,3.317,29.9,21.5,44.7,8200.0,52.0
사당1동,동작구,행정동,37.479945264790516,126.9772659233196,오피스텔,월세,29,보통,해당지역,102.8,월환산,106.1,94.2,123.8,0.704,1.25767,4.304,23.0,18.5,26.6,14000.0,30.0
사당1동,동작구,행정동,37.479945264790516,126.9772659233196,단독다가구,전세,278,높음,법정동,15000.0,보증금,17360.4,12000.0,20975.0,7.80006,0.51086,470.311,35.0,21.0,50.0,15000.0,0.0
사당1동,동작구,행정동,37.479945264790516,126.9772659233196,아파트,전세,12,보통,해당지역,32383.5,보증금,45305.6,28675.0,57000.0,,,821.351,49.1,31.7,84.8,32383.5,0.0
사당1동,동작구,행정동,37.479945264790516,126.9772659233196,연립다세대,전세,193,높음,해당지역,29200.0,보증금,27871.8,21400.0,32500.0,8.88165,0.36194,744.725,36.1,28.4,50.0,29200.0,0.0
사당1동,동작구,행정동,37.479945264790516,126.9772659233196,오피스텔,전세,12,보통,해당지역,21650.0,보증금,23887.5,16100.0,30900.0,,,726.019,26.4,23.9,35.3,21650.0,0.0
사당2동,동작구,행정동,37.49092868930692,126.97746364748002,단독다가구,매매,58,높음,법정동,157150.0,매매가,180503.4,118734.0,241500.0,8.9677,0.59543,919.825,163.1,112.4,229.4,,
사당2동,동작구,행정동,37.49092868930692,126.97746364748002,아파트,매매,161,높음,해당지역,158000.0,매매가,158948.2,139000.0,170000.0,10.64824,0.30093,2208.835,84.3,59.7,85.0,,
사당2동,동작구,행정동,37.49092868930692,126.97746364748002,연립다세대,매매,63,높음,해당지역,63000.0,매매가,64620.0,49850.0,85500.0,8.51882,0.64972,1374.759,48.5,36.2,55.6,,
사당2동,동작구,행정동,37.49092868930692,126.97746364748002,오피스텔,매매,52,높음,자치구,24900.0,매매가,30203.8,19550.0,40750.0,7.3986,0.78135,721.222,37.0,22.2,61.4,,
사당2동,동작구,행정동,37.49092868930692,126.97746364748002,단독다가구,월세,1344,높음,법정동,65.6,월환산,71.6,54.2,82.9,3.02318,0.35652,2.585,24.0,19.0,38.0,2000.0,50.0
사당2동,동작구,행정동,37.49092868930692,126.97746364748002,아파트,월세,220,높음,해당지역,265.0,월환산,272.9,197.7,319.4,2.39417,0.74527,3.732,60.0,59.2,85.0,30000.0,129.5
사당2동,동작구,행정동,37.49092868930692,126.97746364748002,연립다세대,월세,68,높음,해당지역,84.2,월환산,93.4,64.6,113.3,3.33138,0.31347,2.672,35.8,22.7,53.4,4000.0,55.0
사당2동,동작구,행정동,37.49092868930692,126.97746364748002,오피스텔,월세,68,높음,법정동,85.8,월환산,85.3,61.5,101.1,0.75057,1.2082,3.874,18.7,17.1,25.0,5000.0,45.0
사당2동,동작구,행정동,37.49092868930692,126.97746364748002,단독다가구,전세,278,높음,법정동,15000.0,보증금,17360.4,12000.0,20975.0,7.80006,0.51086,470.311,35.0,21.0,50.0,15000.0,0.0
사당2동,동작구,행정동,37.49092868930692,126.97746364748002,아파트,전세,301,높음,해당지역,61000.0,보증금,65105.8,50000.0,77000.0,8.4522,0.60294,868.258,76.0,59.2,85.0,61000.0,0.0
사당2동,동작구,행정동,37.49092868930692,126.97746364748002,연립다세대,전세,42,높음,해당지역,33768.0,보증금,32155.6,26826.5,40000.0,9.22103,0.29068,751.186,44.8,30.0,57.6,33768.0,0.0
사당2동,동작구,행정동,37.49092868930692,126.97746364748002,오피스텔,전세,16,보통,법정동,21650.0,보증금,23179.7,16100.0,30000.0,,,673.358,26.4,23.9,43.2,21650.0,0.0
사당3동,동작구,행정동,37.48809078485333,126.97171387602769,단독다가구,매매,58,높음,법정동,157150.0,매매가,180503.4,118734.0,241500.0,8.9677,0.59543,919.825,163.1,112.4,229.4,,
사당3동,동작구,행정동,37.48809078485333,126.97171387602769,아파트,매매,140,높음,해당지역,150750.0,매매가,153856.9,124000.0,182750.0,10.06875,0.41625,1753.272,85.0,82.9,85.0,,
사당3동,동작구,행정동,37.48809078485333,126.97171387602769,연립다세대,매매,44,높음,해당지역,38150.0,매매가,40015.2,28000.0,50000.0,10.27995,0.06747,836.672,43.4,38.6,57.8,,
사당3동,동작구,행정동,37.48809078485333,126.97171387602769,오피스텔,매매,52,높음,자치구,24900.0,매매가,30203.8,19550.0,40750.0,7.3986,0.78135,721.222,37.0,22.2,61.4,,
사당3동,동작구,행정동,37.48809078485333,126.97171387602769,단독다가구,월세,1344,높음,법정동,65.6,월환산,71.6,54.2,82.9,3.02318,0.35652,2.585,24.0,19.0,38.0,2000.0,50.0
사당3동,동작구,행정동,37.48809078485333,126.97171387602769,아파트,월세,112,높음,해당지역,300.0,월환산,301.7,225.5,378.2,2.25535,0.77419,3.56,84.9,60.0,85.0,30000.0,118.0
사당3동,동작구,행정동,37.48809078485333,126.97171387602769,연립다세대,월세,94,높음,해당지역,81.8,월환산,89.7,66.9,106.9,3.00827,0.41374,2.648,33.4,20.9,45.6,7500.0,50.0
사당3동,동작구,행정동,37.48809078485333,126.97171387602769,오피스텔,월세,18,보통,해당지역,83.0,월환산,83.8,78.8,92.2,,,3.731,22.6,18.7,25.9,3000.0,68.5
사당3동,동작구,행정동,37.48809078485333,126.97171387602769,단독다가구,전세,278,높음,법정동,15000.0,보증금,17360.4,12000.0,20975.0,7.80006,0.51086,470.311,35.0,21.0,50.0,15000.0,0.0
사당3동,동작구,행정동,37.48809078485333,126.97171387602769,아파트,전세,238,높음,해당지역,74000.0,보증금,73445.6,58000.0,90000.0,6.96797,0.95332,871.578,84.9,60.7,85.0,74000.0,0.0
사당3동,동작구,행정동,37.48809078485333,126.97171387602769,연립다세대,전세,42,높음,해당지역,21750.0,보증금,22131.0,16250.0,25800.0,8.45008,0.38733,435.538,50.6,39.8,59.8,21750.0,0.0
사당3동,동작구,행정동,37.48809078485333,126.97171387602769,오피스텔,전세,16,보통,법정동,21650.0,보증금,23179.7,16100.0,30000.0,,,673.358,26.4,23.9,43.2,21650.0,0.0
사당4동,동작구,행정동,37.480435632956755,126.97169081825271,단독다가구,매매,58,높음,법정동,157150.0,매매가,180503.4,118734.0,241500.0,8.9677,0.59543,919.825,163.1,112.4,229.4,,
사당4동,동작구,행정동,37.480435632956755,126.97169081825271,아파트,매매,25,보통,해당지역,104000.0,매매가,101404.0,86500.0,118000.0,11.27864,0.05176,1398.56,84.7,60.0,85.0,,
사당4동,동작구,행정동,37.480435632956755,126.97169081825271,연립다세대,매매,71,높음,해당지역,44000.0,매매가,46607.0,37650.0,56350.0,8.0749,0.68456,969.697,45.1,39.3,51.9,,
사당4동,동작구,행정동,37.480435632956755,126.97169081825271,오피스텔,매매,52,높음,자치구,24900.0,매매가,30203.8,19550.0,40750.0,7.3986,0.78135,721.222,37.0,22.2,61.4,,
사당4동,동작구,행정동,37.480435632956755,126.97169081825271,단독다가구,월세,1344,높음,법정동,65.6,월환산,71.6,54.2,82.9,3.02318,0.35652,2.585,24.0,19.0,38.0,2000.0,50.0
사당4동,동작구,행정동,37.480435632956755,126.97169081825271,아파트,월세,24,보통,해당지역,268.6,월환산,275.2,248.5,293.1,1.97763,0.81133,3.167,84.7,84.7,84.9,34000.0,110.0
사당4동,동작구,행정동,37.480435632956755,126.97169081825271,연립다세대,월세,117,높음,해당지역,86.6,월환산,90.8,59.6,122.4,2.42967,0.55583,2.489,35.8,28.0,47.7,5000.0,55.0
사당4동,동작구,행정동,37.480435632956755,126.97169081825271,오피스텔,월세,68,높음,법정동,85.8,월환산,85.3,61.5,101.1,0.75057,1.2082,3.874,18.7,17.1,25.0,5000.0,45.0
사당4동,동작구,행정동,37.480435632956755,126.97169081825271,단독다가구,전세,278,높음,법정동,15000.0,보증금,17360.4,12000.0,20975.0,7.80006,0.51086,470.311,35.0,21.0,50.0,15000.0,0.0
사당4동,동작구,행정동,37.480435632956755,126.97169081825271,아파트,전세,31,높음,해당지역,59850.0,보증금,58233.9,54325.0,64500.0,7.95601,0.6753,696.33,84.7,84.7,84.7,59850.0,0.0
사당4동,동작구,행정동,37.480435632956755,126.97169081825271,연립다세대,전세,87,높음,해당지역,26000.0,보증금,24949.4,20100.0,29000.0,8.6494,0.3742,553.583,47.9,34.0,57.9,26000.0,0.0
사당4동,동작구,행정동,37.480435632956755,126.97169081825271,오피스텔,전세,16,보통,법정동,21650.0,보증금,23179.7,16100.0,30000.0,,,673.358,26.4,23.9,43.2,21650.0,0.0
사당5동,동작구,행정동,37.488594136910976,126.9645920593093,단독다가구,매매,58,높음,법정동,157150.0,매매가,180503.4,118734.0,241500.0,8.9677,0.59543,919.825,163.1,112.4,229.4,,
사당5동,동작구,행정동,37.488594136910976,126.9645920593093,아파트,매매,99,높음,해당지역,122300.0,매매가,123764.4,112000.0,150500.0,7.81366,0.92209,1965.198,60.0,60.0,84.5,,
사당5동,동작구,행정동,37.488594136910976,126.9645920593093,연립다세대,매매,30,높음,해당지역,42000.0,매매가,44836.7,35875.0,54750.0,8.02748,0.70025,987.439,43.9,37.9,55.7,,
사당5동,동작구,행정동,37.488594136910976,126.9645920593093,오피스텔,매매,52,높음,자치구,24900.0,매매가,30203.8,19550.0,40750.0,7.3986,0.78135,721.222,37.0,22.2,61.4,,
사당5동,동작구,행정동,37.488594136910976,126.9645920593093,단독다가구,월세,1344,높음,법정동,65.6,월환산,71.6,54.2,82.9,3.02318,0.35652,2.585,24.0,19.0,38.0,2000.0,50.0
사당5동,동작구,행정동,37.488594136910976,126.9645920593093,아파트,월세,97,높음,해당지역,238.3,월환산,226.1,171.7,297.5,2.52343,0.69408,3.928,60.0,59.9,85.0,21100.0,80.0
사당5동,동작구,행정동,37.488594136910976,126.9645920593093,연립다세대,월세,91,높음,해당지역,78.6,월환산,83.5,54.6,110.6,2.82012,0.43038,2.443,35.2,27.1,42.6,5000.0,38.0
사당5동,동작구,행정동,37.488594136910976,126.9645920593093,오피스텔,월세,14,보통,해당지역,49.6,월환산,49.2,49.6,49.6,,,3.197,15.5,15.3,15.5,1000.0,45.0
사당5동,동작구,행정동,37.488594136910976,126.9645920593093,단독다가구,전세,278,높음,법정동,15000.0,보증금,17360.4,12000.0,20975.0,7.80006,0.51086,470.311,35.0,21.0,50.0,15000.0,0.0
사당5동,동작구,행정동,37.488594136910976,126.9645920593093,아파트,전세,170,높음,해당지역,65550.0,보증금,62872.3,51504.2,73500.0,8.81534,0.52282,909.196,60.0,60.0,85.0,65550.0,0.0
사당5동,동작구,행정동,37.488594136910976,126.9645920593093,연립다세대,전세,39,높음,해당지역,25000.0,보증금,26190.3,21900.0,30000.0,7.18384,0.77192,528.867,46.2,36.9,59.3,25000.0,0.0
사당5동,동작구,행정동,37.488594136910976,126.9645920593093,오피스텔,전세,16,보통,법정동,21650.0,보증금,23179.7,16100.0,30000.0,,,673.358,26.4,23.9,43.2,21650.0,0.0
상도1동,동작구,행정동,37.499612695764625,126.95233334443984,단독다가구,매매,27,보통,법정동,110000.0,매매가,119211.1,90000.0,127000.0,10.21492,0.27886,624.22,180.0,77.0,214.6,,
상도1동,동작구,행정동,37.499612695764625,126.95233334443984,아파트,매매,171,높음,해당지역,147000.0,매매가,141295.0,109000.0,175000.0,7.97074,0.86666,1691.924,84.9,84.5,85.0,,
상도1동,동작구,행정동,37.499612695764625,126.95233334443984,연립다세대,매매,148,높음,해당지역,35000.0,매매가,38345.3,28000.0,47625.0,7.26127,0.8353,740.239,48.5,31.8,59.8,,
상도1동,동작구,행정동,37.499612695764625,126.95233334443984,오피스텔,매매,52,높음,자치구,24900.0,매매가,30203.8,19550.0,40750.0,7.3986,0.78135,721.222,37.0,22.2,61.4,,
상도1동,동작구,행정동,37.499612695764625,126.95233334443984,단독다가구,월세,376,높음,해당지역,62.6,월환산,67.1,54.3,72.9,3.16672,0.31742,3.217,19.0,17.0,22.0,1000.0,53.0
상도1동,동작구,행정동,37.499612695764625,126.95233334443984,아파트,월세,237,높음,해당지역,283.3,월환산,245.7,74.6,347.9,1.40891,0.95356,3.972,84.8,32.4,85.0,20000.0,105.0
상도1동,동작구,행정동,37.499612695764625,126.95233334443984,연립다세대,월세,385,높음,해당지역,76.7,월환산,90.5,66.6,107.9,3.36052,0.32214,3.084,27.7,17.3,41.6,3000.0,60.0
상도1동,동작구,행정동,37.499612695764625,126.95233334443984,오피스텔,월세,18,보통,해당지역,88.5,월환산,86.0,76.4,93.7,,,5.177,18.5,12.9,18.5,1500.0,67.5
상도1동,동작구,행정동,37.499612695764625,126.95233334443984,단독다가구,전세,11,보통,해당지역,11000.0,보증금,13272.7,7500.0,14000.0,,,388.889,20.0,20.0,32.9,11000.0,0.0
상도1동,동작구,행정동,37.499612695764625,126.95233334443984,아파트,전세,229,높음,해당지역,75000.0,보증금,71965.4,65000.0,85000.0,6.72785,0.99912,886.431,84.9,84.6,85.0,75000.0,0.0
상도1동,동작구,행정동,37.499612695764625,126.95233334443984,연립다세대,전세,88,높음,해당지역,23950.0,보증금,23628.5,16425.0,28455.0,8.1045,0.51151,566.281,41.5,29.9,58.4,23950.0,0.0
상도1동,동작구,행정동,37.499612695764625,126.95233334443984,오피스텔,전세,100,높음,자치구,22500.0,보증금,23928.2,18860.0,26287.5,8.01547,0.58862,726.227,24.1,22.4,41.5,22500.0,0.0
상도2동,동작구,행정동,37.504013159807194,126.94272063941635,단독다가구,매매,27,보통,법정동,110000.0,매매가,119211.1,90000.0,127000.0,10.21492,0.27886,624.22,180.0,77.0,214.6,,
상도2동,동작구,행정동,37.504013159807194,126.94272063941635,아파트,매매,129,높음,해당지역,169000.0,매매가,152462.8,147000.0,192000.0,6.72258,1.21267,2176.599,84.9,59.9,85.0,,
상도2동,동작구,행정동,37.504013159807194,126.94272063941635,연립다세대,매매,34,높음,해당지역,50100.0,매매가,54875.3,37375.0,59500.0,7.44958,0.86441,1024.704,49.9,40.1,64.6,,
상도2동,동작구,행정동,37.504013159807194,126.94272063941635,오피스텔,매매,52,높음,자치구,24900.0,매매가,30203.8,19550.0,40750.0,7.3986,0.78135,721.222,37.0,22.2,61.4,,
상도2동,동작구,행정동,37.504013159807194,126.94272063941635,단독다가구,월세,1740,높음,법정동,59.2,월환산,62.3,49.2,69.6,3.16528,0.28786,2.757,19.5,18.0,30.0,1000.0,50.0
상도2동,동작구,행정동,37.504013159807194,126.94272063941635,아파트,월세,192,높음,해당지역,290.6,월환산,248.9,76.6,345.1,1.72007,0.90852,4.43,60.0,32.8,85.0,30000.0,87.5
상도2동,동작구,행정동,37.504013159807194,126.94272063941635,연립다세대,월세,132,높음,해당지역,67.6,월환산,77.3,59.6,88.6,3.075,0.39012,3.564,19.5,14.7,30.2,2000.0,55.0
상도2동,동작구,행정동,37.504013159807194,126.94272063941635,오피스텔,월세,366,높음,자치구,82.2,월환산,87.3,71.3,99.5,2.53628,0.60859,3.851,21.3,18.8,24.1,1000.0,65.0
상도2동,동작구,행정동,37.504013159807194,126.94272063941635,단독다가구,전세,242,높음,법정동,12000.0,보증금,13863.0,9000.0,16000.0,7.53216,0.5469,415.011,30.5,19.8,43.0,12000.0,0.0
상도2동,동작구,행정동,37.504013159807194,126.94272063941635,아파트,전세,308,높음,해당지역,73500.0,보증금,72068.2,63000.0,84000.0,7.91527,0.74713,943.307,84.9,60.0,85.0,73500.0,0.0
상도2동,동작구,행정동,37.504013159807194,126.94272063941635,연립다세대,전세,52,높음,해당지역,27150.0,보증금,25072.3,20000.0,31050.0,7.5601,0.68803,640.452,38.8,29.8,49.4,27150.0,0.0
상도2동,동작구,행정동,37.504013159807194,126.94272063941635,오피스텔,전세,100,높음,자치구,22500.0,보증금,23928.2,18860.0,26287.5,8.01547,0.58862,726.227,24.1,22.4,41.5,22500.0,0.0
상도3동,동작구,행정동,37.49696169060932,126.93263418556057,단독다가구,매매,27,보통,법정동,110000.0,매매가,119211.1,90000.0,127000.0,10.21492,0.27886,624.22,180.0,77.0,214.6,,
상도3동,동작구,행정동,37.49696169060932,126.93263418556057,아파트,매매,19,보통,해당지역,76500.0,매매가,87594.7,70500.0,114750.0,,,1296.232,84.3,65.8,85.0,,
상도3동,동작구,행정동,37.49696169060932,126.93263418556057,연립다세대,매매,279,높음,해당지역,50000.0,매매가,50818.1,32000.0,69000.0,8.03582,0.69981,1028.997,50.7,37.9,62.3,,
상도3동,동작구,행정동,37.49696169060932,126.93263418556057,오피스텔,매매,52,높음,자치구,24900.0,매매가,30203.8,19550.0,40750.0,7.3986,0.78135,721.222,37.0,22.2,61.4,,
상도3동,동작구,행정동,37.49696169060932,126.93263418556057,단독다가구,월세,1740,높음,법정동,59.2,월환산,62.3,49.2,69.6,3.16528,0.28786,2.757,19.5,18.0,30.0,1000.0,50.0
상도3동,동작구,행정동,37.49696169060932,126.93263418556057,아파트,월세,464,높음,법정동,291.0,월환산,252.7,93.0,345.5,1.53801,0.93654,4.155,84.5,41.7,85.0,20000.0,100.0
상도3동,동작구,행정동,37.49696169060932,126.93263418556057,연립다세대,월세,226,높음,해당지역,102.9,월환산,98.7,65.6,122.9,2.57096,0.53921,2.696,36.0,29.0,49.5,5090.0,43.0
상도3동,동작구,행정동,37.49696169060932,126.93263418556057,오피스텔,월세,366,높음,자치구,82.2,월환산,87.3,71.3,99.5,2.53628,0.60859,3.851,21.3,18.8,24.1,1000.0,65.0
상도3동,동작구,행정동,37.49696169060932,126.93263418556057,단독다가구,전세,242,높음,법정동,12000.0,보증금,13863.0,9000.0,16000.0,7.53216,0.5469,415.011,30.5,19.8,43.0,12000.0,0.0
상도3동,동작구,행정동,37.49696169060932,126.93263418556057,아파트,전세,15,보통,해당지역,52500.0,보증금,50236.7,42500.0,61250.0,,,765.12,84.7,60.4,84.9,52500.0,0.0
상도3동,동작구,행정동,37.49696169060932,126.93263418556057,연립다세대,전세,127,높음,해당지역,24500.0,보증금,24747.5,20000.0,29750.0,9.23862,0.21699,558.376,45.1,31.0,57.4,24500.0,0.0
상도3동,동작구,행정동,37.49696169060932,126.93263418556057,오피스텔,전세,100,높음,자치구,22500.0,보증금,23928.2,18860.0,26287.5,8.01547,0.58862,726.227,24.1,22.4,41.5,22500.0,0.0
상도4동,동작구,행정동,37.497790440191004,126.94024943436932,단독다가구,매매,27,보통,법정동,110000.0,매매가,119211.1,90000.0,127000.0,10.21492,0.27886,624.22,180.0,77.0,214.6,,
상도4동,동작구,행정동,37.497790440191004,126.94024943436932,아파트,매매,24,보통,해당지역,105500.0,매매가,106600.0,81000.0,131375.0,12.05962,-0.11818,1056.059,84.8,83.1,88.9,,
상도4동,동작구,행정동,37.497790440191004,126.94024943436932,연립다세대,매매,232,높음,해당지역,54250.0,매매가,52845.9,37500.0,65000.0,9.03467,0.46588,1181.57,44.1,36.7,55.3,,
상도4동,동작구,행정동,37.497790440191004,126.94024943436932,오피스텔,매매,52,높음,자치구,24900.0,매매가,30203.8,19550.0,40750.0,7.3986,0.78135,721.222,37.0,22.2,61.4,,
상도4동,동작구,행정동,37.497790440191004,126.94024943436932,단독다가구,월세,1740,높음,법정동,59.2,월환산,62.3,49.2,69.6,3.16528,0.28786,2.757,19.5,18.0,30.0,1000.0,50.0
상도4동,동작구,행정동,37.497790440191004,126.94024943436932,아파트,월세,35,높음,해당지역,297.5,월환산,302.7,280.5,336.6,4.39162,0.30251,4.023,75.0,67.4,84.9,30000.0,160.0
상도4동,동작구,행정동,37.497790440191004,126.94024943436932,연립다세대,월세,158,높음,해당지역,107.1,월환산,104.6,83.9,129.9,2.81349,0.48056,2.658,38.4,28.8,54.2,11500.0,35.0
상도4동,동작구,행정동,37.497790440191004,126.94024943436932,오피스텔,월세,366,높음,자치구,82.2,월환산,87.3,71.3,99.5,2.53628,0.60859,3.851,21.3,18.8,24.1,1000.0,65.0
상도4동,동작구,행정동,37.497790440191004,126.94024943436932,단독다가구,전세,242,높음,법정동,12000.0,보증금,13863.0,9000.0,16000.0,7.53216,0.5469,415.011,30.5,19.8,43.0,12000.0,0.0
상도4동,동작구,행정동,37.497790440191004,126.94024943436932,아파트,전세,126,높음,해당지역,63000.0,보증금,63564.4,58800.0,69750.0,9.63961,0.33263,965.461,59.9,59.8,84.1,63000.0,0.0
상도4동,동작구,행정동,37.497790440191004,126.94024943436932,연립다세대,전세,227,높음,해당지역,23000.0,보증금,22866.9,17900.0,28000.0,8.75936,0.32577,554.693,41.3,33.1,51.6,23000.0,0.0
상도4동,동작구,행정동,37.497790440191004,126.94024943436932,오피스텔,전세,100,높음,자치구,22500.0,보증금,23928.2,18860.0,26287.5,8.01547,0.58862,726.227,24.1,22.4,41.5,22500.0,0.0
신대방1동,동작구,행정동,37.49006710609728,126.90958916866553,단독다가구,매매,11,보통,법정동,100000.0,매매가,98918.2,78250.0,123500.0,,,506.244,192.0,122.4,241.4,,
신대방1동,동작구,행정동,37.49006710609728,126.90958916866553,아파트,매매,150,높음,해당지역,121500.0,매매가,120821.3,112000.0,130000.0,10.57699,0.25299,1472.153,84.6,66.7,85.0,,
신대방1동,동작구,행정동,37.49006710609728,126.90958916866553,연립다세대,매매,51,높음,해당지역,35500.0,매매가,35069.6,13550.0,48000.0,8.41226,0.58608,1027.9,19.1,15.4,43.4,,
신대방1동,동작구,행정동,37.49006710609728,126.90958916866553,오피스텔,매매,22,보통,해당지역,43350.0,매매가,40618.2,26850.0,52475.0,6.74807,0.93333,635.789,61.4,41.5,86.4,,
신대방1동,동작구,행정동,37.49006710609728,126.90958916866553,단독다가구,월세,652,높음,법정동,54.2,월환산,56.4,41.5,64.7,2.84432,0.35245,2.324,20.0,18.0,30.0,1000.0,45.0
신대방1동,동작구,행정동,37.49006710609728,126.90958916866553,아파트,월세,82,높음,해당지역,234.2,월환산,242.2,210.0,281.1,2.70565,0.62448,2.845,84.6,78.7,85.0,31500.0,80.0
신대방1동,동작구,행정동,37.49006710609728,126.90958916866553,연립다세대,월세,59,높음,해당지역,73.5,월환산,83.4,61.4,103.3,2.37839,0.55762,2.473,41.3,22.3,49.8,3000.0,53.0
신대방1동,동작구,행정동,37.49006710609728,126.90958916866553,오피스텔,월세,62,높음,해당지역,79.6,월환산,96.2,69.6,106.1,2.23915,0.66058,3.157,24.1,20.3,41.5,1000.0,67.0
신대방1동,동작구,행정동,37.49006710609728,126.90958916866553,단독다가구,전세,98,높음,법정동,11000.0,보증금,11724.0,7350.0,15000.0,7.49716,0.49415,331.502,30.3,20.0,45.4,11000.0,0.0
신대방1동,동작구,행정동,37.49006710609728,126.90958916866553,아파트,전세,172,높음,해당지역,62000.0,보증금,60812.8,50700.0,70000.0,8.56632,0.54985,733.12,84.6,75.0,85.0,62000.0,0.0
신대방1동,동작구,행정동,37.49006710609728,126.90958916866553,연립다세대,전세,42,높음,해당지역,19500.0,보증금,19188.1,11550.0,24800.0,7.59731,0.59539,563.062,38.0,28.7,48.2,19500.0,0.0
신대방1동,동작구,행정동,37.49006710609728,126.90958916866553,오피스텔,전세,34,높음,해당지역,27000.0,보증금,29986.5,23500.0,38000.0,6.99969,0.83581,590.854,51.4,38.1,62.4,27000.0,0.0
신대방2동,동작구,행정동,37.49615387135251,126.92433343693187,단독다가구,매매,11,보통,법정동,100000.0,매매가,98918.2,78250.0,123500.0,,,506.244,192.0,122.4,241.4,,
신대방2동,동작구,행정동,37.49615387135251,126.92433343693187,아파트,매매,107,높음,해당지역,130000.0,매매가,118170.1,80000.0,149950.0,9.21944,0.54632,1260.469,76.9,59.9,99.0,,
신대방2동,동작구,행정동,37.49615387135251,126.92433343693187,연립다세대,매매,74,높음,해당지역,37250.0,매매가,36224.1,27625.0,44400.0,9.17533,0.34497,829.662,45.2,27.9,63.2,,
신대방2동,동작구,행정동,37.49615387135251,126.92433343693187,오피스텔,매매,24,보통,법정동,41500.0,매매가,39400.0,26350.0,52425.0,6.80122,0.91919,635.789,61.4,41.5,86.4,,
신대방2동,동작구,행정동,37.49615387135251,126.92433343693187,단독다가구,월세,652,높음,법정동,54.2,월환산,56.4,41.5,64.7,2.84432,0.35245,2.324,20.0,18.0,30.0,1000.0,45.0
신대방2동,동작구,행정동,37.49615387135251,126.92433343693187,아파트,월세,60,높음,해당지역,259.6,월환산,254.9,175.1,345.4,0.57918,1.117,3.225,60.0,59.9,84.9,30000.0,105.0
신대방2동,동작구,행정동,37.49615387135251,126.92433343693187,연립다세대,월세,116,높음,해당지역,107.1,월환산,104.5,62.5,134.3,2.82203,0.49351,3.144,30.0,19.0,58.3,10000.0,44.0
신대방2동,동작구,행정동,37.49615387135251,126.92433343693187,오피스텔,월세,64,높음,법정동,79.6,월환산,96.1,69.6,108.7,2.17849,0.67685,3.157,24.1,20.3,41.5,1000.0,67.0
신대방2동,동작구,행정동,37.49615387135251,126.92433343693187,단독다가구,전세,98,높음,법정동,11000.0,보증금,11724.0,7350.0,15000.0,7.49716,0.49415,331.502,30.3,20.0,45.4,11000.0,0.0
신대방2동,동작구,행정동,37.49615387135251,126.92433343693187,아파트,전세,123,높음,해당지역,70000.0,보증금,68970.4,60000.0,80000.0,8.47972,0.60575,918.657,59.9,59.9,84.9,70000.0,0.0
신대방2동,동작구,행정동,37.49615387135251,126.92433343693187,연립다세대,전세,46,높음,해당지역,23000.0,보증금,22168.0,16458.8,29437.5,9.28003,0.17268,491.566,45.2,29.7,61.1,23000.0,0.0
신대방2동,동작구,행정동,37.49615387135251,126.92433343693187,오피스텔,전세,34,높음,법정동,27000.0,보증금,29986.5,23500.0,38000.0,6.99969,0.83581,590.854,51.4,38.1,62.4,27000.0,0.0
흑석동,동작구,행정동,37.505222319216664,126.9625445894138,단독다가구,매매,11,보통,해당지역,144500.0,매매가,144963.6,119550.0,180000.0,,,870.383,139.1,110.5,188.3,,
흑석동,동작구,행정동,37.505222319216664,126.9625445894138,아파트,매매,132,높음,해당지역,214500.0,매매가,203207.6,150750.0,237000.0,9.4263,0.63557,2707.794,84.2,59.9,85.0,,
흑석동,동작구,행정동,37.505222319216664,126.9625445894138,연립다세대,매매,39,높음,해당지역,65000.0,매매가,69371.8,45000.0,90500.0,7.9545,0.80291,1293.706,51.6,30.0,59.2,,
흑석동,동작구,행정동,37.505222319216664,126.9625445894138,오피스텔,매매,52,높음,자치구,24900.0,매매가,30203.8,19550.0,40750.0,7.3986,0.78135,721.222,37.0,22.2,61.4,,
흑석동,동작구,행정동,37.505222319216664,126.9625445894138,단독다가구,월세,402,높음,해당지역,62.3,월환산,64.2,49.4,74.6,3.45664,0.21684,3.088,19.0,16.7,21.0,500.0,55.0
흑석동,동작구,행정동,37.505222319216664,126.9625445894138,아파트,월세,290,높음,해당지역,315.4,월환산,278.9,124.5,399.1,-4.06075,2.19138,3.689,84.8,59.9,85.0,15000.0,120.0
흑석동,동작구,행정동,37.505222319216664,126.9625445894138,연립다세대,월세,35,높음,해당지역,85.3,월환산,104.7,73.3,134.2,4.51262,0.01283,2.265,42.2,32.8,57.4,5000.0,60.0
흑석동,동작구,행정동,37.505222319216664,126.9625445894138,오피스텔,월세,366,높음,자치구,82.2,월환산,87.3,71.3,99.5,2.53628,0.60859,3.851,21.3,18.8,24.1,1000.0,65.0
흑석동,동작구,행정동,37.505222319216664,126.9625445894138,단독다가구,전세,38,높음,해당지역,12000.0,보증금,13513.2,6625.0,15000.0,6.68895,0.81099,469.589,20.0,17.4,38.8,12000.0,0.0
흑석동,동작구,행정동,37.505222319216664,126.9625445894138,아파트,전세,308,높음,해당지역,85000.0,보증금,83622.3,69000.0,100000.0,8.81825,0.55921,1000.025,84.9,83.5,85.0,85000.0,0.0
흑석동,동작구,행정동,37.505222319216664,126.9625445894138,연립다세대,전세,34,높음,해당지역,29650.0,보증금,29772.4,26625.0,35840.0,8.68482,0.40113,669.346,50.1,29.9,56.5,29650.0,0.0
흑석동,동작구,행정동,37.505222319216664,126.9625445894138,오피스텔,전세,100,높음,자치구,22500.0,보증금,23928.2,18860.0,26287.5,8.01547,0.58862,726.227,24.1,22.4,41.5,22500.0,0.0
공덕동,마포구,행정동,37.54897404956681,126.95753804849511,단독다가구,매매,100,높음,자치구,172192.5,매매가,188025.4,116750.0,233662.2,9.76587,0.46884,1255.227,134.4,68.6,223.3,,
공덕동,마포구,행정동,37.54897404956681,126.95753804849511,아파트,매매,95,높음,해당지역,180000.0,매매가,163813.2,137000.0,210000.0,6.27739,1.32491,2325.171,84.7,59.6,85.0,,
공덕동,마포구,행정동,37.54897404956681,126.95753804849511,연립다세대,매매,46,높음,해당지역,63500.0,매매가,61275.0,51125.0,71375.0,9.64771,0.35703,1365.516,46.7,36.6,55.7,,
공덕동,마포구,행정동,37.54897404956681,126.95753804849511,오피스텔,매매,72,높음,해당지역,21900.0,매매가,23976.4,14975.0,28500.0,6.36407,1.08743,789.858,30.9,18.8,35.0,,
공덕동,마포구,행정동,37.54897404956681,126.95753804849511,단독다가구,월세,29,보통,해당지역,67.9,월환산,68.9,54.6,75.8,2.68537,0.45034,2.458,24.8,19.8,39.8,2000.0,55.0
공덕동,마포구,행정동,37.54897404956681,126.95753804849511,아파트,월세,276,높음,해당지역,322.7,월환산,312.2,195.5,400.9,1.79155,0.93255,4.653,60.0,49.5,85.0,20000.0,149.0
공덕동,마포구,행정동,37.54897404956681,126.95753804849511,연립다세대,월세,74,높음,해당지역,80.9,월환산,88.1,59.2,113.2,4.75614,-0.09752,1.959,47.1,32.5,58.9,3000.0,50.0
공덕동,마포구,행정동,37.54897404956681,126.95753804849511,오피스텔,월세,511,높음,해당지역,82.9,월환산,90.5,72.6,99.6,2.46891,0.63094,3.731,21.9,18.2,31.1,1000.0,70.0
공덕동,마포구,행정동,37.54897404956681,126.95753804849511,단독다가구,전세,480,높음,자치구,16500.0,보증금,18169.6,12000.0,23000.0,7.08014,0.70849,416.82,40.0,30.0,54.2,16500.0,0.0
공덕동,마포구,행정동,37.54897404956681,126.95753804849511,아파트,전세,250,높음,해당지역,78375.0,보증금,80705.7,68000.0,90000.0,7.8167,0.79501,1035.416,84.9,60.0,85.0,78375.0,0.0
공덕동,마포구,행정동,37.54897404956681,126.95753804849511,연립다세대,전세,135,높음,해당지역,23000.0,보증금,22477.6,15750.0,28500.0,9.43257,0.13452,584.174,38.6,29.5,53.9,23000.0,0.0
공덕동,마포구,행정동,37.54897404956681,126.95753804849511,오피스텔,전세,144,높음,해당지역,28732.5,보증금,27509.4,19300.0,33417.5,7.46605,0.79448,902.386,29.2,23.0,38.1,28732.5,0.0
대흥동,마포구,행정동,37.55431394239574,126.94203713643458,단독다가구,매매,100,높음,자치구,172192.5,매매가,188025.4,116750.0,233662.2,9.76587,0.46884,1255.227,134.4,68.6,223.3,,
대흥동,마포구,행정동,37.55431394239574,126.94203713643458,아파트,매매,32,높음,해당지역,117400.0,매매가,126768.8,26650.0,223500.0,4.57906,1.76321,1804.055,51.3,32.3,60.0,,
대흥동,마포구,행정동,37.55431394239574,126.94203713643458,연립다세대,매매,33,높음,해당지역,51700.0,매매가,62154.5,49000.0,72000.0,11.25387,-0.08572,2752.294,18.8,16.5,25.7,,
대흥동,마포구,행정동,37.55431394239574,126.94203713643458,오피스텔,매매,20,보통,해당지역,25100.0,매매가,21855.0,13187.5,25650.0,5.30079,1.4209,861.359,28.8,19.6,29.1,,
대흥동,마포구,행정동,37.55431394239574,126.94203713643458,단독다가구,월세,174,높음,법정동,68.8,월환산,72.8,53.3,83.8,3.2472,0.29037,2.595,25.0,19.6,38.2,1000.0,60.0
대흥동,마포구,행정동,37.55431394239574,126.94203713643458,아파트,월세,271,높음,해당지역,114.6,월환산,198.9,99.9,322.9,2.49105,0.71211,4.388,34.6,29.6,60.9,2000.0,105.0
대흥동,마포구,행정동,37.55431394239574,126.94203713643458,연립다세대,월세,73,높음,해당지역,77.1,월환산,97.0,66.6,124.6,4.26579,0.07111,3.95,24.8,17.5,29.9,2000.0,61.0
대흥동,마포구,행정동,37.55431394239574,126.94203713643458,오피스텔,월세,106,높음,해당지역,101.2,월환산,95.1,79.6,115.8,3.52677,0.29806,3.739,28.8,26.1,30.6,1000.0,75.0
대흥동,마포구,행정동,37.55431394239574,126.94203713643458,단독다가구,전세,23,보통,법정동,18000.0,보증금,18806.5,12275.0,25000.0,6.86764,0.81505,537.634,35.9,26.0,48.1,18000.0,0.0
대흥동,마포구,행정동,37.55431394239574,126.94203713643458,아파트,전세,156,높음,해당지역,86550.0,보증금,82648.9,75130.0,100462.5,7.42622,0.90692,1294.422,60.0,60.0,85.0,86550.0,0.0
대흥동,마포구,행정동,37.55431394239574,126.94203713643458,연립다세대,전세,108,높음,해당지역,18750.0,보증금,21337.1,15700.0,27000.0,7.73907,0.69924,933.231,22.8,17.3,29.1,18750.0,0.0
대흥동,마포구,행정동,37.55431394239574,126.94203713643458,오피스텔,전세,15,보통,해당지역,20000.0,보증금,20386.3,13000.0,26697.5,,,694.444,28.8,26.1,36.4,20000.0,0.0
도화동,마포구,행정동,37.53895112239767,126.94949625289776,단독다가구,매매,100,높음,자치구,172192.5,매매가,188025.4,116750.0,233662.2,9.76587,0.46884,1255.227,134.4,68.6,223.3,,
도화동,마포구,행정동,37.53895112239767,126.94949625289776,아파트,매매,100,높음,해당지역,166125.0,매매가,169340.5,152875.0,187125.0,10.50404,0.34583,2286.549,79.9,68.2,112.1,,
도화동,마포구,행정동,37.53895112239767,126.94949625289776,연립다세대,매매,961,높음,자치구,44700.0,매매가,46760.2,33150.0,55500.0,9.34825,0.36011,1029.703,38.5,29.8,53.4,,
도화동,마포구,행정동,37.53895112239767,126.94949625289776,오피스텔,매매,31,높음,해당지역,24500.0,매매가,41980.6,17250.0,41450.0,4.75982,1.62793,914.286,26.1,23.4,43.6,,
도화동,마포구,행정동,37.53895112239767,126.94949625289776,단독다가구,월세,25,보통,해당지역,64.2,월환산,62.8,51.6,69.6,2.90096,0.39139,2.936,19.8,19.3,22.0,1000.0,55.0
도화동,마포구,행정동,37.53895112239767,126.94949625289776,아파트,월세,148,높음,해당지역,255.8,월환산,252.2,213.9,317.5,1.89936,0.83126,3.436,76.0,59.3,85.0,20000.0,145.0
도화동,마포구,행정동,37.53895112239767,126.94949625289776,연립다세대,월세,82,높음,해당지역,89.6,월환산,99.4,67.4,122.1,3.07398,0.41519,2.881,30.1,24.3,46.6,2500.0,56.5
도화동,마포구,행정동,37.53895112239767,126.94949625289776,오피스텔,월세,126,높음,해당지역,87.8,월환산,93.3,72.3,99.6,0.25389,1.31406,3.639,23.0,20.2,26.2,1000.0,75.0
도화동,마포구,행정동,37.53895112239767,126.94949625289776,단독다가구,전세,25,보통,법정동,15000.0,보증금,16082.8,12000.0,18000.0,7.03736,0.69782,361.75,35.0,32.5,49.7,15000.0,0.0
도화동,마포구,행정동,37.53895112239767,126.94949625289776,아파트,전세,238,높음,해당지역,59000.0,보증금,60486.7,51775.0,68000.0,9.03906,0.44569,775.971,79.8,59.9,85.0,59000.0,0.0
도화동,마포구,행정동,37.53895112239767,126.94949625289776,연립다세대,전세,92,높음,해당지역,23000.0,보증금,24753.9,20000.0,28125.0,8.5303,0.47468,1069.762,22.9,19.3,28.5,23000.0,0.0
도화동,마포구,행정동,37.53895112239767,126.94949625289776,오피스텔,전세,30,높음,해당지역,14500.0,보증금,19985.9,13500.0,19512.0,5.71828,1.25895,666.667,20.2,20.2,26.1,14500.0,0.0
망원1동,마포구,행정동,37.554816014054936,126.90481036245588,단독다가구,매매,11,보통,법정동,210000.0,매매가,200109.1,162000.0,229000.0,,,790.259,238.9,193.3,296.9,,
망원1동,마포구,행정동,37.554816014054936,126.90481036245588,아파트,매매,36,높음,해당지역,111750.0,매매가,114883.3,77375.0,135625.0,8.61502,0.68348,1315.249,84.8,59.9,85.0,,
망원1동,마포구,행정동,37.554816014054936,126.90481036245588,연립다세대,매매,135,높음,해당지역,40000.0,매매가,41255.2,31250.0,49900.0,8.83358,0.47506,952.154,36.9,30.5,48.6,,
망원1동,마포구,행정동,37.554816014054936,126.90481036245588,오피스텔,매매,449,높음,자치구,22100.0,매매가,30468.3,14700.0,31000.0,6.07864,1.17277,759.69,28.8,20.4,36.7,,
망원1동,마포구,행정동,37.554816014054936,126.90481036245588,단독다가구,월세,417,높음,법정동,74.6,월환산,85.5,59.6,99.6,2.57818,0.51086,2.344,35.0,23.1,45.1,1500.0,65.0
망원1동,마포구,행정동,37.554816014054936,126.90481036245588,아파트,월세,18,보통,해당지역,296.7,월환산,309.2,247.4,338.9,,,3.604,84.7,62.3,88.4,28000.0,150.0
망원1동,마포구,행정동,37.554816014054936,126.90481036245588,연립다세대,월세,304,높음,해당지역,101.7,월환산,105.9,71.6,131.7,3.07934,0.43503,3.135,30.6,24.9,44.0,5000.0,56.0
망원1동,마포구,행정동,37.554816014054936,126.90481036245588,오피스텔,월세,3043,높음,자치구,84.2,월환산,92.1,74.6,97.6,2.6597,0.58605,4.017,20.3,18.0,25.5,1000.0,73.0
망원1동,마포구,행정동,37.554816014054936,126.90481036245588,단독다가구,전세,41,높음,법정동,20000.0,보증금,20138.0,13000.0,25000.0,7.99885,0.46818,390.957,55.0,38.9,67.2,20000.0,0.0
망원1동,마포구,행정동,37.554816014054936,126.90481036245588,아파트,전세,47,높음,해당지역,65000.0,보증금,69388.3,52250.0,78000.0,7.40373,0.84653,769.971,84.2,59.9,85.0,65000.0,0.0
망원1동,마포구,행정동,37.554816014054936,126.90481036245588,연립다세대,전세,202,높음,해당지역,24000.0,보증금,24894.6,19612.5,29600.0,8.81011,0.34688,601.055,36.9,29.2,48.9,24000.0,0.0
망원1동,마포구,행정동,37.554816014054936,126.90481036245588,오피스텔,전세,471,높음,자치구,26000.0,보증금,27145.5,17850.0,33000.0,7.37154,0.81015,856.299,27.1,20.4,35.6,26000.0,0.0
망원2동,마포구,행정동,37.559580129257185,126.90143042227263,단독다가구,매매,11,보통,법정동,210000.0,매매가,200109.1,162000.0,229000.0,,,790.259,238.9,193.3,296.9,,
망원2동,마포구,행정동,37.559580129257185,126.90143042227263,아파트,매매,84,높음,해당지역,78000.0,매매가,77304.8,64550.0,89625.0,7.73785,0.8411,1148.848,59.9,49.7,84.3,,
망원2동,마포구,행정동,37.559580129257185,126.90143042227263,연립다세대,매매,101,높음,해당지역,39500.0,매매가,40060.2,32200.0,47900.0,8.51753,0.55013,879.622,39.3,30.0,50.6,,
망원2동,마포구,행정동,37.559580129257185,126.90143042227263,오피스텔,매매,449,높음,자치구,22100.0,매매가,30468.3,14700.0,31000.0,6.07864,1.17277,759.69,28.8,20.4,36.7,,
망원2동,마포구,행정동,37.559580129257185,126.90143042227263,단독다가구,월세,417,높음,법정동,74.6,월환산,85.5,59.6,99.6,2.57818,0.51086,2.344,35.0,23.1,45.1,1500.0,65.0
망원2동,마포구,행정동,37.559580129257185,126.90143042227263,아파트,월세,62,높음,해당지역,198.1,월환산,198.0,159.4,226.8,2.42754,0.68323,3.195,60.0,48.7,82.7,13500.0,125.0
망원2동,마포구,행정동,37.559580129257185,126.90143042227263,연립다세대,월세,140,높음,해당지역,94.2,월환산,99.6,70.4,121.8,2.76987,0.50359,2.784,33.6,26.0,43.6,4000.0,55.0
망원2동,마포구,행정동,37.559580129257185,126.90143042227263,오피스텔,월세,3043,높음,자치구,84.2,월환산,92.1,74.6,97.6,2.6597,0.58605,4.017,20.3,18.0,25.5,1000.0,73.0
망원2동,마포구,행정동,37.559580129257185,126.90143042227263,단독다가구,전세,41,높음,법정동,20000.0,보증금,20138.0,13000.0,25000.0,7.99885,0.46818,390.957,55.0,38.9,67.2,20000.0,0.0
망원2동,마포구,행정동,37.559580129257185,126.90143042227263,아파트,전세,72,높음,해당지역,48000.0,보증금,48627.3,42000.0,55737.5,7.97446,0.66857,749.573,59.9,49.7,84.6,48000.0,0.0
망원2동,마포구,행정동,37.559580129257185,126.90143042227263,연립다세대,전세,124,높음,해당지역,23050.0,보증금,23938.4,16000.0,30000.0,8.29047,0.47876,608.386,36.8,29.6,49.6,23050.0,0.0
망원2동,마포구,행정동,37.559580129257185,126.90143042227263,오피스텔,전세,471,높음,자치구,26000.0,보증금,27145.5,17850.0,33000.0,7.37154,0.81015,856.299,27.1,20.4,35.6,26000.0,0.0
상암동,마포구,행정동,37.58152554021732,126.88559519219243,단독다가구,매매,100,높음,자치구,172192.5,매매가,188025.4,116750.0,233662.2,9.76587,0.46884,1255.227,134.4,68.6,223.3,,
상암동,마포구,행정동,37.58152554021732,126.88559519219243,아파트,매매,126,높음,해당지역,127500.0,매매가,126436.9,109000.0,143875.0,9.41535,0.5266,1565.594,84.9,84.4,84.9,,
상암동,마포구,행정동,37.58152554021732,126.88559519219243,연립다세대,매매,10,보통,해당지역,12500.0,매매가,16164.0,11025.0,20625.0,,,768.565,17.0,15.1,26.9,,
상암동,마포구,행정동,37.58152554021732,126.88559519219243,오피스텔,매매,65,높음,해당지역,13770.0,매매가,18769.4,10700.0,15500.0,6.02662,1.12022,561.254,24.2,19.9,24.2,,
상암동,마포구,행정동,37.58152554021732,126.88559519219243,단독다가구,월세,65,높음,해당지역,84.6,월환산,95.7,58.6,115.0,2.81608,0.43996,2.125,39.6,23.1,74.6,2000.0,70.0
상암동,마포구,행정동,37.58152554021732,126.88559519219243,아파트,월세,570,높음,해당지역,56.9,월환산,142.5,47.6,242.7,-5.96904,2.60572,1.083,49.9,49.6,59.9,5000.0,36.0
상암동,마포구,행정동,37.58152554021732,126.88559519219243,연립다세대,월세,74,높음,해당지역,57.6,월환산,64.4,52.3,67.3,1.4609,0.89585,3.211,17.6,15.1,21.0,1000.0,52.0
상암동,마포구,행정동,37.58152554021732,126.88559519219243,오피스텔,월세,571,높음,해당지역,77.3,월환산,79.4,70.3,84.2,2.52502,0.59497,3.491,20.7,19.9,24.2,1000.0,70.0
상암동,마포구,행정동,37.58152554021732,126.88559519219243,단독다가구,전세,17,보통,해당지역,15000.0,보증금,17985.3,12000.0,23000.0,,,386.1,52.0,26.4,70.0,15000.0,0.0
상암동,마포구,행정동,37.58152554021732,126.88559519219243,아파트,전세,303,높음,해당지역,60200.0,보증금,60418.0,53000.0,70000.0,7.80468,0.71681,768.958,84.8,84.7,84.9,60200.0,0.0
상암동,마포구,행정동,37.58152554021732,126.88559519219243,연립다세대,전세,32,높음,해당지역,12750.0,보증금,14994.7,10323.2,18500.0,7.47502,0.67868,656.984,18.5,15.8,27.5,12750.0,0.0
상암동,마포구,행정동,37.58152554021732,126.88559519219243,오피스텔,전세,39,높음,해당지역,17300.0,보증금,22091.3,14540.0,22750.0,7.34725,0.78111,775.816,20.7,19.8,24.4,17300.0,0.0
서강동,마포구,행정동,37.54841063981322,126.92754726215284,단독다가구,매매,10,보통,해당지역,234000.0,매매가,213900.0,97250.0,284750.0,,,1227.499,214.3,107.2,322.2,,
서강동,마포구,행정동,37.54841063981322,126.92754726215284,아파트,매매,89,높음,해당지역,165000.0,매매가,167161.2,145500.0,195000.0,7.533,1.00855,1991.038,84.9,74.8,85.0,,
서강동,마포구,행정동,37.54841063981322,126.92754726215284,연립다세대,매매,65,높음,해당지역,48000.0,매매가,45982.3,35000.0,58900.0,9.48695,0.32583,1275.276,36.8,25.7,49.5,,
서강동,마포구,행정동,37.54841063981322,126.92754726215284,오피스텔,매매,12,보통,해당지역,20250.0,매매가,27183.3,18075.0,22150.0,,,686.441,29.5,27.2,30.4,,
서강동,마포구,행정동,37.54841063981322,126.92754726215284,단독다가구,월세,254,높음,해당지역,66.6,월환산,73.2,59.2,82.6,2.94067,0.39576,2.752,25.0,20.0,33.0,1000.0,59.5
서강동,마포구,행정동,37.54841063981322,126.92754726215284,아파트,월세,241,높음,해당지역,166.5,월환산,208.4,51.5,322.9,0.45279,1.18845,3.447,59.2,17.3,84.9,9600.0,59.0
서강동,마포구,행정동,37.54841063981322,126.92754726215284,연립다세대,월세,175,높음,해당지역,75.0,월환산,87.4,64.6,109.2,3.74124,0.19488,2.749,28.8,21.3,39.3,2500.0,60.0
서강동,마포구,행정동,37.54841063981322,126.92754726215284,오피스텔,월세,44,높음,해당지역,69.6,월환산,83.7,63.5,79.5,3.79327,0.19098,3.917,16.7,16.6,21.8,2500.0,53.0
서강동,마포구,행정동,37.54841063981322,126.92754726215284,단독다가구,전세,36,높음,해당지역,15000.0,보증금,16952.8,11000.0,19250.0,6.89283,0.7733,466.756,36.2,24.6,43.5,15000.0,0.0
서강동,마포구,행정동,37.54841063981322,126.92754726215284,아파트,전세,173,높음,해당지역,80000.0,보증금,84562.5,70000.0,92400.0,6.29526,1.12743,976.744,84.9,83.8,85.0,80000.0,0.0
서강동,마포구,행정동,37.54841063981322,126.92754726215284,연립다세대,전세,98,높음,해당지역,22435.0,보증금,22331.3,17000.0,27000.0,8.68366,0.35018,585.638,36.7,28.9,50.9,22435.0,0.0
서강동,마포구,행정동,37.54841063981322,126.92754726215284,오피스텔,전세,471,높음,자치구,26000.0,보증금,27145.5,17850.0,33000.0,7.37154,0.81015,856.299,27.1,20.4,35.6,26000.0,0.0
서교동,마포구,행정동,37.55343136273355,126.91919057709012,단독다가구,매매,14,보통,해당지역,210350.0,매매가,245897.1,124000.0,373750.0,,,3190.646,57.5,35.9,143.0,,
서교동,마포구,행정동,37.55343136273355,126.91919057709012,아파트,매매,40,높음,해당지역,100750.0,매매가,131293.8,58875.0,234750.0,5.84441,1.28779,1095.996,92.4,57.4,142.0,,
서교동,마포구,행정동,37.55343136273355,126.91919057709012,연립다세대,매매,88,높음,해당지역,33750.0,매매가,36982.7,27500.0,48400.0,7.18054,0.87136,787.096,43.7,29.9,56.0,,
서교동,마포구,행정동,37.55343136273355,126.91919057709012,오피스텔,매매,52,높음,해당지역,22900.0,매매가,22538.5,20225.0,24350.0,8.06809,0.55332,684.476,32.2,29.1,37.3,,
서교동,마포구,행정동,37.55343136273355,126.91919057709012,단독다가구,월세,482,높음,해당지역,74.6,월환산,89.5,62.3,98.8,2.1449,0.65879,2.712,28.0,21.1,40.0,1000.0,65.0
서교동,마포구,행정동,37.55343136273355,126.91919057709012,아파트,월세,573,높음,해당지역,134.0,월환산,130.3,68.0,138.1,1.21519,1.0025,3.741,37.2,17.9,37.2,7808.0,75.0
서교동,마포구,행정동,37.55343136273355,126.91919057709012,연립다세대,월세,445,높음,해당지역,88.9,월환산,103.1,67.8,128.3,3.35005,0.35478,3.244,27.8,18.4,39.8,2000.0,65.0
서교동,마포구,행정동,37.55343136273355,126.91919057709012,오피스텔,월세,247,높음,해당지역,96.6,월환산,101.1,70.6,112.1,3.80645,0.23507,3.62,20.6,17.7,28.3,1000.0,89.0
서교동,마포구,행정동,37.55343136273355,126.91919057709012,단독다가구,전세,58,높음,해당지역,18185.0,보증금,19534.3,10922.5,21000.0,6.47689,0.87141,419.615,41.6,29.8,51.5,18185.0,0.0
서교동,마포구,행정동,37.55343136273355,126.91919057709012,아파트,전세,42,높음,해당지역,79000.0,보증금,115334.8,31250.0,177625.0,5.29466,1.34148,1118.275,107.7,61.1,142.0,79000.0,0.0
서교동,마포구,행정동,37.55343136273355,126.91919057709012,연립다세대,전세,128,높음,해당지역,26000.0,보증금,25794.8,17000.0,33150.0,7.83691,0.61851,605.778,36.1,27.0,50.3,26000.0,0.0
서교동,마포구,행정동,37.55343136273355,126.91919057709012,오피스텔,전세,39,높음,해당지역,21000.0,보증금,20791.0,17850.0,23750.0,9.83858,0.02216,849.171,22.7,18.0,32.8,21000.0,0.0
성산1동,마포구,행정동,37.56193837922532,126.91147362799362,단독다가구,매매,100,높음,자치구,172192.5,매매가,188025.4,116750.0,233662.2,9.76587,0.46884,1255.227,134.4,68.6,223.3,,
성산1동,마포구,행정동,37.56193837922532,126.91147362799362,아파트,매매,15,보통,해당지역,78000.0,매매가,77266.7,76500.0,80500.0,,,1155.973,59.7,53.6,83.4,,
성산1동,마포구,행정동,37.56193837922532,126.91147362799362,연립다세대,매매,133,높음,해당지역,47500.0,매매가,47924.9,39300.0,55000.0,9.61798,0.28601,883.234,49.4,34.4,65.9,,
성산1동,마포구,행정동,37.56193837922532,126.91147362799362,오피스텔,매매,82,높음,법정동,15150.0,매매가,20577.4,14225.0,19650.0,6.93778,0.91599,777.457,19.8,16.9,23.7,,
성산1동,마포구,행정동,37.56193837922532,126.91147362799362,단독다가구,월세,345,높음,법정동,69.6,월환산,81.0,57.6,91.6,2.59271,0.48491,2.156,34.9,23.5,45.1,1500.0,60.0
성산1동,마포구,행정동,37.56193837922532,126.91147362799362,아파트,월세,51,높음,해당지역,140.8,월환산,141.0,126.8,143.7,3.31948,0.46028,4.366,31.7,30.9,32.8,19000.0,50.0
성산1동,마포구,행정동,37.56193837922532,126.91147362799362,연립다세대,월세,299,높음,해당지역,90.6,월환산,96.3,59.1,128.1,2.60038,0.52476,2.607,32.1,24.4,49.4,5000.0,40.0
성산1동,마포구,행정동,37.56193837922532,126.91147362799362,오피스텔,월세,23,보통,해당지역,63.1,월환산,67.9,56.8,67.7,0.73314,1.08466,2.698,23.4,20.8,23.9,7000.0,25.0
성산1동,마포구,행정동,37.56193837922532,126.91147362799362,단독다가구,전세,42,높음,법정동,14250.0,보증금,15942.9,12150.0,20000.0,7.31115,0.63365,395.382,37.5,31.9,45.0,14250.0,0.0
성산1동,마포구,행정동,37.56193837922532,126.91147362799362,아파트,전세,14,보통,해당지역,51475.0,보증금,50196.4,49250.0,52500.0,,,821.377,56.6,53.6,83.6,51475.0,0.0
성산1동,마포구,행정동,37.56193837922532,126.91147362799362,연립다세대,전세,178,높음,해당지역,25000.0,보증금,24956.8,19000.0,30000.0,8.38522,0.46309,685.311,34.5,28.5,50.9,25000.0,0.0
성산1동,마포구,행정동,37.56193837922532,126.91147362799362,오피스텔,전세,33,높음,해당지역,37300.0,보증금,32821.2,36000.0,38200.0,5.54236,1.34759,1074.928,34.5,33.9,34.7,37300.0,0.0
성산2동,마포구,행정동,37.56737991189872,126.90422161211548,단독다가구,매매,100,높음,자치구,172192.5,매매가,188025.4,116750.0,233662.2,9.76587,0.46884,1255.227,134.4,68.6,223.3,,
성산2동,마포구,행정동,37.56737991189872,126.90422161211548,아파트,매매,129,높음,해당지역,111500.0,매매가,111053.9,94500.0,129000.0,11.25866,0.0769,1401.649,84.5,59.9,84.9,,
성산2동,마포구,행정동,37.56737991189872,126.90422161211548,연립다세대,매매,80,높음,해당지역,39900.0,매매가,40460.0,30900.0,47625.0,9.13558,0.38321,928.238,40.5,34.7,54.7,,
성산2동,마포구,행정동,37.56737991189872,126.90422161211548,오피스텔,매매,78,높음,해당지역,15150.0,매매가,20310.9,14325.0,18350.0,7.00435,0.89592,777.457,19.5,16.9,23.2,,
성산2동,마포구,행정동,37.56737991189872,126.90422161211548,단독다가구,월세,37,높음,해당지역,64.6,월환산,65.9,50.0,79.6,3.27139,0.24462,1.983,36.2,23.1,46.4,3700.0,45.0
성산2동,마포구,행정동,37.56737991189872,126.90422161211548,아파트,월세,232,높음,해당지역,142.9,월환산,158.8,122.9,186.2,0.44648,1.1204,2.646,50.5,50.0,59.7,9500.0,100.0
성산2동,마포구,행정동,37.56737991189872,126.90422161211548,연립다세대,월세,104,높음,해당지역,84.7,월환산,90.8,67.9,112.6,3.32075,0.32184,2.999,32.1,24.8,41.2,4500.0,45.0
성산2동,마포구,행정동,37.56737991189872,126.90422161211548,오피스텔,월세,1112,높음,해당지역,84.6,월환산,87.0,79.6,89.6,2.88282,0.53258,4.561,18.6,16.8,20.4,1000.0,75.0
성산2동,마포구,행정동,37.56737991189872,126.90422161211548,단독다가구,전세,42,높음,법정동,14250.0,보증금,15942.9,12150.0,20000.0,7.31115,0.63365,395.382,37.5,31.9,45.0,14250.0,0.0
성산2동,마포구,행정동,37.56737991189872,126.90422161211548,아파트,전세,412,높음,해당지역,34000.0,보증금,38235.3,30000.0,41000.0,5.61751,1.20582,639.408,50.5,50.0,59.4,34000.0,0.0
성산2동,마포구,행정동,37.56737991189872,126.90422161211548,연립다세대,전세,113,높음,해당지역,25000.0,보증금,24836.2,19500.0,30380.0,8.66189,0.37894,678.426,39.3,29.8,47.8,25000.0,0.0
성산2동,마포구,행정동,37.56737991189872,126.90422161211548,오피스텔,전세,83,높음,해당지역,23500.0,보증금,25693.4,18700.0,29900.0,8.20268,0.5726,1012.589,22.2,20.0,27.5,23500.0,0.0
신수동,마포구,행정동,37.54642907536209,126.93515378080147,단독다가구,매매,100,높음,자치구,172192.5,매매가,188025.4,116750.0,233662.2,9.76587,0.46884,1255.227,134.4,68.6,223.3,,
신수동,마포구,행정동,37.54642907536209,126.93515378080147,아파트,매매,92,높음,해당지역,165250.0,매매가,176349.8,142500.0,203320.8,9.62403,0.5601,2214.119,84.8,59.8,85.0,,
신수동,마포구,행정동,37.54642907536209,126.93515378080147,연립다세대,매매,30,높음,해당지역,61000.0,매매가,64043.3,50000.0,78000.0,10.02783,0.28289,1984.979,30.7,26.3,48.3,,
신수동,마포구,행정동,37.54642907536209,126.93515378080147,오피스텔,매매,449,높음,자치구,22100.0,매매가,30468.3,14700.0,31000.0,6.07864,1.17277,759.69,28.8,20.4,36.7,,
신수동,마포구,행정동,37.54642907536209,126.93515378080147,단독다가구,월세,21,보통,해당지역,93.8,월환산,103.6,54.6,102.9,2.89722,0.42177,2.457,41.0,30.7,53.0,1000.0,57.0
신수동,마포구,행정동,37.54642907536209,126.93515378080147,아파트,월세,147,높음,해당지역,303.3,월환산,309.4,234.2,376.2,0.55601,1.16875,4.057,84.7,59.8,85.0,25000.0,140.0
신수동,마포구,행정동,37.54642907536209,126.93515378080147,연립다세대,월세,108,높음,해당지역,87.3,월환산,97.9,62.4,129.6,3.34536,0.33583,3.273,29.8,20.2,45.6,5000.0,50.0
신수동,마포구,행정동,37.54642907536209,126.93515378080147,오피스텔,월세,20,보통,해당지역,64.2,월환산,68.2,59.7,74.3,0.13986,1.27586,2.75,24.4,22.7,25.2,10435.0,22.5
신수동,마포구,행정동,37.54642907536209,126.93515378080147,단독다가구,전세,26,보통,법정동,19900.0,보증금,18407.7,11000.0,23500.0,6.95579,0.75873,457.524,38.5,28.4,52.2,19900.0,0.0
신수동,마포구,행정동,37.54642907536209,126.93515378080147,아파트,전세,236,높음,해당지역,76825.0,보증금,79908.1,60000.0,100000.0,7.83532,0.77936,965.438,84.8,60.0,85.0,76825.0,0.0
신수동,마포구,행정동,37.54642907536209,126.93515378080147,연립다세대,전세,126,높음,해당지역,29250.0,보증금,27455.0,23000.0,33000.0,8.68729,0.4204,902.795,30.8,26.3,43.1,29250.0,0.0
신수동,마포구,행정동,37.54642907536209,126.93515378080147,오피스텔,전세,471,높음,자치구,26000.0,보증금,27145.5,17850.0,33000.0,7.37154,0.81015,856.299,27.1,20.4,35.6,26000.0,0.0
아현동,마포구,행정동,37.55222845584711,126.9524497327336,단독다가구,매매,100,높음,자치구,172192.5,매매가,188025.4,116750.0,233662.2,9.76587,0.46884,1255.227,134.4,68.6,223.3,,
아현동,마포구,행정동,37.55222845584711,126.9524497327336,아파트,매매,161,높음,해당지역,205000.0,매매가,190850.9,158000.0,225000.0,8.30542,0.91039,2941.869,60.0,59.9,84.9,,
아현동,마포구,행정동,37.55222845584711,126.9524497327336,연립다세대,매매,33,높음,법정동,65200.0,매매가,62368.2,55000.0,71500.0,9.02527,0.5184,1385.59,46.6,37.1,53.8,,
아현동,마포구,행정동,37.55222845584711,126.9524497327336,오피스텔,매매,47,높음,해당지역,23500.0,매매가,43063.8,20900.0,37800.0,5.73953,1.23429,733.068,31.4,31.1,44.3,,
아현동,마포구,행정동,37.55222845584711,126.9524497327336,단독다가구,월세,31,높음,법정동,69.6,월환산,101.8,59.0,115.7,2.54691,0.47159,1.794,46.3,29.9,75.0,2000.0,60.0
아현동,마포구,행정동,37.55222845584711,126.9524497327336,아파트,월세,415,높음,해당지역,340.4,월환산,320.3,245.4,394.4,2.34157,0.80878,5.056,60.0,59.7,84.9,25000.0,160.0
아현동,마포구,행정동,37.55222845584711,126.9524497327336,연립다세대,월세,59,높음,법정동,79.6,월환산,84.4,58.1,104.6,5.66507,-0.34687,1.944,42.8,29.9,55.3,3000.0,50.0
아현동,마포구,행정동,37.55222845584711,126.9524497327336,오피스텔,월세,56,높음,해당지역,104.4,월환산,122.4,97.9,122.1,1.60519,0.88358,3.222,31.4,30.1,33.1,4500.0,83.5
아현동,마포구,행정동,37.55222845584711,126.9524497327336,단독다가구,전세,480,높음,자치구,16500.0,보증금,18169.6,12000.0,23000.0,7.08014,0.70849,416.82,40.0,30.0,54.2,16500.0,0.0
아현동,마포구,행정동,37.55222845584711,126.9524497327336,아파트,전세,431,높음,해당지역,80000.0,보증금,82644.8,69000.0,97100.0,8.32298,0.69826,1215.709,60.0,59.9,84.9,80000.0,0.0
아현동,마포구,행정동,37.55222845584711,126.9524497327336,연립다세대,전세,21,보통,해당지역,30000.0,보증금,26275.0,23550.0,31500.0,7.74447,0.71604,1001.001,29.3,22.7,32.3,30000.0,0.0
아현동,마포구,행정동,37.55222845584711,126.9524497327336,오피스텔,전세,33,높음,해당지역,26700.0,보증금,28887.9,23000.0,35300.0,7.0938,0.89012,830.588,33.0,31.4,37.6,26700.0,0.0
연남동,마포구,행정동,37.56283691798695,126.92129875931369,단독다가구,매매,100,높음,자치구,172192.5,매매가,188025.4,116750.0,233662.2,9.76587,0.46884,1255.227,134.4,68.6,223.3,,
연남동,마포구,행정동,37.56283691798695,126.92129875931369,아파트,매매,27,보통,해당지역,107000.0,매매가,100070.4,78750.0,126000.0,6.65261,1.11107,1330.413,84.9,59.9,85.0,,
연남동,마포구,행정동,37.56283691798695,126.92129875931369,연립다세대,매매,59,높음,해당지역,36000.0,매매가,40141.1,27778.0,52000.0,7.87699,0.7094,810.664,42.5,29.9,56.2,,
연남동,마포구,행정동,37.56283691798695,126.92129875931369,오피스텔,매매,449,높음,자치구,22100.0,매매가,30468.3,14700.0,31000.0,6.07864,1.17277,759.69,28.8,20.4,36.7,,
연남동,마포구,행정동,37.56283691798695,126.92129875931369,단독다가구,월세,355,높음,해당지역,74.9,월환산,90.7,64.6,102.2,2.43834,0.57513,2.792,31.2,21.0,40.0,1000.0,70.0
연남동,마포구,행정동,37.56283691798695,126.92129875931369,아파트,월세,23,보통,해당지역,232.9,월환산,240.4,213.5,280.5,2.55013,0.67146,3.022,80.2,59.9,85.0,7000.0,200.0
연남동,마포구,행정동,37.56283691798695,126.92129875931369,연립다세대,월세,331,높음,해당지역,79.8,월환산,98.4,61.9,126.4,2.54449,0.58221,3.17,29.0,17.8,41.3,2000.0,60.0
연남동,마포구,행정동,37.56283691798695,126.92129875931369,오피스텔,월세,3043,높음,자치구,84.2,월환산,92.1,74.6,97.6,2.6597,0.58605,4.017,20.3,18.0,25.5,1000.0,73.0
연남동,마포구,행정동,37.56283691798695,126.92129875931369,단독다가구,전세,54,높음,해당지역,19515.0,보증금,19875.2,11452.5,26250.0,6.52078,0.87178,431.335,43.0,30.0,57.5,19515.0,0.0
연남동,마포구,행정동,37.56283691798695,126.92129875931369,아파트,전세,16,보통,해당지역,63000.0,보증금,58831.2,50750.0,70350.0,,,654.936,84.9,84.3,113.2,63000.0,0.0
연남동,마포구,행정동,37.56283691798695,126.92129875931369,연립다세대,전세,79,높음,해당지역,24000.0,보증금,25060.0,15000.0,31900.0,7.54766,0.6904,619.835,37.4,23.4,55.9,24000.0,0.0
연남동,마포구,행정동,37.56283691798695,126.92129875931369,오피스텔,전세,471,높음,자치구,26000.0,보증금,27145.5,17850.0,33000.0,7.37154,0.81015,856.299,27.1,20.4,35.6,26000.0,0.0
염리동,마포구,행정동,37.55029192700964,126.94737263013411,단독다가구,매매,100,높음,자치구,172192.5,매매가,188025.4,116750.0,233662.2,9.76587,0.46884,1255.227,134.4,68.6,223.3,,
염리동,마포구,행정동,37.55029192700964,126.94737263013411,아파트,매매,44,높음,해당지역,166000.0,매매가,184645.5,131125.0,240000.0,7.75629,1.02883,2764.937,59.9,58.7,84.9,,
염리동,마포구,행정동,37.55029192700964,126.94737263013411,연립다세대,매매,25,보통,해당지역,94500.0,매매가,87360.0,64000.0,110000.0,11.96955,-0.19844,3918.285,27.6,20.4,29.9,,
염리동,마포구,행정동,37.55029192700964,126.94737263013411,오피스텔,매매,449,높음,자치구,22100.0,매매가,30468.3,14700.0,31000.0,6.07864,1.17277,759.69,28.8,20.4,36.7,,
염리동,마포구,행정동,37.55029192700964,126.94737263013411,단독다가구,월세,129,높음,법정동,63.8,월환산,70.3,52.3,80.0,2.81687,0.4069,2.599,26.0,19.0,38.0,1000.0,55.0
염리동,마포구,행정동,37.55029192700964,126.94737263013411,아파트,월세,129,높음,해당지역,375.8,월환산,308.9,159.2,457.9,-5.06199,2.54767,5.124,59.9,49.8,84.9,15418.0,170.0
염리동,마포구,행정동,37.55029192700964,126.94737263013411,연립다세대,월세,67,높음,해당지역,76.3,월환산,88.3,60.8,104.6,2.43136,0.62035,3.762,23.2,17.2,29.7,3000.0,55.0
염리동,마포구,행정동,37.55029192700964,126.94737263013411,오피스텔,월세,38,높음,해당지역,104.6,월환산,106.9,97.5,114.2,,,3.055,32.5,32.5,32.5,1000.0,100.0
염리동,마포구,행정동,37.55029192700964,126.94737263013411,단독다가구,전세,24,보통,법정동,13000.0,보증금,15687.5,12000.0,20000.0,7.60709,0.55023,396.217,39.6,23.1,47.8,13000.0,0.0
염리동,마포구,행정동,37.55029192700964,126.94737263013411,아파트,전세,169,높음,해당지역,87800.0,보증금,86992.2,63000.0,108000.0,6.37929,1.16466,1276.346,60.0,59.8,84.9,87800.0,0.0
염리동,마포구,행정동,37.55029192700964,126.94737263013411,연립다세대,전세,113,높음,해당지역,18522.0,보증금,20245.8,16000.0,23000.0,7.33204,0.81329,857.955,21.8,18.2,27.1,18522.0,0.0
염리동,마포구,행정동,37.55029192700964,126.94737263013411,오피스텔,전세,471,높음,자치구,26000.0,보증금,27145.5,17850.0,33000.0,7.37154,0.81015,856.299,27.1,20.4,35.6,26000.0,0.0
용강동,마포구,행정동,37.542152921089944,126.9433147130413,단독다가구,매매,100,높음,자치구,172192.5,매매가,188025.4,116750.0,233662.2,9.76587,0.46884,1255.227,134.4,68.6,223.3,,
용강동,마포구,행정동,37.542152921089944,126.9433147130413,아파트,매매,133,높음,해당지역,147500.0,매매가,151051.1,83000.0,205000.0,7.2181,1.07983,1770.145,75.7,59.0,85.0,,
용강동,마포구,행정동,37.542152921089944,126.9433147130413,연립다세대,매매,43,높음,해당지역,43800.0,매매가,49940.7,40000.0,60000.0,8.96208,0.50958,1465.201,31.1,26.7,47.5,,
용강동,마포구,행정동,37.542152921089944,126.9433147130413,오피스텔,매매,45,높음,해당지역,46000.0,매매가,66824.4,31700.0,101000.0,5.62648,1.33363,1155.255,55.9,33.9,80.3,,
용강동,마포구,행정동,37.542152921089944,126.9433147130413,단독다가구,월세,22,보통,해당지역,89.2,월환산,94.1,68.1,124.2,3.91392,0.14791,2.408,51.2,30.4,52.9,2000.0,80.0
용강동,마포구,행정동,37.542152921089944,126.9433147130413,아파트,월세,220,높음,해당지역,322.9,월환산,330.6,241.0,420.8,0.58016,1.20808,4.398,75.7,59.4,85.0,27000.0,160.0
용강동,마포구,행정동,37.542152921089944,126.9433147130413,연립다세대,월세,70,높음,해당지역,105.8,월환산,104.5,74.3,124.1,3.09589,0.42635,2.958,28.2,21.2,51.4,10000.0,50.0
용강동,마포구,행정동,37.542152921089944,126.9433147130413,오피스텔,월세,100,높음,해당지역,128.6,월환산,172.8,99.1,242.9,1.27947,0.99677,3.503,38.5,27.8,70.6,2000.0,107.5
용강동,마포구,행정동,37.542152921089944,126.9433147130413,단독다가구,전세,25,보통,법정동,15000.0,보증금,16082.8,12000.0,18000.0,7.03736,0.69782,361.75,35.0,32.5,49.7,15000.0,0.0
용강동,마포구,행정동,37.542152921089944,126.9433147130413,아파트,전세,187,높음,해당지역,70000.0,보증금,79545.9,60900.0,100000.0,7.81908,0.78748,1034.157,84.2,59.8,85.0,70000.0,0.0
용강동,마포구,행정동,37.542152921089944,126.9433147130413,연립다세대,전세,71,높음,해당지역,26500.0,보증금,26775.2,23000.0,30000.0,8.8376,0.37712,876.488,30.0,26.4,45.3,26500.0,0.0
용강동,마포구,행정동,37.542152921089944,126.9433147130413,오피스텔,전세,30,높음,해당지역,50450.0,보증금,49286.0,27800.0,67400.0,6.28101,1.10139,838.216,64.8,33.9,80.3,50450.0,0.0
합정동,마포구,행정동,37.549790778041704,126.91023911022836,단독다가구,매매,14,보통,해당지역,206001.0,매매가,250239.1,187928.5,304528.8,,,1482.337,163.6,124.7,195.2,,
합정동,마포구,행정동,37.549790778041704,126.91023911022836,아파트,매매,21,보통,해당지역,140000.0,매매가,161961.9,114000.0,209000.0,7.2498,1.02106,1482.326,85.0,83.4,137.0,,
합정동,마포구,행정동,37.549790778041704,126.91023911022836,연립다세대,매매,103,높음,해당지역,49800.0,매매가,47653.4,37650.0,56000.0,8.86863,0.51074,1221.404,35.6,30.0,50.2,,
합정동,마포구,행정동,37.549790778041704,126.91023911022836,오피스텔,매매,19,보통,해당지역,29800.0,매매가,32847.4,28650.0,35450.0,,,1255.955,23.4,23.1,25.6,,
합정동,마포구,행정동,37.549790778041704,126.91023911022836,단독다가구,월세,161,높음,해당지역,82.6,월환산,89.5,60.2,109.2,2.6344,0.49071,2.275,39.0,30.0,45.0,2000.0,65.0
합정동,마포구,행정동,37.549790778041704,126.91023911022836,아파트,월세,17,보통,해당지역,464.6,월환산,408.9,269.5,531.7,,,3.925,83.4,83.4,84.8,35000.0,150.0
합정동,마포구,행정동,37.549790778041704,126.91023911022836,연립다세대,월세,277,높음,해당지역,100.8,월환산,103.9,79.2,124.2,3.47901,0.3155,3.075,32.7,27.1,45.8,6480.0,60.0
합정동,마포구,행정동,37.549790778041704,126.91023911022836,오피스텔,월세,89,높음,해당지역,114.6,월환산,117.5,104.6,125.8,3.29297,0.45725,4.962,23.1,23.1,23.6,1000.0,95.0
합정동,마포구,행정동,37.549790778041704,126.91023911022836,단독다가구,전세,40,높음,해당지역,21150.0,보증금,20566.2,14000.0,25000.0,6.27492,0.94213,428.75,44.8,33.4,53.0,21150.0,0.0
합정동,마포구,행정동,37.549790778041704,126.91023911022836,아파트,전세,29,보통,해당지역,63000.0,보증금,80544.8,53000.0,98000.0,4.90733,1.41257,770.325,83.9,74.0,84.9,63000.0,0.0
합정동,마포구,행정동,37.549790778041704,126.91023911022836,연립다세대,전세,285,높음,해당지역,24000.0,보증금,24873.3,19000.0,30000.0,8.51426,0.42658,603.379,36.6,29.6,50.7,24000.0,0.0
합정동,마포구,행정동,37.549790778041704,126.91023911022836,오피스텔,전세,11,보통,해당지역,28170.0,보증금,28629.1,26500.0,30800.0,,,1241.245,23.4,21.2,24.6,28170.0,0.0
남가좌1동,서대문구,행정동,37.57167542704085,126.91698081315815,단독다가구,매매,106,높음,자치구,119000.0,매매가,133669.5,85125.0,163467.5,9.4646,0.4477,877.109,149.7,83.9,202.2,,
남가좌1동,서대문구,행정동,37.57167542704085,126.91698081315815,아파트,매매,123,높음,해당지역,142000.0,매매가,138051.4,128250.0,160000.0,7.58667,0.97006,1859.524,84.9,60.0,85.0,,
남가좌1동,서대문구,행정동,37.57167542704085,126.91698081315815,연립다세대,매매,32,높음,법정동,24500.0,매매가,27178.1,18750.0,35000.0,7.46918,0.70433,524.947,45.0,29.9,54.1,,
남가좌1동,서대문구,행정동,37.57167542704085,126.91698081315815,오피스텔,매매,18,보통,법정동,33758.0,매매가,34086.6,33315.2,34322.5,,,1138.488,29.6,29.6,29.6,,
남가좌1동,서대문구,행정동,37.57167542704085,126.91698081315815,단독다가구,월세,363,높음,법정동,51.8,월환산,55.7,44.3,60.3,2.91099,0.33232,2.448,19.8,16.5,33.0,500.0,47.0
남가좌1동,서대문구,행정동,37.57167542704085,126.91698081315815,아파트,월세,183,높음,해당지역,287.5,월환산,250.1,123.6,343.3,1.85817,0.87833,4.124,60.0,31.0,85.0,23000.0,100.0
남가좌1동,서대문구,행정동,37.57167542704085,126.91698081315815,연립다세대,월세,140,높음,법정동,52.3,월환산,62.4,46.2,79.6,2.76342,0.37123,2.446,26.8,15.4,41.7,1000.0,45.0
남가좌1동,서대문구,행정동,37.57167542704085,126.91698081315815,오피스텔,월세,1035,높음,자치구,94.6,월환산,94.6,78.6,104.6,3.75334,0.24914,4.597,19.2,16.6,25.4,1000.0,80.0
남가좌1동,서대문구,행정동,37.57167542704085,126.91698081315815,단독다가구,전세,51,높음,법정동,12000.0,보증금,12847.1,8750.0,15500.0,7.33202,0.54952,310.773,40.5,29.5,60.1,12000.0,0.0
남가좌1동,서대문구,행정동,37.57167542704085,126.91698081315815,아파트,전세,194,높음,해당지역,73000.0,보증금,71912.5,65000.0,79750.0,7.4857,0.84677,926.82,85.0,60.0,85.0,73000.0,0.0
남가좌1동,서대문구,행정동,37.57167542704085,126.91698081315815,연립다세대,전세,35,높음,법정동,19700.0,보증금,18925.7,13750.0,22650.0,6.72038,0.79925,397.351,44.2,33.0,55.9,19700.0,0.0
남가좌1동,서대문구,행정동,37.57167542704085,126.91698081315815,오피스텔,전세,160,높음,자치구,20000.0,보증금,21305.2,17000.0,23025.0,7.86406,0.6392,815.535,22.2,17.6,28.8,20000.0,0.0
남가좌2동,서대문구,행정동,37.57770463306909,126.91996934343894,단독다가구,매매,106,높음,자치구,119000.0,매매가,133669.5,85125.0,163467.5,9.4646,0.4477,877.109,149.7,83.9,202.2,,
남가좌2동,서대문구,행정동,37.57770463306909,126.91996934343894,아파트,매매,191,높음,해당지역,120000.0,매매가,118469.1,101500.0,134650.0,10.04563,0.3755,1595.056,73.6,59.8,85.0,,
남가좌2동,서대문구,행정동,37.57770463306909,126.91996934343894,연립다세대,매매,26,보통,해당지역,23500.0,매매가,25411.5,16650.0,32750.0,6.78013,0.86111,508.547,45.0,30.0,52.7,,
남가좌2동,서대문구,행정동,37.57770463306909,126.91996934343894,오피스텔,매매,17,보통,해당지역,33758.0,매매가,33738.8,33275.0,34081.0,,,1139.703,29.6,29.6,29.6,,
남가좌2동,서대문구,행정동,37.57770463306909,126.91996934343894,단독다가구,월세,363,높음,법정동,51.8,월환산,55.7,44.3,60.3,2.91099,0.33232,2.448,19.8,16.5,33.0,500.0,47.0
남가좌2동,서대문구,행정동,37.57770463306909,126.91996934343894,아파트,월세,213,높음,해당지역,192.9,월환산,185.5,81.2,283.8,-2.61443,1.86034,2.859,59.9,43.3,84.8,12189.0,74.0
남가좌2동,서대문구,행정동,37.57770463306909,126.91996934343894,연립다세대,월세,138,높음,해당지역,52.3,월환산,62.5,46.3,79.6,2.72529,0.38395,2.507,26.6,15.2,41.6,1000.0,45.0
남가좌2동,서대문구,행정동,37.57770463306909,126.91996934343894,오피스텔,월세,1035,높음,자치구,94.6,월환산,94.6,78.6,104.6,3.75334,0.24914,4.597,19.2,16.6,25.4,1000.0,80.0
남가좌2동,서대문구,행정동,37.57770463306909,126.91996934343894,단독다가구,전세,51,높음,법정동,12000.0,보증금,12847.1,8750.0,15500.0,7.33202,0.54952,310.773,40.5,29.5,60.1,12000.0,0.0
남가좌2동,서대문구,행정동,37.57770463306909,126.91996934343894,아파트,전세,236,높음,해당지역,65000.0,보증금,63664.2,55000.0,72250.0,8.12812,0.67435,875.604,84.8,59.8,85.0,65000.0,0.0
남가좌2동,서대문구,행정동,37.57770463306909,126.91996934343894,연립다세대,전세,32,높음,해당지역,19600.0,보증금,18168.8,12500.0,22075.0,6.47012,0.85325,375.003,44.5,33.3,57.4,19600.0,0.0
남가좌2동,서대문구,행정동,37.57770463306909,126.91996934343894,오피스텔,전세,160,높음,자치구,20000.0,보증금,21305.2,17000.0,23025.0,7.86406,0.6392,815.535,22.2,17.6,28.8,20000.0,0.0
북가좌1동,서대문구,행정동,37.57444203966484,126.90898210476527,단독다가구,매매,15,보통,법정동,89500.0,매매가,96333.3,77500.0,111000.0,,,608.181,130.2,100.1,220.2,,
북가좌1동,서대문구,행정동,37.57444203966484,126.90898210476527,아파트,매매,150,높음,해당지역,111000.0,매매가,118038.7,85050.0,151250.0,8.69496,0.66496,1335.447,84.9,65.3,85.0,,
북가좌1동,서대문구,행정동,37.57444203966484,126.90898210476527,연립다세대,매매,36,높음,해당지역,89000.0,매매가,87741.7,80000.0,98250.0,9.41288,0.49331,1744.447,49.1,42.1,61.5,,
북가좌1동,서대문구,행정동,37.57444203966484,126.90898210476527,오피스텔,매매,169,높음,자치구,22000.0,매매가,24833.2,18000.0,30000.0,7.81506,0.67962,857.505,26.7,18.9,29.6,,
북가좌1동,서대문구,행정동,37.57444203966484,126.90898210476527,단독다가구,월세,264,높음,법정동,59.7,월환산,65.6,47.3,79.6,3.11548,0.27774,1.68,38.1,23.3,50.1,1000.0,50.0
북가좌1동,서대문구,행정동,37.57444203966484,126.90898210476527,아파트,월세,80,높음,해당지역,296.1,월환산,267.5,210.2,333.3,-1.94636,1.69406,3.567,84.9,60.0,85.0,20000.0,129.0
북가좌1동,서대문구,행정동,37.57444203966484,126.90898210476527,연립다세대,월세,21,보통,해당지역,82.9,월환산,82.2,60.4,99.2,1.76973,0.64634,1.383,51.6,44.7,69.3,3000.0,45.0
북가좌1동,서대문구,행정동,37.57444203966484,126.90898210476527,오피스텔,월세,14,보통,법정동,66.1,월환산,73.2,64.6,73.3,,,2.864,22.0,21.8,27.3,1000.0,60.0
북가좌1동,서대문구,행정동,37.57444203966484,126.90898210476527,단독다가구,전세,48,높음,법정동,13000.0,보증금,13644.8,9750.0,16500.0,7.45945,0.50239,276.474,48.7,39.9,65.6,13000.0,0.0
북가좌1동,서대문구,행정동,37.57444203966484,126.90898210476527,아파트,전세,154,높음,해당지역,65749.0,보증금,66519.7,51625.0,79875.0,7.55342,0.79339,838.19,84.9,60.0,85.0,65749.0,0.0
북가좌1동,서대문구,행정동,37.57444203966484,126.90898210476527,연립다세대,전세,52,높음,해당지역,17000.0,보증금,18112.3,14750.0,22000.0,6.86972,0.72032,320.049,57.5,46.9,63.1,17000.0,0.0
북가좌1동,서대문구,행정동,37.57444203966484,126.90898210476527,오피스텔,전세,160,높음,자치구,20000.0,보증금,21305.2,17000.0,23025.0,7.86406,0.6392,815.535,22.2,17.6,28.8,20000.0,0.0
북가좌2동,서대문구,행정동,37.581673781000696,126.91403668736264,단독다가구,매매,15,보통,법정동,89500.0,매매가,96333.3,77500.0,111000.0,,,608.181,130.2,100.1,220.2,,
북가좌2동,서대문구,행정동,37.581673781000696,126.91403668736264,아파트,매매,57,높음,해당지역,89500.0,매매가,89194.2,84000.0,97800.0,8.94546,0.54145,1053.398,84.9,84.6,114.0,,
북가좌2동,서대문구,행정동,37.581673781000696,126.91403668736264,연립다세대,매매,183,높음,해당지역,31000.0,매매가,33433.6,25250.0,39250.0,7.74653,0.66848,607.341,48.4,40.3,59.8,,
북가좌2동,서대문구,행정동,37.581673781000696,126.91403668736264,오피스텔,매매,169,높음,자치구,22000.0,매매가,24833.2,18000.0,30000.0,7.81506,0.67962,857.505,26.7,18.9,29.6,,
북가좌2동,서대문구,행정동,37.581673781000696,126.91403668736264,단독다가구,월세,264,높음,법정동,59.7,월환산,65.6,47.3,79.6,3.11548,0.27774,1.68,38.1,23.3,50.1,1000.0,50.0
북가좌2동,서대문구,행정동,37.581673781000696,126.91403668736264,아파트,월세,25,보통,해당지역,215.8,월환산,195.5,122.9,267.9,-0.85146,1.40615,2.77,84.6,33.6,85.0,10000.0,120.0
북가좌2동,서대문구,행정동,37.581673781000696,126.91403668736264,연립다세대,월세,328,높음,해당지역,76.3,월환산,76.4,47.9,99.6,1.18145,0.84227,1.897,36.9,27.6,47.9,3000.0,38.5
북가좌2동,서대문구,행정동,37.581673781000696,126.91403668736264,오피스텔,월세,13,보통,해당지역,64.6,월환산,68.5,64.6,69.6,,,2.864,21.8,21.8,24.8,1000.0,60.0
북가좌2동,서대문구,행정동,37.581673781000696,126.91403668736264,단독다가구,전세,48,높음,법정동,13000.0,보증금,13644.8,9750.0,16500.0,7.45945,0.50239,276.474,48.7,39.9,65.6,13000.0,0.0
북가좌2동,서대문구,행정동,37.581673781000696,126.91403668736264,아파트,전세,26,보통,해당지역,52250.0,보증금,52276.5,46250.0,58000.0,8.47995,0.54036,616.399,84.6,63.9,85.0,52250.0,0.0
북가좌2동,서대문구,행정동,37.581673781000696,126.91403668736264,연립다세대,전세,112,높음,해당지역,18432.5,보증금,18702.2,14525.0,22000.0,8.13415,0.42791,374.207,47.6,37.0,59.1,18432.5,0.0
북가좌2동,서대문구,행정동,37.581673781000696,126.91403668736264,오피스텔,전세,160,높음,자치구,20000.0,보증금,21305.2,17000.0,23025.0,7.86406,0.6392,815.535,22.2,17.6,28.8,20000.0,0.0
북아현동,서대문구,행정동,37.558985133015746,126.95159496336187,단독다가구,매매,24,보통,법정동,149500.0,매매가,141700.9,119675.0,164280.0,11.00966,0.18621,1271.793,109.8,44.7,143.2,,
북아현동,서대문구,행정동,37.558985133015746,126.95159496336187,아파트,매매,79,높음,해당지역,187000.0,매매가,174884.8,136750.0,205500.0,8.44073,0.84491,2335.844,60.0,60.0,85.0,,
북아현동,서대문구,행정동,37.558985133015746,126.95159496336187,연립다세대,매매,16,보통,해당지역,128550.0,매매가,135931.2,121937.5,153050.0,,,2220.331,58.0,34.8,72.2,,
북아현동,서대문구,행정동,37.558985133015746,126.95159496336187,오피스텔,매매,11,보통,해당지역,32000.0,매매가,35390.9,30250.0,34150.0,,,1141.553,27.4,24.1,27.4,,
북아현동,서대문구,행정동,37.558985133015746,126.95159496336187,단독다가구,월세,149,높음,법정동,64.6,월환산,66.5,52.3,74.6,3.3641,0.21367,1.703,36.4,25.3,45.1,1000.0,55.0
북아현동,서대문구,행정동,37.558985133015746,126.95159496336187,아파트,월세,151,높음,해당지역,262.1,월환산,269.6,185.0,372.6,0.26634,1.25173,4.306,60.0,59.8,84.9,15481.0,140.0
북아현동,서대문구,행정동,37.558985133015746,126.95159496336187,연립다세대,월세,53,높음,법정동,84.6,월환산,115.8,62.6,146.7,3.47746,0.29565,2.244,44.9,26.2,59.1,3000.0,67.0
북아현동,서대문구,행정동,37.558985133015746,126.95159496336187,오피스텔,월세,32,높음,해당지역,134.6,월환산,136.9,128.1,143.8,4.08914,0.25285,4.953,27.2,21.0,27.4,1250.0,125.0
북아현동,서대문구,행정동,37.558985133015746,126.95159496336187,단독다가구,전세,78,높음,법정동,16000.0,보증금,17825.6,11000.0,20000.0,7.45292,0.55668,299.255,49.5,37.4,63.5,16000.0,0.0
북아현동,서대문구,행정동,37.558985133015746,126.95159496336187,아파트,전세,214,높음,해당지역,78000.0,보증금,73620.3,55000.0,87875.0,7.94298,0.75646,1059.384,60.0,59.9,85.0,78000.0,0.0
북아현동,서대문구,행정동,37.558985133015746,126.95159496336187,연립다세대,전세,16,보통,해당지역,15050.0,보증금,15818.8,10000.0,20000.0,,,236.282,64.0,54.7,78.5,15050.0,0.0
북아현동,서대문구,행정동,37.558985133015746,126.95159496336187,오피스텔,전세,17,보통,해당지역,30000.0,보증금,34964.7,28000.0,45000.0,,,1153.484,27.2,21.0,42.5,30000.0,0.0
신촌동,서대문구,행정동,37.558729566027026,126.94042023289376,단독다가구,매매,106,높음,자치구,119000.0,매매가,133669.5,85125.0,163467.5,9.4646,0.4477,877.109,149.7,83.9,202.2,,
신촌동,서대문구,행정동,37.558729566027026,126.94042023289376,아파트,매매,46,높음,해당지역,125000.0,매매가,106604.4,70125.0,138500.0,7.30724,0.98444,1559.127,80.4,59.7,83.4,,
신촌동,서대문구,행정동,37.558729566027026,126.94042023289376,연립다세대,매매,18,보통,해당지역,37000.0,매매가,38271.1,32000.0,46750.0,,,901.159,31.0,28.1,50.0,,
신촌동,서대문구,행정동,37.558729566027026,126.94042023289376,오피스텔,매매,83,높음,해당지역,21000.0,매매가,21580.2,18150.0,23800.0,9.56841,0.12309,1000.0,19.8,17.8,26.8,,
신촌동,서대문구,행정동,37.558729566027026,126.94042023289376,단독다가구,월세,1139,높음,해당지역,64.6,월환산,69.7,54.9,74.6,2.9175,0.41454,3.233,19.8,17.1,23.1,1000.0,60.0
신촌동,서대문구,행정동,37.558729566027026,126.94042023289376,아파트,월세,107,높음,해당지역,124.6,월환산,148.9,90.0,194.4,2.97363,0.55444,4.134,24.1,16.6,59.7,2000.0,110.0
신촌동,서대문구,행정동,37.558729566027026,126.94042023289376,연립다세대,월세,334,높음,해당지역,70.8,월환산,84.6,61.6,88.8,3.64749,0.21793,3.723,22.4,14.0,34.4,1000.0,62.0
신촌동,서대문구,행정동,37.558729566027026,126.94042023289376,오피스텔,월세,659,높음,해당지역,98.8,월환산,97.4,87.5,105.3,4.31634,0.08132,5.715,17.8,15.6,20.3,1000.0,90.0
신촌동,서대문구,행정동,37.558729566027026,126.94042023289376,단독다가구,전세,73,높음,해당지역,12000.0,보증금,12320.0,8500.0,14000.0,7.19788,0.67052,489.827,22.0,19.0,27.0,12000.0,0.0
신촌동,서대문구,행정동,37.558729566027026,126.94042023289376,아파트,전세,50,높음,해당지역,48000.0,보증금,48902.1,42250.0,65000.0,7.55269,0.77834,776.001,59.7,59.7,83.4,48000.0,0.0
신촌동,서대문구,행정동,37.558729566027026,126.94042023289376,연립다세대,전세,74,높음,해당지역,27400.0,보증금,25364.0,20212.5,29000.0,9.08164,0.29109,734.396,27.9,24.5,46.0,27400.0,0.0
신촌동,서대문구,행정동,37.558729566027026,126.94042023289376,오피스텔,전세,73,높음,해당지역,19600.0,보증금,18508.8,16800.0,20000.0,9.0735,0.24835,1064.789,17.6,15.9,20.3,19600.0,0.0
연희동,서대문구,행정동,37.56877561771312,126.93122507384693,단독다가구,매매,22,보통,해당지역,207500.0,매매가,229478.3,144125.0,297500.0,7.33465,0.94432,1244.624,193.5,148.3,231.9,,
연희동,서대문구,행정동,37.56877561771312,126.93122507384693,아파트,매매,112,높음,해당지역,90750.0,매매가,87931.7,71187.5,109500.0,7.39301,0.90581,1181.296,81.0,59.6,85.0,,
연희동,서대문구,행정동,37.56877561771312,126.93122507384693,연립다세대,매매,90,높음,해당지역,35250.0,매매가,40608.6,22307.8,46000.0,6.78102,0.92463,650.219,55.5,41.7,65.1,,
연희동,서대문구,행정동,37.56877561771312,126.93122507384693,오피스텔,매매,23,보통,해당지역,11500.0,매매가,25371.7,9700.0,34500.0,6.06101,1.11121,617.284,19.2,16.8,55.5,,
연희동,서대문구,행정동,37.56877561771312,126.93122507384693,단독다가구,월세,782,높음,해당지역,64.2,월환산,76.9,54.6,79.2,2.6065,0.49348,2.91,21.0,18.0,33.0,1000.0,58.0
연희동,서대문구,행정동,37.56877561771312,126.93122507384693,아파트,월세,111,높음,해당지역,89.6,월환산,171.3,79.6,222.9,2.60906,0.65142,4.0,39.3,13.6,60.0,3000.0,80.0
연희동,서대문구,행정동,37.56877561771312,126.93122507384693,연립다세대,월세,332,높음,해당지역,74.6,월환산,101.5,59.6,103.9,2.86415,0.42552,2.381,38.2,21.3,57.2,2000.0,58.0
연희동,서대문구,행정동,37.56877561771312,126.93122507384693,오피스텔,월세,183,높음,해당지역,69.8,월환산,77.7,62.3,77.3,2.13037,0.70799,3.527,19.4,16.8,22.9,1000.0,60.0
연희동,서대문구,행정동,37.56877561771312,126.93122507384693,단독다가구,전세,70,높음,해당지역,12000.0,보증금,22010.0,9125.0,22750.0,6.80312,0.74405,391.601,39.2,23.9,74.3,12000.0,0.0
연희동,서대문구,행정동,37.56877561771312,126.93122507384693,아파트,전세,50,높음,해당지역,55000.0,보증금,58530.1,49770.0,67250.0,7.85746,0.69306,651.265,84.8,62.0,85.0,55000.0,0.0
연희동,서대문구,행정동,37.56877561771312,126.93122507384693,연립다세대,전세,83,높음,해당지역,21000.0,보증금,24345.5,15000.0,32500.0,7.70302,0.57666,447.732,51.8,38.6,66.8,21000.0,0.0
연희동,서대문구,행정동,37.56877561771312,126.93122507384693,오피스텔,전세,31,높음,해당지역,11500.0,보증금,19629.0,9700.0,24900.0,5.89608,1.1314,539.523,26.0,19.0,34.0,11500.0,0.0
천연동,서대문구,행정동,37.56955821388856,126.95832690865844,단독다가구,매매,106,높음,자치구,119000.0,매매가,133669.5,85125.0,163467.5,9.4646,0.4477,877.109,149.7,83.9,202.2,,
천연동,서대문구,행정동,37.56955821388856,126.95832690865844,아파트,매매,128,높음,해당지역,120900.0,매매가,117678.5,101625.0,136625.0,8.78091,0.67094,1641.853,59.9,59.4,84.9,,
천연동,서대문구,행정동,37.56955821388856,126.95832690865844,연립다세대,매매,675,높음,자치구,34000.0,매매가,44458.1,25000.0,49000.0,7.96721,0.65364,709.96,48.7,36.9,61.5,,
천연동,서대문구,행정동,37.56955821388856,126.95832690865844,오피스텔,매매,169,높음,자치구,22000.0,매매가,24833.2,18000.0,30000.0,7.81506,0.67962,857.505,26.7,18.9,29.6,,
천연동,서대문구,행정동,37.56955821388856,126.95832690865844,단독다가구,월세,88,높음,해당지역,64.6,월환산,73.9,55.1,83.8,2.4763,0.50826,2.204,32.7,22.9,46.0,1000.0,56.0
천연동,서대문구,행정동,37.56955821388856,126.95832690865844,아파트,월세,109,높음,해당지역,245.8,월환산,252.6,204.7,291.7,1.91315,0.84024,3.512,60.0,59.4,84.9,20000.0,150.0
천연동,서대문구,행정동,37.56955821388856,126.95832690865844,연립다세대,월세,28,보통,해당지역,94.5,월환산,100.0,71.2,129.2,3.66067,0.26889,2.971,26.6,23.0,35.6,2000.0,70.0
천연동,서대문구,행정동,37.56955821388856,126.95832690865844,오피스텔,월세,1035,높음,자치구,94.6,월환산,94.6,78.6,104.6,3.75334,0.24914,4.597,19.2,16.6,25.4,1000.0,80.0
천연동,서대문구,행정동,37.56955821388856,126.95832690865844,단독다가구,전세,21,보통,해당지역,17000.0,보증금,16609.5,9000.0,24000.0,5.79677,1.02944,388.937,35.0,25.0,58.3,17000.0,0.0
천연동,서대문구,행정동,37.56955821388856,126.95832690865844,아파트,전세,152,높음,해당지역,60000.0,보증금,60582.3,50850.0,68250.0,7.06018,0.91576,819.114,75.7,57.8,84.9,60000.0,0.0
천연동,서대문구,행정동,37.56955821388856,126.95832690865844,연립다세대,전세,695,높음,자치구,19500.0,보증금,20676.7,14300.0,25450.0,8.32335,0.39567,396.376,48.0,31.8,60.0,19500.0,0.0
천연동,서대문구,행정동,37.56955821388856,126.95832690865844,오피스텔,전세,160,높음,자치구,20000.0,보증금,21305.2,17000.0,23025.0,7.86406,0.6392,815.535,22.2,17.6,28.8,20000.0,0.0
충현동,서대문구,행정동,37.562407055012095,126.95982692182679,단독다가구,매매,10,보통,해당지역,132800.0,매매가,124310.0,125875.0,138350.0,,,938.778,132.7,77.8,164.9,,
충현동,서대문구,행정동,37.562407055012095,126.95982692182679,아파트,매매,48,높음,해당지역,133000.0,매매가,125685.4,65250.0,179500.0,7.56221,0.96208,1575.854,78.4,56.0,84.7,,
충현동,서대문구,행정동,37.562407055012095,126.95982692182679,연립다세대,매매,84,높음,해당지역,68500.0,매매가,76846.4,30280.8,122400.0,7.37884,0.94074,1245.868,50.4,26.1,70.0,,
충현동,서대문구,행정동,37.562407055012095,126.95982692182679,오피스텔,매매,27,보통,해당지역,24400.0,매매가,25253.7,18950.0,27750.0,6.35878,1.04431,692.551,34.6,29.3,41.6,,
충현동,서대문구,행정동,37.562407055012095,126.95982692182679,단독다가구,월세,57,높음,해당지역,64.6,월환산,72.3,54.6,84.2,3.5824,0.18662,2.359,35.0,19.8,46.4,1000.0,57.0
충현동,서대문구,행정동,37.562407055012095,126.95982692182679,아파트,월세,396,높음,해당지역,70.7,월환산,119.2,60.3,124.4,1.15285,0.9912,3.387,26.5,17.7,45.8,5914.0,43.0
충현동,서대문구,행정동,37.562407055012095,126.95982692182679,연립다세대,월세,68,높음,해당지역,81.4,월환산,113.0,60.2,147.3,2.95229,0.43192,2.353,43.1,21.6,59.5,3000.0,60.5
충현동,서대문구,행정동,37.562407055012095,126.95982692182679,오피스텔,월세,96,높음,해당지역,91.9,월환산,103.2,86.9,105.8,1.58696,0.87809,3.238,29.2,25.4,34.2,1750.0,80.0
충현동,서대문구,행정동,37.562407055012095,126.95982692182679,단독다가구,전세,16,보통,해당지역,13500.0,보증금,16125.0,11000.0,18250.0,,,319.136,51.5,26.4,76.2,13500.0,0.0
충현동,서대문구,행정동,37.562407055012095,126.95982692182679,아파트,전세,104,높음,해당지역,66000.0,보증금,61537.2,49900.0,75150.0,9.37761,0.36364,958.562,83.6,59.8,84.9,66000.0,0.0
충현동,서대문구,행정동,37.562407055012095,126.95982692182679,연립다세대,전세,94,높음,해당지역,20000.0,보증금,23666.2,15000.0,31375.0,7.32764,0.64942,379.72,53.6,41.8,72.6,20000.0,0.0
충현동,서대문구,행정동,37.562407055012095,126.95982692182679,오피스텔,전세,160,높음,자치구,20000.0,보증금,21305.2,17000.0,23025.0,7.86406,0.6392,815.535,22.2,17.6,28.8,20000.0,0.0
홍은1동,서대문구,행정동,37.59829605459367,126.94572195546671,단독다가구,매매,13,보통,법정동,76000.0,매매가,85271.3,60000.0,90000.0,,,410.269,176.5,152.6,198.5,,
홍은1동,서대문구,행정동,37.59829605459367,126.94572195546671,아파트,매매,193,높음,해당지역,74000.0,매매가,76031.9,60000.0,88000.0,9.38138,0.42106,994.586,84.8,59.8,85.0,,
홍은1동,서대문구,행정동,37.59829605459367,126.94572195546671,연립다세대,매매,35,높음,해당지역,25700.0,매매가,25418.6,22750.0,28000.0,10.03939,0.01678,733.668,34.6,23.7,54.0,,
홍은1동,서대문구,행정동,37.59829605459367,126.94572195546671,오피스텔,매매,169,높음,자치구,22000.0,매매가,24833.2,18000.0,30000.0,7.81506,0.67962,857.505,26.7,18.9,29.6,,
홍은1동,서대문구,행정동,37.59829605459367,126.94572195546671,단독다가구,월세,335,높음,법정동,52.3,월환산,58.4,44.0,66.5,2.82214,0.35224,1.963,29.8,18.0,42.0,1000.0,47.0
홍은1동,서대문구,행정동,37.59829605459367,126.94572195546671,아파트,월세,88,높음,해당지역,153.1,월환산,159.2,108.3,213.1,0.30522,1.13697,2.49,59.8,53.5,84.8,10503.5,69.5
홍은1동,서대문구,행정동,37.59829605459367,126.94572195546671,연립다세대,월세,24,보통,해당지역,61.2,월환산,62.4,49.7,78.3,2.90169,0.34275,1.764,30.4,22.8,43.1,4000.0,32.5
홍은1동,서대문구,행정동,37.59829605459367,126.94572195546671,오피스텔,월세,28,보통,법정동,49.0,월환산,64.6,41.5,71.6,1.41836,0.80696,2.306,28.3,21.4,29.7,1000.0,43.5
홍은1동,서대문구,행정동,37.59829605459367,126.94572195546671,단독다가구,전세,64,높음,법정동,10000.0,보증금,12038.3,7000.0,16325.0,6.14604,0.79295,246.622,45.8,33.2,64.5,10000.0,0.0
홍은1동,서대문구,행정동,37.59829605459367,126.94572195546671,아파트,전세,171,높음,해당지역,48000.0,보증금,47946.5,36000.0,58800.0,7.73,0.68818,594.114,84.8,59.9,85.0,48000.0,0.0
홍은1동,서대문구,행정동,37.59829605459367,126.94572195546671,연립다세대,전세,28,보통,해당지역,16000.0,보증금,15692.9,13750.0,18000.0,10.0009,-0.10582,505.936,30.6,27.0,44.4,16000.0,0.0
홍은1동,서대문구,행정동,37.59829605459367,126.94572195546671,오피스텔,전세,160,높음,자치구,20000.0,보증금,21305.2,17000.0,23025.0,7.86406,0.6392,815.535,22.2,17.6,28.8,20000.0,0.0
홍은2동,서대문구,행정동,37.585751543721486,126.93135868216099,단독다가구,매매,13,보통,법정동,76000.0,매매가,85271.3,60000.0,90000.0,,,410.269,176.5,152.6,198.5,,
홍은2동,서대문구,행정동,37.585751543721486,126.93135868216099,아파트,매매,145,높음,해당지역,74000.0,매매가,79640.0,60000.0,99000.0,10.64126,0.13803,1038.004,72.8,60.0,84.8,,
홍은2동,서대문구,행정동,37.585751543721486,126.93135868216099,연립다세대,매매,81,높음,해당지역,26500.0,매매가,28065.4,18000.0,35500.0,7.3798,0.6829,471.698,56.5,40.9,66.4,,
홍은2동,서대문구,행정동,37.585751543721486,126.93135868216099,오피스텔,매매,169,높음,자치구,22000.0,매매가,24833.2,18000.0,30000.0,7.81506,0.67962,857.505,26.7,18.9,29.6,,
홍은2동,서대문구,행정동,37.585751543721486,126.93135868216099,단독다가구,월세,335,높음,법정동,52.3,월환산,58.4,44.0,66.5,2.82214,0.35224,1.963,29.8,18.0,42.0,1000.0,47.0
홍은2동,서대문구,행정동,37.585751543721486,126.93135868216099,아파트,월세,33,높음,해당지역,232.2,월환산,248.0,172.9,291.7,3.2352,0.49894,3.413,77.5,60.0,85.0,20000.0,150.0
홍은2동,서대문구,행정동,37.585751543721486,126.93135868216099,연립다세대,월세,223,높음,해당지역,60.3,월환산,67.4,45.5,89.2,2.50177,0.45096,1.866,30.4,25.9,50.7,2000.0,43.0
홍은2동,서대문구,행정동,37.585751543721486,126.93135868216099,오피스텔,월세,28,보통,해당지역,49.0,월환산,64.6,41.5,71.6,1.41836,0.80696,2.306,28.3,21.4,29.7,1000.0,43.5
홍은2동,서대문구,행정동,37.585751543721486,126.93135868216099,단독다가구,전세,64,높음,법정동,10000.0,보증금,12038.3,7000.0,16325.0,6.14604,0.79295,246.622,45.8,33.2,64.5,10000.0,0.0
홍은2동,서대문구,행정동,37.585751543721486,126.93135868216099,아파트,전세,92,높음,해당지역,50000.0,보증금,50351.7,39837.5,59887.5,9.49604,0.29945,640.43,77.5,60.0,84.8,50000.0,0.0
홍은2동,서대문구,행정동,37.585751543721486,126.93135868216099,연립다세대,전세,79,높음,해당지역,18000.0,보증금,18279.4,12000.0,24000.0,8.49017,0.31864,322.529,49.2,37.4,59.6,18000.0,0.0
홍은2동,서대문구,행정동,37.585751543721486,126.93135868216099,오피스텔,전세,160,높음,자치구,20000.0,보증금,21305.2,17000.0,23025.0,7.86406,0.6392,815.535,22.2,17.6,28.8,20000.0,0.0
홍제1동,서대문구,행정동,37.5845751418108,126.94449966200474,단독다가구,매매,106,높음,자치구,119000.0,매매가,133669.5,85125.0,163467.5,9.4646,0.4477,877.109,149.7,83.9,202.2,,
홍제1동,서대문구,행정동,37.5845751418108,126.94449966200474,아파트,매매,239,높음,해당지역,95500.0,매매가,99012.8,74750.0,121500.0,9.74139,0.39669,1264.138,76.0,60.0,84.8,,
홍제1동,서대문구,행정동,37.5845751418108,126.94449966200474,연립다세대,매매,60,높음,해당지역,35400.0,매매가,35323.3,29750.0,42125.0,9.24284,0.31181,789.856,48.2,35.1,57.8,,
홍제1동,서대문구,행정동,37.5845751418108,126.94449966200474,오피스텔,매매,169,높음,자치구,22000.0,매매가,24833.2,18000.0,30000.0,7.81506,0.67962,857.505,26.7,18.9,29.6,,
홍제1동,서대문구,행정동,37.5845751418108,126.94449966200474,단독다가구,월세,263,높음,법정동,60.1,월환산,64.2,47.3,74.9,3.12443,0.27555,1.758,36.2,25.6,46.1,1100.0,50.0
홍제1동,서대문구,행정동,37.5845751418108,126.94449966200474,아파트,월세,126,높음,해당지역,181.7,월환산,187.9,88.8,267.1,0.21452,1.18351,2.703,60.1,55.0,84.8,15000.0,88.0
홍제1동,서대문구,행정동,37.5845751418108,126.94449966200474,연립다세대,월세,64,높음,해당지역,80.7,월환산,83.1,63.4,102.9,2.7578,0.42282,1.66,44.7,34.1,55.4,5000.0,52.0
홍제1동,서대문구,행정동,37.5845751418108,126.94449966200474,오피스텔,월세,23,보통,해당지역,103.8,월환산,104.1,94.4,108.3,2.03224,0.81413,4.239,23.9,22.6,24.3,3000.0,90.0
홍제1동,서대문구,행정동,37.5845751418108,126.94449966200474,단독다가구,전세,84,높음,법정동,12000.0,보증금,13211.9,9000.0,17000.0,6.11993,0.86421,289.068,44.4,34.1,54.1,12000.0,0.0
홍제1동,서대문구,행정동,37.5845751418108,126.94449966200474,아파트,전세,186,높음,해당지역,48500.0,보증금,49531.0,35000.0,61000.0,7.53982,0.75753,669.967,60.1,59.9,84.8,48500.0,0.0
홍제1동,서대문구,행정동,37.5845751418108,126.94449966200474,연립다세대,전세,70,높음,해당지역,20000.0,보증금,18926.0,14300.0,22400.0,7.11839,0.68391,353.042,49.6,41.4,61.5,20000.0,0.0
홍제1동,서대문구,행정동,37.5845751418108,126.94449966200474,오피스텔,전세,23,보통,해당지역,21000.0,보증금,19934.8,18050.0,21000.0,7.31765,0.79734,790.441,27.2,22.2,27.3,21000.0,0.0
홍제2동,서대문구,행정동,37.58475556083966,126.95056192609513,단독다가구,매매,106,높음,자치구,119000.0,매매가,133669.5,85125.0,163467.5,9.4646,0.4477,877.109,149.7,83.9,202.2,,
홍제2동,서대문구,행정동,37.58475556083966,126.95056192609513,아파트,매매,109,높음,해당지역,105000.0,매매가,105113.8,96000.0,116000.0,9.66398,0.43289,1313.131,84.8,59.9,84.9,,
홍제2동,서대문구,행정동,37.58475556083966,126.95056192609513,연립다세대,매매,14,보통,해당지역,48500.0,매매가,45228.6,41925.0,52000.0,,,901.805,46.6,36.7,59.5,,
홍제2동,서대문구,행정동,37.58475556083966,126.95056192609513,오피스텔,매매,169,높음,자치구,22000.0,매매가,24833.2,18000.0,30000.0,7.81506,0.67962,857.505,26.7,18.9,29.6,,
홍제2동,서대문구,행정동,37.58475556083966,126.95056192609513,단독다가구,월세,263,높음,법정동,60.1,월환산,64.2,47.3,74.9,3.12443,0.27555,1.758,36.2,25.6,46.1,1100.0,50.0
홍제2동,서대문구,행정동,37.58475556083966,126.95056192609513,아파트,월세,38,높음,해당지역,208.3,월환산,211.3,180.5,239.6,2.31239,0.70947,3.028,59.9,59.9,84.8,20000.0,120.0
홍제2동,서대문구,행정동,37.58475556083966,126.95056192609513,연립다세대,월세,16,보통,해당지역,96.1,월환산,95.3,77.1,113.1,,,3.757,29.5,26.8,38.9,17500.0,20.0
홍제2동,서대문구,행정동,37.58475556083966,126.95056192609513,오피스텔,월세,23,보통,법정동,103.8,월환산,104.1,94.4,108.3,2.03224,0.81413,4.239,23.9,22.6,24.3,3000.0,90.0
홍제2동,서대문구,행정동,37.58475556083966,126.95056192609513,단독다가구,전세,84,높음,법정동,12000.0,보증금,13211.9,9000.0,17000.0,6.11993,0.86421,289.068,44.4,34.1,54.1,12000.0,0.0
홍제2동,서대문구,행정동,37.58475556083966,126.95056192609513,아파트,전세,119,높음,해당지역,52500.0,보증금,52197.1,45575.0,57750.0,8.17952,0.61033,673.401,84.8,59.9,84.9,52500.0,0.0
홍제2동,서대문구,행정동,37.58475556083966,126.95056192609513,연립다세대,전세,17,보통,해당지역,21400.0,보증금,23305.3,19500.0,24000.0,,,444.444,32.5,27.2,54.0,21400.0,0.0
홍제2동,서대문구,행정동,37.58475556083966,126.95056192609513,오피스텔,전세,23,보통,법정동,21000.0,보증금,19934.8,18050.0,21000.0,7.31765,0.79734,790.441,27.2,22.2,27.3,21000.0,0.0
홍제3동,서대문구,행정동,37.59123786534512,126.94806943606353,단독다가구,매매,106,높음,자치구,119000.0,매매가,133669.5,85125.0,163467.5,9.4646,0.4477,877.109,149.7,83.9,202.2,,
홍제3동,서대문구,행정동,37.59123786534512,126.94806943606353,아파트,매매,158,높음,해당지역,73500.0,매매가,85434.6,62500.0,90000.0,9.62623,0.38866,1000.118,69.8,59.9,85.0,,
홍제3동,서대문구,행정동,37.59123786534512,126.94806943606353,연립다세대,매매,17,보통,해당지역,39500.0,매매가,38189.1,27000.0,47000.0,,,607.354,48.3,39.1,59.4,,
홍제3동,서대문구,행정동,37.59123786534512,126.94806943606353,오피스텔,매매,169,높음,자치구,22000.0,매매가,24833.2,18000.0,30000.0,7.81506,0.67962,857.505,26.7,18.9,29.6,,
홍제3동,서대문구,행정동,37.59123786534512,126.94806943606353,단독다가구,월세,263,높음,법정동,60.1,월환산,64.2,47.3,74.9,3.12443,0.27555,1.758,36.2,25.6,46.1,1100.0,50.0
홍제3동,서대문구,행정동,37.59123786534512,126.94806943606353,아파트,월세,131,높음,해당지역,128.8,월환산,172.4,91.9,264.8,-1.29625,1.54672,2.461,59.9,39.4,83.5,12855.0,60.0
홍제3동,서대문구,행정동,37.59123786534512,126.94806943606353,연립다세대,월세,59,높음,해당지역,74.6,월환산,81.2,52.4,98.5,2.40557,0.5598,2.54,30.0,20.9,46.5,6000.0,42.0
홍제3동,서대문구,행정동,37.59123786534512,126.94806943606353,오피스텔,월세,23,보통,법정동,103.8,월환산,104.1,94.4,108.3,2.03224,0.81413,4.239,23.9,22.6,24.3,3000.0,90.0
홍제3동,서대문구,행정동,37.59123786534512,126.94806943606353,단독다가구,전세,84,높음,법정동,12000.0,보증금,13211.9,9000.0,17000.0,6.11993,0.86421,289.068,44.4,34.1,54.1,12000.0,0.0
홍제3동,서대문구,행정동,37.59123786534512,126.94806943606353,아파트,전세,140,높음,해당지역,63000.0,보증금,60156.1,44587.5,75000.0,7.68932,0.75527,864.626,84.9,60.0,85.0,63000.0,0.0
홍제3동,서대문구,행정동,37.59123786534512,126.94806943606353,연립다세대,전세,30,높음,해당지역,17700.0,보증금,19719.2,14550.0,22375.0,8.41372,0.3818,444.267,45.6,28.3,55.6,17700.0,0.0
홍제3동,서대문구,행정동,37.59123786534512,126.94806943606353,오피스텔,전세,23,보통,법정동,21000.0,보증금,19934.8,18050.0,21000.0,7.31765,0.79734,790.441,27.2,22.2,27.3,21000.0,0.0
내곡동,서초구,행정동,37.451397726918096,127.05876144157062,단독다가구,매매,35,높음,자치구,340000.0,매매가,366666.6,290000.0,410000.0,10.71194,0.36383,1157.729,247.9,212.3,350.3,,
내곡동,서초구,행정동,37.451397726918096,127.05876144157062,아파트,매매,39,높음,해당지역,193000.0,매매가,193312.8,181250.0,200000.0,10.89926,0.28137,2107.008,101.3,84.4,114.7,,
내곡동,서초구,행정동,37.451397726918096,127.05876144157062,연립다세대,매매,911,높음,자치구,64700.0,매매가,73535.1,46000.0,85500.0,8.23037,0.75757,1539.162,41.8,29.5,58.5,,
내곡동,서초구,행정동,37.451397726918096,127.05876144157062,오피스텔,매매,14,보통,해당지역,21400.0,매매가,23192.9,15925.0,27875.0,,,849.041,24.0,21.4,27.3,,
내곡동,서초구,행정동,37.451397726918096,127.05876144157062,단독다가구,월세,31,높음,해당지역,168.8,월환산,174.6,121.7,220.4,2.64009,0.56165,2.846,54.3,46.7,94.3,5000.0,120.0
내곡동,서초구,행정동,37.451397726918096,127.05876144157062,아파트,월세,106,높음,해당지역,73.4,월환산,218.8,62.9,395.6,-5.46138,2.53943,1.57,50.0,49.3,84.4,10000.0,43.5
내곡동,서초구,행정동,37.451397726918096,127.05876144157062,연립다세대,월세,2397,높음,자치구,112.9,월환산,137.7,78.2,158.4,2.33695,0.67919,3.365,30.5,25.0,49.0,5250.0,64.0
내곡동,서초구,행정동,37.451397726918096,127.05876144157062,오피스텔,월세,102,높음,해당지역,84.6,월환산,87.0,74.6,91.9,1.95189,0.79154,3.712,21.7,21.3,26.7,1000.0,69.0
내곡동,서초구,행정동,37.451397726918096,127.05876144157062,단독다가구,전세,20,보통,해당지역,40087.5,보증금,48667.5,36500.0,60500.0,6.20761,1.02278,649.634,74.9,53.5,103.6,40087.5,0.0
내곡동,서초구,행정동,37.451397726918096,127.05876144157062,아파트,전세,282,높음,해당지역,52500.0,보증금,61476.1,42510.0,87787.5,4.47507,1.53834,860.701,60.0,59.6,84.4,52500.0,0.0
내곡동,서초구,행정동,37.451397726918096,127.05876144157062,연립다세대,전세,1797,높음,자치구,33000.0,보증금,36177.5,25200.0,43000.0,8.16895,0.59737,782.56,41.2,29.4,56.7,33000.0,0.0
내곡동,서초구,행정동,37.451397726918096,127.05876144157062,오피스텔,전세,17,보통,해당지역,26000.0,보증금,27693.5,20860.0,35700.0,,,811.288,27.3,26.6,44.4,26000.0,0.0
반포1동,서초구,행정동,37.505486283327926,127.01612743768705,단독다가구,매매,35,높음,자치구,340000.0,매매가,366666.6,290000.0,410000.0,10.71194,0.36383,1157.729,247.9,212.3,350.3,,
반포1동,서초구,행정동,37.505486283327926,127.01612743768705,아파트,매매,93,높음,해당지역,428000.0,매매가,430882.8,342000.0,520000.0,9.75586,0.68829,4681.4,84.9,60.0,130.9,,
반포1동,서초구,행정동,37.505486283327926,127.01612743768705,연립다세대,매매,94,높음,해당지역,66600.0,매매가,68077.3,52000.0,80750.0,9.22473,0.50928,1750.487,36.0,26.5,45.1,,
반포1동,서초구,행정동,37.505486283327926,127.01612743768705,오피스텔,매매,469,높음,자치구,35000.0,매매가,58685.9,23000.0,100362.0,4.60064,1.6592,1013.202,39.6,27.9,50.4,,
반포1동,서초구,행정동,37.505486283327926,127.01612743768705,단독다가구,월세,453,높음,법정동,74.6,월환산,93.6,62.3,94.6,2.0704,0.66995,2.56,30.0,24.0,39.7,1000.0,65.0
반포1동,서초구,행정동,37.505486283327926,127.01612743768705,아파트,월세,225,높음,해당지역,670.8,월환산,669.6,538.3,755.8,1.34426,1.14943,8.168,84.9,60.0,85.0,70000.0,300.0
반포1동,서초구,행정동,37.505486283327926,127.01612743768705,연립다세대,월세,203,높음,해당지역,90.3,월환산,105.1,76.2,130.4,3.05572,0.44104,3.172,29.6,24.2,43.8,1271.0,75.0
반포1동,서초구,행정동,37.505486283327926,127.01612743768705,오피스텔,월세,1349,높음,자치구,97.5,월환산,116.2,84.6,124.6,1.9724,0.83707,4.2,24.1,19.9,29.0,1000.0,82.0
반포1동,서초구,행정동,37.505486283327926,127.01612743768705,단독다가구,전세,33,높음,법정동,18000.0,보증금,21384.3,14000.0,30000.0,7.44636,0.63838,423.077,43.3,27.0,54.9,18000.0,0.0
반포1동,서초구,행정동,37.505486283327926,127.01612743768705,아파트,전세,227,높음,해당지역,154000.0,보증금,151265.4,116500.0,171500.0,7.06624,1.07805,1853.552,84.9,60.0,85.0,154000.0,0.0
반포1동,서초구,행정동,37.505486283327926,127.01612743768705,연립다세대,전세,171,높음,해당지역,25000.0,보증금,26325.2,18000.0,31985.0,8.12918,0.55228,697.865,29.9,25.3,47.8,25000.0,0.0
반포1동,서초구,행정동,37.505486283327926,127.01612743768705,오피스텔,전세,342,높음,자치구,24000.0,보증금,28065.8,18900.0,32000.0,6.90328,0.96539,893.327,25.1,20.2,38.8,24000.0,0.0
반포2동,서초구,행정동,37.504410098086176,126.99634514834794,단독다가구,매매,35,높음,자치구,340000.0,매매가,366666.6,290000.0,410000.0,10.71194,0.36383,1157.729,247.9,212.3,350.3,,
반포2동,서초구,행정동,37.504410098086176,126.99634514834794,아파트,매매,89,높음,해당지역,563000.0,매매가,615606.7,475000.0,730000.0,10.24567,0.66597,6589.786,85.0,84.8,117.0,,
반포2동,서초구,행정동,37.504410098086176,126.99634514834794,연립다세대,매매,143,높음,법정동,75000.0,매매가,94730.1,57000.0,104500.0,8.44302,0.73391,1683.168,43.4,28.7,68.7,,
반포2동,서초구,행정동,37.504410098086176,126.99634514834794,오피스텔,매매,469,높음,자치구,35000.0,매매가,58685.9,23000.0,100362.0,4.60064,1.6592,1013.202,39.6,27.9,50.4,,
반포2동,서초구,행정동,37.504410098086176,126.99634514834794,단독다가구,월세,453,높음,법정동,74.6,월환산,93.6,62.3,94.6,2.0704,0.66995,2.56,30.0,24.0,39.7,1000.0,65.0
반포2동,서초구,행정동,37.504410098086176,126.99634514834794,아파트,월세,275,높음,해당지역,745.8,월환산,826.1,611.4,987.5,2.4259,0.94928,9.398,84.9,60.0,102.0,60000.0,427.0
반포2동,서초구,행정동,37.504410098086176,126.99634514834794,연립다세대,월세,346,높음,법정동,124.6,월환산,204.3,84.6,212.9,1.45281,0.93223,3.35,41.4,26.7,65.0,3000.0,82.0
반포2동,서초구,행정동,37.504410098086176,126.99634514834794,오피스텔,월세,1349,높음,자치구,97.5,월환산,116.2,84.6,124.6,1.9724,0.83707,4.2,24.1,19.9,29.0,1000.0,82.0
반포2동,서초구,행정동,37.504410098086176,126.99634514834794,단독다가구,전세,33,높음,법정동,18000.0,보증금,21384.3,14000.0,30000.0,7.44636,0.63838,423.077,43.3,27.0,54.9,18000.0,0.0
반포2동,서초구,행정동,37.504410098086176,126.99634514834794,아파트,전세,318,높음,해당지역,168000.0,보증금,181709.9,121250.0,217500.0,6.97433,1.13943,2121.393,84.9,60.0,85.0,168000.0,0.0
반포2동,서초구,행정동,37.504410098086176,126.99634514834794,연립다세대,전세,249,높음,법정동,30000.0,보증금,37119.5,20000.0,43000.0,7.49797,0.76348,724.474,37.4,27.6,58.2,30000.0,0.0
반포2동,서초구,행정동,37.504410098086176,126.99634514834794,오피스텔,전세,342,높음,자치구,24000.0,보증금,28065.8,18900.0,32000.0,6.90328,0.96539,893.327,25.1,20.2,38.8,24000.0,0.0
반포3동,서초구,행정동,37.509781432539015,127.00544309926828,단독다가구,매매,35,높음,자치구,340000.0,매매가,366666.6,290000.0,410000.0,10.71194,0.36383,1157.729,247.9,212.3,350.3,,
반포3동,서초구,행정동,37.509781432539015,127.00544309926828,아파트,매매,98,높음,해당지역,413000.0,매매가,411250.0,318250.0,500000.0,8.72091,0.94726,4970.179,84.8,62.2,100.1,,
반포3동,서초구,행정동,37.509781432539015,127.00544309926828,연립다세대,매매,911,높음,자치구,64700.0,매매가,73535.1,46000.0,85500.0,8.23037,0.75757,1539.162,41.8,29.5,58.5,,
반포3동,서초구,행정동,37.509781432539015,127.00544309926828,오피스텔,매매,15,보통,법정동,28000.0,매매가,32653.3,26350.0,39200.0,,,886.282,31.4,26.5,31.4,,
반포3동,서초구,행정동,37.509781432539015,127.00544309926828,단독다가구,월세,98,높음,법정동,79.4,월환산,87.3,62.6,100.7,3.33221,0.2976,2.407,33.1,26.0,40.4,1000.0,70.0
반포3동,서초구,행정동,37.509781432539015,127.00544309926828,아파트,월세,324,높음,해당지역,411.3,월환산,494.3,265.2,731.9,1.82913,0.95987,5.414,84.9,68.9,98.4,40000.0,170.0
반포3동,서초구,행정동,37.509781432539015,127.00544309926828,연립다세대,월세,76,높음,법정동,109.1,월환산,121.4,85.9,140.5,3.48037,0.35686,3.365,34.0,23.0,44.6,2000.0,87.0
반포3동,서초구,행정동,37.509781432539015,127.00544309926828,오피스텔,월세,1349,높음,자치구,97.5,월환산,116.2,84.6,124.6,1.9724,0.83707,4.2,24.1,19.9,29.0,1000.0,82.0
반포3동,서초구,행정동,37.509781432539015,127.00544309926828,단독다가구,전세,12,보통,법정동,20500.0,보증금,26125.0,16125.0,32750.0,,,472.477,39.0,26.3,92.2,20500.0,0.0
반포3동,서초구,행정동,37.509781432539015,127.00544309926828,아파트,전세,353,높음,해당지역,105000.0,보증금,121318.1,77000.0,170000.0,8.56835,0.68641,1401.484,84.9,68.9,98.9,105000.0,0.0
반포3동,서초구,행정동,37.509781432539015,127.00544309926828,연립다세대,전세,22,보통,법정동,23100.0,보증금,27300.0,17000.0,33475.0,8.22649,0.5421,762.732,28.5,24.6,37.9,23100.0,0.0
반포3동,서초구,행정동,37.509781432539015,127.00544309926828,오피스텔,전세,342,높음,자치구,24000.0,보증금,28065.8,18900.0,32000.0,6.90328,0.96539,893.327,25.1,20.2,38.8,24000.0,0.0
반포4동,서초구,행정동,37.49853999886618,127.0018611348335,단독다가구,매매,35,높음,자치구,340000.0,매매가,366666.6,290000.0,410000.0,10.71194,0.36383,1157.729,247.9,212.3,350.3,,
반포4동,서초구,행정동,37.49853999886618,127.0018611348335,아파트,매매,63,높음,해당지역,215000.0,매매가,224830.2,186000.0,283000.0,11.53149,0.1613,2398.082,83.4,64.5,129.9,,
반포4동,서초구,행정동,37.49853999886618,127.0018611348335,연립다세대,매매,49,높음,해당지역,113000.0,매매가,145860.0,83000.0,159000.0,8.19131,0.80044,1503.993,83.4,65.2,118.8,,
반포4동,서초구,행정동,37.49853999886618,127.0018611348335,오피스텔,매매,469,높음,자치구,35000.0,매매가,58685.9,23000.0,100362.0,4.60064,1.6592,1013.202,39.6,27.9,50.4,,
반포4동,서초구,행정동,37.49853999886618,127.0018611348335,단독다가구,월세,453,높음,법정동,74.6,월환산,93.6,62.3,94.6,2.0704,0.66995,2.56,30.0,24.0,39.7,1000.0,65.0
반포4동,서초구,행정동,37.49853999886618,127.0018611348335,아파트,월세,126,높음,해당지역,387.7,월환산,439.2,302.6,530.8,1.142,1.06441,4.332,85.0,71.5,131.9,30000.0,160.0
반포4동,서초구,행정동,37.49853999886618,127.0018611348335,연립다세대,월세,143,높음,해당지역,256.6,월환산,345.1,145.3,439.6,1.6109,0.92892,3.601,65.3,46.3,129.8,14000.0,138.0
반포4동,서초구,행정동,37.49853999886618,127.0018611348335,오피스텔,월세,1349,높음,자치구,97.5,월환산,116.2,84.6,124.6,1.9724,0.83707,4.2,24.1,19.9,29.0,1000.0,82.0
반포4동,서초구,행정동,37.49853999886618,127.0018611348335,단독다가구,전세,33,높음,법정동,18000.0,보증금,21384.3,14000.0,30000.0,7.44636,0.63838,423.077,43.3,27.0,54.9,18000.0,0.0
반포4동,서초구,행정동,37.49853999886618,127.0018611348335,아파트,전세,124,높음,해당지역,73500.0,보증금,81702.2,63750.0,88500.0,7.23045,0.91407,928.084,85.0,70.4,85.0,73500.0,0.0
반포4동,서초구,행정동,37.49853999886618,127.0018611348335,연립다세대,전세,78,높음,해당지역,50000.0,보증금,60784.0,40125.0,66500.0,8.50332,0.58151,800.572,62.3,36.8,84.6,50000.0,0.0
반포4동,서초구,행정동,37.49853999886618,127.0018611348335,오피스텔,전세,342,높음,자치구,24000.0,보증금,28065.8,18900.0,32000.0,6.90328,0.96539,893.327,25.1,20.2,38.8,24000.0,0.0
반포본동,서초구,행정동,,,단독다가구,매매,35,높음,자치구,340000.0,매매가,366666.6,290000.0,410000.0,10.71194,0.36383,1157.729,247.9,212.3,350.3,,
반포본동,서초구,행정동,,,아파트,매매,245,높음,법정동,428000.0,매매가,445001.6,290000.0,575000.0,10.36861,0.54979,4707.71,85.0,64.5,129.9,,
반포본동,서초구,행정동,,,연립다세대,매매,143,높음,법정동,75000.0,매매가,94730.1,57000.0,104500.0,8.44302,0.73391,1683.168,43.4,28.7,68.7,,
반포본동,서초구,행정동,,,오피스텔,매매,469,높음,자치구,35000.0,매매가,58685.9,23000.0,100362.0,4.60064,1.6592,1013.202,39.6,27.9,50.4,,
반포본동,서초구,행정동,,,단독다가구,월세,453,높음,법정동,74.6,월환산,93.6,62.3,94.6,2.0704,0.66995,2.56,30.0,24.0,39.7,1000.0,65.0
반포본동,서초구,행정동,,,아파트,월세,627,높음,법정동,667.5,월환산,691.3,476.2,810.2,2.19181,0.95074,8.169,84.9,60.0,102.0,50000.0,320.0
반포본동,서초구,행정동,,,연립다세대,월세,346,높음,법정동,124.6,월환산,204.3,84.6,212.9,1.45281,0.93223,3.35,41.4,26.7,65.0,3000.0,82.0
반포본동,서초구,행정동,,,오피스텔,월세,1349,높음,자치구,97.5,월환산,116.2,84.6,124.6,1.9724,0.83707,4.2,24.1,19.9,29.0,1000.0,82.0
반포본동,서초구,행정동,,,단독다가구,전세,33,높음,법정동,18000.0,보증금,21384.3,14000.0,30000.0,7.44636,0.63838,423.077,43.3,27.0,54.9,18000.0,0.0
반포본동,서초구,행정동,,,아파트,전세,669,높음,법정동,145000.0,보증금,152843.2,83000.0,180000.0,7.01518,1.08546,1847.776,84.9,60.0,85.0,145000.0,0.0
반포본동,서초구,행정동,,,연립다세대,전세,249,높음,법정동,30000.0,보증금,37119.5,20000.0,43000.0,7.49797,0.76348,724.474,37.4,27.6,58.2,30000.0,0.0
반포본동,서초구,행정동,,,오피스텔,전세,342,높음,자치구,24000.0,보증금,28065.8,18900.0,32000.0,6.90328,0.96539,893.327,25.1,20.2,38.8,24000.0,0.0
방배1동,서초구,행정동,37.484672156014106,126.99458291356636,단독다가구,매매,18,보통,법정동,297500.0,매매가,318611.1,265500.0,373000.0,,,1152.216,247.2,213.9,317.7,,
방배1동,서초구,행정동,37.484672156014106,126.99458291356636,아파트,매매,40,높음,해당지역,255500.0,매매가,227962.5,122875.0,302000.0,7.95941,0.92174,1825.79,85.0,60.1,164.2,,
방배1동,서초구,행정동,37.484672156014106,126.99458291356636,연립다세대,매매,114,높음,해당지역,61500.0,매매가,66469.7,47500.0,79400.0,8.19312,0.77951,1621.901,35.4,28.3,53.4,,
방배1동,서초구,행정동,37.484672156014106,126.99458291356636,오피스텔,매매,30,높음,법정동,42350.0,매매가,72951.7,34625.0,104375.0,3.56614,1.96668,1157.955,39.6,30.8,49.9,,
방배1동,서초구,행정동,37.484672156014106,126.99458291356636,단독다가구,월세,564,높음,법정동,84.7,월환산,99.5,64.6,122.9,2.13942,0.64109,2.319,40.3,26.4,52.4,3000.0,60.0
방배1동,서초구,행정동,37.484672156014106,126.99458291356636,아파트,월세,53,높음,해당지역,345.8,월환산,349.0,194.9,459.2,2.85378,0.72208,5.929,60.0,32.4,85.0,30000.0,140.0
방배1동,서초구,행정동,37.484672156014106,126.99458291356636,연립다세대,월세,288,높음,해당지역,108.5,월환산,121.5,74.4,157.5,2.27378,0.70803,3.54,28.6,21.8,42.1,5800.0,60.0
방배1동,서초구,행정동,37.484672156014106,126.99458291356636,오피스텔,월세,52,높음,법정동,124.4,월환산,124.6,93.5,137.2,2.15247,0.77274,4.23,28.6,24.9,30.0,3000.0,97.5
방배1동,서초구,행정동,37.484672156014106,126.99458291356636,단독다가구,전세,160,높음,법정동,26500.0,보증금,28209.7,17000.0,35500.0,7.38012,0.68756,508.893,51.5,43.0,70.5,26500.0,0.0
방배1동,서초구,행정동,37.484672156014106,126.99458291356636,아파트,전세,92,높음,해당지역,88750.0,보증금,95201.4,65000.0,110000.0,8.55919,0.65449,1212.323,84.9,48.2,88.2,88750.0,0.0
방배1동,서초구,행정동,37.484672156014106,126.99458291356636,연립다세대,전세,197,높음,해당지역,32000.0,보증금,34160.2,26000.0,43000.0,8.07703,0.6257,841.908,39.3,29.3,52.8,32000.0,0.0
방배1동,서초구,행정동,37.484672156014106,126.99458291356636,오피스텔,전세,26,보통,법정동,36750.0,보증금,37590.0,30000.0,41500.0,7.65039,0.80839,1190.953,28.3,25.2,37.7,36750.0,0.0
방배2동,서초구,행정동,37.48048364888718,126.9853532687457,단독다가구,매매,18,보통,법정동,297500.0,매매가,318611.1,265500.0,373000.0,,,1152.216,247.2,213.9,317.7,,
방배2동,서초구,행정동,37.48048364888718,126.9853532687457,아파트,매매,36,높음,해당지역,221250.0,매매가,238477.8,182000.0,273750.0,10.13057,0.4801,2440.129,85.0,84.9,118.3,,
방배2동,서초구,행정동,37.48048364888718,126.9853532687457,연립다세대,매매,46,높음,해당지역,70500.0,매매가,83825.0,57125.0,93750.0,9.27171,0.5159,1822.216,41.7,37.1,57.8,,
방배2동,서초구,행정동,37.48048364888718,126.9853532687457,오피스텔,매매,10,보통,해당지역,120500.0,매매가,103395.0,66500.0,126687.5,,,2378.896,50.4,39.0,50.8,,
방배2동,서초구,행정동,37.48048364888718,126.9853532687457,단독다가구,월세,564,높음,법정동,84.7,월환산,99.5,64.6,122.9,2.13942,0.64109,2.319,40.3,26.4,52.4,3000.0,60.0
방배2동,서초구,행정동,37.48048364888718,126.9853532687457,아파트,월세,49,높음,해당지역,374.6,월환산,415.2,323.3,498.3,3.94937,0.45526,4.252,84.9,80.2,85.0,50000.0,160.0
방배2동,서초구,행정동,37.48048364888718,126.9853532687457,연립다세대,월세,143,높음,해당지역,103.8,월환산,120.6,73.7,156.0,2.63836,0.57227,3.132,35.2,23.3,51.0,7000.0,57.0
방배2동,서초구,행정동,37.48048364888718,126.9853532687457,오피스텔,월세,52,높음,법정동,124.4,월환산,124.6,93.5,137.2,2.15247,0.77274,4.23,28.6,24.9,30.0,3000.0,97.5
방배2동,서초구,행정동,37.48048364888718,126.9853532687457,단독다가구,전세,160,높음,법정동,26500.0,보증금,28209.7,17000.0,35500.0,7.38012,0.68756,508.893,51.5,43.0,70.5,26500.0,0.0
방배2동,서초구,행정동,37.48048364888718,126.9853532687457,아파트,전세,89,높음,해당지역,88500.0,보증금,94515.1,63000.0,122800.0,7.01193,0.98328,1014.015,84.9,60.0,104.8,88500.0,0.0
방배2동,서초구,행정동,37.48048364888718,126.9853532687457,연립다세대,전세,124,높음,해당지역,36000.0,보증금,36653.0,28750.0,41756.2,9.30171,0.29063,699.147,51.1,38.7,61.7,36000.0,0.0
방배2동,서초구,행정동,37.48048364888718,126.9853532687457,오피스텔,전세,26,보통,법정동,36750.0,보증금,37590.0,30000.0,41500.0,7.65039,0.80839,1190.953,28.3,25.2,37.7,36750.0,0.0
방배3동,서초구,행정동,37.47724658625477,126.99827603120038,단독다가구,매매,18,보통,법정동,297500.0,매매가,318611.1,265500.0,373000.0,,,1152.216,247.2,213.9,317.7,,
방배3동,서초구,행정동,37.47724658625477,126.99827603120038,아파트,매매,74,높음,해당지역,241500.0,매매가,234148.6,195875.0,278250.0,10.70435,0.35003,2147.481,85.0,84.7,128.2,,
방배3동,서초구,행정동,37.47724658625477,126.99827603120038,연립다세대,매매,24,보통,해당지역,55500.0,매매가,74572.9,41125.0,87750.0,6.36419,1.2308,1405.084,47.4,34.5,60.9,,
방배3동,서초구,행정동,37.47724658625477,126.99827603120038,오피스텔,매매,30,높음,법정동,42350.0,매매가,72951.7,34625.0,104375.0,3.56614,1.96668,1157.955,39.6,30.8,49.9,,
방배3동,서초구,행정동,37.47724658625477,126.99827603120038,단독다가구,월세,564,높음,법정동,84.7,월환산,99.5,64.6,122.9,2.13942,0.64109,2.319,40.3,26.4,52.4,3000.0,60.0
방배3동,서초구,행정동,37.47724658625477,126.99827603120038,아파트,월세,108,높음,해당지역,444.2,월환산,432.1,281.4,549.2,1.41539,0.99821,3.949,85.0,67.5,127.3,50000.0,135.0
방배3동,서초구,행정동,37.47724658625477,126.99827603120038,연립다세대,월세,39,높음,해당지역,119.6,월환산,150.1,96.2,196.6,2.27625,0.71308,3.594,39.2,25.0,54.0,17000.0,51.0
방배3동,서초구,행정동,37.47724658625477,126.99827603120038,오피스텔,월세,14,보통,해당지역,72.1,월환산,80.0,64.6,90.5,,,2.69,28.8,26.7,28.8,1000.0,64.0
방배3동,서초구,행정동,37.47724658625477,126.99827603120038,단독다가구,전세,160,높음,법정동,26500.0,보증금,28209.7,17000.0,35500.0,7.38012,0.68756,508.893,51.5,43.0,70.5,26500.0,0.0
방배3동,서초구,행정동,37.47724658625477,126.99827603120038,아파트,전세,128,높음,해당지역,110000.0,보증금,109560.3,80000.0,130000.0,8.83878,0.5897,975.419,85.0,84.6,126.6,110000.0,0.0
방배3동,서초구,행정동,37.47724658625477,126.99827603120038,연립다세대,전세,33,높음,해당지역,35000.0,보증금,40106.8,29400.0,50000.0,8.00917,0.64827,795.983,46.8,38.7,59.8,35000.0,0.0
방배3동,서초구,행정동,37.47724658625477,126.99827603120038,오피스텔,전세,26,보통,법정동,36750.0,보증금,37590.0,30000.0,41500.0,7.65039,0.80839,1190.953,28.3,25.2,37.7,36750.0,0.0
방배4동,서초구,행정동,37.48928684132775,126.98940796578619,단독다가구,매매,18,보통,법정동,297500.0,매매가,318611.1,265500.0,373000.0,,,1152.216,247.2,213.9,317.7,,
방배4동,서초구,행정동,37.48928684132775,126.98940796578619,아파트,매매,91,높음,해당지역,166000.0,매매가,162204.4,73500.0,221500.0,6.77822,1.14789,1696.353,75.3,41.6,118.2,,
방배4동,서초구,행정동,37.48928684132775,126.98940796578619,연립다세대,매매,110,높음,해당지역,69750.0,매매가,73270.0,51000.0,90750.0,8.77161,0.62013,1570.448,45.1,29.9,58.3,,
방배4동,서초구,행정동,37.48928684132775,126.98940796578619,오피스텔,매매,30,높음,법정동,42350.0,매매가,72951.7,34625.0,104375.0,3.56614,1.96668,1157.955,39.6,30.8,49.9,,
방배4동,서초구,행정동,37.48928684132775,126.98940796578619,단독다가구,월세,564,높음,법정동,84.7,월환산,99.5,64.6,122.9,2.13942,0.64109,2.319,40.3,26.4,52.4,3000.0,60.0
방배4동,서초구,행정동,37.48928684132775,126.98940796578619,아파트,월세,127,높음,해당지역,429.2,월환산,479.6,270.2,617.5,1.91131,0.91751,4.806,84.4,59.9,139.0,20000.0,200.0
방배4동,서초구,행정동,37.48928684132775,126.98940796578619,연립다세대,월세,277,높음,해당지역,122.9,월환산,134.9,78.6,167.5,2.5385,0.63653,3.475,33.3,22.2,50.8,5000.0,65.0
방배4동,서초구,행정동,37.48928684132775,126.98940796578619,오피스텔,월세,52,높음,법정동,124.4,월환산,124.6,93.5,137.2,2.15247,0.77274,4.23,28.6,24.9,30.0,3000.0,97.5
방배4동,서초구,행정동,37.48928684132775,126.98940796578619,단독다가구,전세,160,높음,법정동,26500.0,보증금,28209.7,17000.0,35500.0,7.38012,0.68756,508.893,51.5,43.0,70.5,26500.0,0.0
방배4동,서초구,행정동,37.48928684132775,126.98940796578619,아파트,전세,76,높음,해당지역,100000.0,보증금,106666.1,74500.0,110000.0,7.48889,0.8982,1182.582,84.7,59.9,111.5,100000.0,0.0
방배4동,서초구,행정동,37.48928684132775,126.98940796578619,연립다세대,전세,199,높음,해당지역,38580.0,보증금,41203.6,29000.0,50000.0,8.14037,0.63203,851.763,45.4,30.0,58.3,38580.0,0.0
방배4동,서초구,행정동,37.48928684132775,126.98940796578619,오피스텔,전세,26,보통,법정동,36750.0,보증금,37590.0,30000.0,41500.0,7.65039,0.80839,1190.953,28.3,25.2,37.7,36750.0,0.0
방배본동,서초구,행정동,37.49485764832187,126.98640181888892,단독다가구,매매,18,보통,법정동,297500.0,매매가,318611.1,265500.0,373000.0,,,1152.216,247.2,213.9,317.7,,
방배본동,서초구,행정동,37.49485764832187,126.98640181888892,아파트,매매,48,높음,해당지역,267750.0,매매가,286145.8,241500.0,297000.0,9.7182,0.57387,2113.189,129.7,104.7,165.9,,
방배본동,서초구,행정동,37.49485764832187,126.98640181888892,연립다세대,매매,54,높음,해당지역,70500.0,매매가,81175.6,42970.0,92125.0,7.88626,0.8749,1750.455,39.8,27.5,56.6,,
방배본동,서초구,행정동,37.49485764832187,126.98640181888892,오피스텔,매매,30,높음,법정동,42350.0,매매가,72951.7,34625.0,104375.0,3.56614,1.96668,1157.955,39.6,30.8,49.9,,
방배본동,서초구,행정동,37.49485764832187,126.98640181888892,단독다가구,월세,564,높음,법정동,84.7,월환산,99.5,64.6,122.9,2.13942,0.64109,2.319,40.3,26.4,52.4,3000.0,60.0
방배본동,서초구,행정동,37.49485764832187,126.98640181888892,아파트,월세,69,높음,해당지역,421.5,월환산,463.8,263.3,522.5,0.68716,1.10945,3.235,117.0,81.4,149.2,40000.0,150.0
방배본동,서초구,행정동,37.49485764832187,126.98640181888892,연립다세대,월세,125,높음,해당지역,127.9,월환산,165.8,89.2,165.8,1.8737,0.80993,3.025,42.9,29.1,52.0,10000.0,60.0
방배본동,서초구,행정동,37.49485764832187,126.98640181888892,오피스텔,월세,23,보통,해당지역,130.6,월환산,139.8,120.3,135.7,2.21699,0.79418,4.602,25.4,24.0,30.6,3600.0,110.0
방배본동,서초구,행정동,37.49485764832187,126.98640181888892,단독다가구,전세,160,높음,법정동,26500.0,보증금,28209.7,17000.0,35500.0,7.38012,0.68756,508.893,51.5,43.0,70.5,26500.0,0.0
방배본동,서초구,행정동,37.49485764832187,126.98640181888892,아파트,전세,92,높음,해당지역,110125.0,보증금,113222.8,80000.0,136875.0,7.31272,0.88673,813.439,125.1,84.9,160.5,110125.0,0.0
방배본동,서초구,행정동,37.49485764832187,126.98640181888892,연립다세대,전세,124,높음,해당지역,32750.0,보증금,38389.6,24875.0,39800.0,7.74615,0.71423,768.822,39.9,29.4,52.9,32750.0,0.0
방배본동,서초구,행정동,37.49485764832187,126.98640181888892,오피스텔,전세,16,보통,해당지역,32750.0,보증금,39919.4,30000.0,43500.0,,,1184.609,30.6,24.8,43.5,32750.0,0.0
서초1동,서초구,행정동,37.48898265932384,127.018920680406,단독다가구,매매,35,높음,자치구,340000.0,매매가,366666.6,290000.0,410000.0,10.71194,0.36383,1157.729,247.9,212.3,350.3,,
서초1동,서초구,행정동,37.48898265932384,127.018920680406,아파트,매매,107,높음,해당지역,82000.0,매매가,117779.0,52500.0,177500.0,6.67591,1.16411,1494.514,53.0,45.3,85.0,,
서초1동,서초구,행정동,37.48898265932384,127.018920680406,연립다세대,매매,49,높음,해당지역,39900.0,매매가,48787.8,34200.0,62000.0,7.27569,0.95355,1235.805,29.9,28.8,43.1,,
서초1동,서초구,행정동,37.48898265932384,127.018920680406,오피스텔,매매,26,보통,해당지역,38000.0,매매가,39310.1,28750.0,44346.5,6.73337,1.04986,996.576,38.9,25.5,48.1,,
서초1동,서초구,행정동,37.48898265932384,127.018920680406,단독다가구,월세,348,높음,법정동,76.7,월환산,94.0,64.3,104.6,2.16029,0.64332,2.512,33.0,24.5,45.6,2000.0,62.5
서초1동,서초구,행정동,37.48898265932384,127.018920680406,아파트,월세,183,높음,해당지역,192.9,월환산,263.9,144.0,372.5,2.17508,0.81684,3.937,49.7,35.3,84.2,10000.0,140.0
서초1동,서초구,행정동,37.48898265932384,127.018920680406,연립다세대,월세,139,높음,해당지역,121.4,월환산,127.0,82.7,151.3,2.53187,0.64638,3.841,29.4,25.4,37.6,9000.0,60.0
서초1동,서초구,행정동,37.48898265932384,127.018920680406,오피스텔,월세,78,높음,해당지역,119.4,월환산,133.0,85.6,139.6,1.655,0.95012,4.216,24.2,18.6,38.9,1000.0,96.5
서초1동,서초구,행정동,37.48898265932384,127.018920680406,단독다가구,전세,58,높음,법정동,23550.0,보증금,27336.2,16500.0,35000.0,5.33902,1.22982,575.653,44.2,29.8,59.8,23550.0,0.0
서초1동,서초구,행정동,37.48898265932384,127.018920680406,아파트,전세,142,높음,해당지역,57750.0,보증금,69352.6,37575.0,91262.5,7.7356,0.80364,993.12,59.6,33.7,85.0,57750.0,0.0
서초1동,서초구,행정동,37.48898265932384,127.018920680406,연립다세대,전세,101,높음,해당지역,32000.0,보증금,32845.0,27200.0,36000.0,8.47069,0.53159,978.115,29.6,28.2,41.3,32000.0,0.0
서초1동,서초구,행정동,37.48898265932384,127.018920680406,오피스텔,전세,35,높음,해당지역,52000.0,보증금,42930.3,30450.0,55750.0,7.35775,0.90008,1247.031,42.1,37.6,44.0,52000.0,0.0
서초2동,서초구,행정동,37.49039878752257,127.02876319694334,단독다가구,매매,35,높음,자치구,340000.0,매매가,366666.6,290000.0,410000.0,10.71194,0.36383,1157.729,247.9,212.3,350.3,,
서초2동,서초구,행정동,37.49039878752257,127.02876319694334,아파트,매매,139,높음,해당지역,245000.0,매매가,230779.9,125500.0,330000.0,6.48282,1.31639,2904.909,74.9,59.9,84.9,,
서초2동,서초구,행정동,37.49039878752257,127.02876319694334,연립다세대,매매,10,보통,해당지역,53750.0,매매가,59450.0,37225.0,73000.0,,,1438.051,38.5,29.8,51.4,,
서초2동,서초구,행정동,37.49039878752257,127.02876319694334,오피스텔,매매,204,높음,해당지역,102035.0,매매가,86758.3,32775.0,124895.0,3.97417,1.85558,1978.084,50.4,39.6,64.0,,
서초2동,서초구,행정동,37.49039878752257,127.02876319694334,단독다가구,월세,348,높음,법정동,76.7,월환산,94.0,64.3,104.6,2.16029,0.64332,2.512,33.0,24.5,45.6,2000.0,62.5
서초2동,서초구,행정동,37.49039878752257,127.02876319694334,아파트,월세,412,높음,해당지역,207.5,월환산,333.8,120.8,549.6,1.3393,1.07222,4.725,59.9,27.5,84.5,19152.0,120.0
서초2동,서초구,행정동,37.49039878752257,127.02876319694334,연립다세대,월세,40,높음,해당지역,108.5,월환산,119.0,76.3,147.4,3.09382,0.46962,3.737,29.9,23.6,40.2,5000.0,70.5
서초2동,서초구,행정동,37.49039878752257,127.02876319694334,오피스텔,월세,477,높음,해당지역,109.8,월환산,130.6,94.6,149.6,2.31089,0.76551,4.688,26.1,20.7,31.5,1600.0,93.0
서초2동,서초구,행정동,37.49039878752257,127.02876319694334,단독다가구,전세,58,높음,법정동,23550.0,보증금,27336.2,16500.0,35000.0,5.33902,1.22982,575.653,44.2,29.8,59.8,23550.0,0.0
서초2동,서초구,행정동,37.49039878752257,127.02876319694334,아파트,전세,235,높음,해당지역,120750.0,보증금,114839.6,65000.0,157500.0,6.26373,1.21884,1403.538,83.6,60.0,85.0,120750.0,0.0
서초2동,서초구,행정동,37.49039878752257,127.02876319694334,연립다세대,전세,30,높음,해당지역,25500.0,보증금,25044.5,16121.2,31000.0,9.38679,0.18807,777.964,32.8,24.3,43.3,25500.0,0.0
서초2동,서초구,행정동,37.49039878752257,127.02876319694334,오피스텔,전세,102,높음,해당지역,20950.0,보증금,24484.7,19725.0,26000.0,7.69974,0.72195,929.29,23.8,19.4,33.0,20950.0,0.0
서초3동,서초구,행정동,37.486041477356295,127.01039520443408,단독다가구,매매,35,높음,자치구,340000.0,매매가,366666.6,290000.0,410000.0,10.71194,0.36383,1157.729,247.9,212.3,350.3,,
서초3동,서초구,행정동,37.486041477356295,127.01039520443408,아파트,매매,104,높음,해당지역,199000.0,매매가,173098.6,100000.0,229625.0,6.53767,1.19496,1720.489,84.6,58.5,133.9,,
서초3동,서초구,행정동,37.486041477356295,127.01039520443408,연립다세대,매매,128,높음,해당지역,66750.0,매매가,73193.9,43750.0,89250.0,8.41792,0.7097,1504.187,40.4,29.4,60.0,,
서초3동,서초구,행정동,37.486041477356295,127.01039520443408,오피스텔,매매,75,높음,해당지역,30500.0,매매가,37127.3,17500.0,36000.0,5.73618,1.30354,816.616,31.0,24.6,50.6,,
서초3동,서초구,행정동,37.486041477356295,127.01039520443408,단독다가구,월세,348,높음,법정동,76.7,월환산,94.0,64.3,104.6,2.16029,0.64332,2.512,33.0,24.5,45.6,2000.0,62.5
서초3동,서초구,행정동,37.486041477356295,127.01039520443408,아파트,월세,209,높음,해당지역,184.6,월환산,278.5,103.6,439.2,1.95583,0.89642,4.657,43.2,22.5,85.0,10000.0,120.0
서초3동,서초구,행정동,37.486041477356295,127.01039520443408,연립다세대,월세,245,높음,해당지역,129.8,월환산,144.0,89.2,180.8,2.72387,0.59487,3.786,30.0,24.8,51.4,7933.0,72.0
서초3동,서초구,행정동,37.486041477356295,127.01039520443408,오피스텔,월세,306,높음,해당지역,94.6,월환산,122.4,84.6,130.2,2.00643,0.83907,4.887,24.8,19.3,27.7,1000.0,81.0
서초3동,서초구,행정동,37.486041477356295,127.01039520443408,단독다가구,전세,58,높음,법정동,23550.0,보증금,27336.2,16500.0,35000.0,5.33902,1.22982,575.653,44.2,29.8,59.8,23550.0,0.0
서초3동,서초구,행정동,37.486041477356295,127.01039520443408,아파트,전세,180,높음,해당지역,90000.0,보증금,82870.6,34400.0,110125.0,7.27034,0.92267,1081.628,80.5,36.7,108.5,90000.0,0.0
서초3동,서초구,행정동,37.486041477356295,127.01039520443408,연립다세대,전세,175,높음,해당지역,37400.0,보증금,40170.4,28000.0,49750.0,8.3905,0.57156,1013.746,39.2,29.8,54.6,37400.0,0.0
서초3동,서초구,행정동,37.486041477356295,127.01039520443408,오피스텔,전세,85,높음,해당지역,24500.0,보증금,27898.9,13650.0,31000.0,6.42737,1.08373,850.051,24.2,20.5,37.1,24500.0,0.0
서초4동,서초구,행정동,37.499656520496,127.01980947369198,단독다가구,매매,35,높음,자치구,340000.0,매매가,366666.6,290000.0,410000.0,10.71194,0.36383,1157.729,247.9,212.3,350.3,,
서초4동,서초구,행정동,37.499656520496,127.01980947369198,아파트,매매,112,높음,해당지역,317000.0,매매가,305405.0,275000.0,352500.0,9.16424,0.73361,3065.315,104.2,84.8,131.7,,
서초4동,서초구,행정동,37.499656520496,127.01980947369198,연립다세대,매매,187,높음,법정동,59500.0,매매가,66063.8,39950.0,79000.0,7.95105,0.81461,1425.055,36.9,29.2,58.1,,
서초4동,서초구,행정동,37.499656520496,127.01980947369198,오피스텔,매매,57,높음,해당지역,27500.0,매매가,34611.6,21800.0,33000.0,6.67105,1.04987,931.79,32.6,28.3,34.2,,
서초4동,서초구,행정동,37.499656520496,127.01980947369198,단독다가구,월세,348,높음,법정동,76.7,월환산,94.0,64.3,104.6,2.16029,0.64332,2.512,33.0,24.5,45.6,2000.0,62.5
서초4동,서초구,행정동,37.499656520496,127.01980947369198,아파트,월세,327,높음,해당지역,497.5,월환산,497.1,399.0,586.0,3.03938,0.68992,5.227,85.0,79.5,111.3,45000.0,240.0
서초4동,서초구,행정동,37.499656520496,127.01980947369198,연립다세대,월세,426,높음,법정동,123.1,월환산,135.5,84.5,163.8,2.69066,0.60048,3.752,29.7,24.9,44.2,7587.5,70.0
서초4동,서초구,행정동,37.499656520496,127.01980947369198,오피스텔,월세,126,높음,해당지역,109.9,월환산,115.8,97.4,124.6,3.27076,0.44686,4.182,28.2,18.0,32.6,1000.0,93.0
서초4동,서초구,행정동,37.499656520496,127.01980947369198,단독다가구,전세,58,높음,법정동,23550.0,보증금,27336.2,16500.0,35000.0,5.33902,1.22982,575.653,44.2,29.8,59.8,23550.0,0.0
서초4동,서초구,행정동,37.499656520496,127.01980947369198,아파트,전세,352,높음,해당지역,108075.0,보증금,111334.6,85000.0,130000.0,8.08904,0.76632,1135.796,85.0,79.5,120.2,108075.0,0.0
서초4동,서초구,행정동,37.499656520496,127.01980947369198,연립다세대,전세,302,높음,법정동,33800.0,보증금,36099.5,26000.0,44000.0,8.38414,0.55668,965.745,34.3,28.5,50.7,33800.0,0.0
서초4동,서초구,행정동,37.499656520496,127.01980947369198,오피스텔,전세,30,높음,해당지역,22450.0,보증금,25358.3,19800.0,27087.5,8.01202,0.63558,924.167,29.2,18.0,33.0,22450.0,0.0
양재1동,서초구,행정동,37.468473849093336,127.0281842161038,단독다가구,매매,35,높음,자치구,340000.0,매매가,366666.6,290000.0,410000.0,10.71194,0.36383,1157.729,247.9,212.3,350.3,,
양재1동,서초구,행정동,37.468473849093336,127.0281842161038,아파트,매매,139,높음,해당지역,158500.0,매매가,144393.5,83000.0,195000.0,7.37744,1.05516,2171.377,73.2,51.9,84.8,,
양재1동,서초구,행정동,37.468473849093336,127.0281842161038,연립다세대,매매,63,높음,해당지역,66000.0,매매가,73123.8,53500.0,81500.0,8.2827,0.73058,1344.25,46.8,37.4,62.2,,
양재1동,서초구,행정동,37.468473849093336,127.0281842161038,오피스텔,매매,11,보통,해당지역,15900.0,매매가,31863.6,15000.0,26000.0,,,728.689,21.8,19.1,21.8,,
양재1동,서초구,행정동,37.468473849093336,127.0281842161038,단독다가구,월세,33,높음,해당지역,104.9,월환산,132.4,79.6,172.5,1.24953,0.91153,2.562,53.0,39.7,56.8,5000.0,75.0
양재1동,서초구,행정동,37.468473849093336,127.0281842161038,아파트,월세,546,높음,해당지역,196.4,월환산,189.4,58.2,292.6,-1.35433,1.55565,3.561,51.8,49.9,75.0,10500.0,56.5
양재1동,서초구,행정동,37.468473849093336,127.0281842161038,연립다세대,월세,273,높음,해당지역,92.8,월환산,110.9,75.0,129.6,3.5007,0.31088,2.806,32.8,26.5,48.0,7000.0,57.0
양재1동,서초구,행정동,37.468473849093336,127.0281842161038,오피스텔,월세,109,높음,해당지역,79.6,월환산,86.0,69.6,84.6,1.48306,0.9555,3.791,21.5,19.1,21.8,1000.0,65.0
양재1동,서초구,행정동,37.468473849093336,127.0281842161038,단독다가구,전세,373,높음,자치구,24300.0,보증금,27288.4,16000.0,35000.0,6.90549,0.80911,511.628,47.4,37.0,64.9,24300.0,0.0
양재1동,서초구,행정동,37.468473849093336,127.0281842161038,아파트,전세,640,높음,해당지역,51825.0,보증금,52207.9,33832.5,71400.0,6.24041,1.03779,632.904,77.1,60.0,85.0,51825.0,0.0
양재1동,서초구,행정동,37.468473849093336,127.0281842161038,연립다세대,전세,142,높음,해당지역,35000.0,보증금,37668.9,27250.0,43975.0,8.21962,0.57782,688.998,47.8,29.2,67.4,35000.0,0.0
양재1동,서초구,행정동,37.468473849093336,127.0281842161038,오피스텔,전세,28,보통,해당지역,14350.0,보증금,22842.9,13700.0,21750.0,6.48853,1.06511,734.177,19.2,18.5,20.1,14350.0,0.0
양재2동,서초구,행정동,37.4711250671022,127.04346382989348,단독다가구,매매,35,높음,자치구,340000.0,매매가,366666.6,290000.0,410000.0,10.71194,0.36383,1157.729,247.9,212.3,350.3,,
양재2동,서초구,행정동,37.4711250671022,127.04346382989348,아파트,매매,11,보통,해당지역,129700.0,매매가,125409.1,118000.0,139500.0,,,1481.481,84.2,76.1,116.8,,
양재2동,서초구,행정동,37.4711250671022,127.04346382989348,연립다세대,매매,161,높음,해당지역,59000.0,매매가,64091.1,43300.0,76000.0,8.42438,0.68108,1450.877,42.5,29.7,57.7,,
양재2동,서초구,행정동,37.4711250671022,127.04346382989348,오피스텔,매매,37,높음,해당지역,15000.0,매매가,18702.7,13500.0,18300.0,6.51782,0.93274,540.091,28.6,24.1,39.8,,
양재2동,서초구,행정동,37.4711250671022,127.04346382989348,단독다가구,월세,357,높음,법정동,74.6,월환산,86.1,63.8,97.9,2.7036,0.4704,2.353,33.0,25.1,43.0,2000.0,60.0
양재2동,서초구,행정동,37.4711250671022,127.04346382989348,아파트,월세,163,높음,법정동,237.3,월환산,226.0,199.4,246.1,2.616,0.69834,4.583,51.8,46.3,73.2,30000.0,70.0
양재2동,서초구,행정동,37.4711250671022,127.04346382989348,연립다세대,월세,399,높음,해당지역,101.9,월환산,112.5,72.2,145.2,2.55928,0.58895,3.201,30.0,26.2,44.0,6000.0,55.0
양재2동,서초구,행정동,37.4711250671022,127.04346382989348,오피스텔,월세,93,높음,해당지역,74.6,월환산,72.7,62.6,84.2,2.78467,0.46108,2.891,24.1,24.1,24.1,1000.0,60.0
양재2동,서초구,행정동,37.4711250671022,127.04346382989348,단독다가구,전세,82,높음,법정동,21000.0,보증금,22463.5,14000.0,30000.0,6.41518,0.94773,507.86,41.0,30.1,49.9,21000.0,0.0
양재2동,서초구,행정동,37.4711250671022,127.04346382989348,아파트,전세,70,높음,해당지역,48185.5,보증금,51362.8,40057.0,60581.2,7.42624,0.78335,665.702,72.4,59.8,85.0,48185.5,0.0
양재2동,서초구,행정동,37.4711250671022,127.04346382989348,연립다세대,전세,395,높음,해당지역,30975.0,보증금,32486.7,24650.0,39400.0,8.60286,0.46521,736.954,41.4,29.8,55.1,30975.0,0.0
양재2동,서초구,행정동,37.4711250671022,127.04346382989348,오피스텔,전세,11,보통,해당지역,17000.0,보증금,18145.5,13500.0,19250.0,,,696.379,24.1,24.1,28.9,17000.0,0.0
잠원동,서초구,행정동,37.515206089561595,127.01361085354824,단독다가구,매매,35,높음,자치구,340000.0,매매가,366666.6,290000.0,410000.0,10.71194,0.36383,1157.729,247.9,212.3,350.3,,
잠원동,서초구,행정동,37.515206089561595,127.01361085354824,아파트,매매,140,높음,해당지역,340000.0,매매가,331355.1,244625.0,430000.0,6.35101,1.44866,3956.185,84.5,59.2,84.8,,
잠원동,서초구,행정동,37.515206089561595,127.01361085354824,연립다세대,매매,911,높음,자치구,64700.0,매매가,73535.1,46000.0,85500.0,8.23037,0.75757,1539.162,41.8,29.5,58.5,,
잠원동,서초구,행정동,37.515206089561595,127.01361085354824,오피스텔,매매,11,보통,해당지역,27200.0,매매가,27345.5,25850.0,28000.0,,,865.801,31.4,30.7,31.4,,
잠원동,서초구,행정동,37.515206089561595,127.01361085354824,단독다가구,월세,98,높음,법정동,79.4,월환산,87.3,62.6,100.7,3.33221,0.2976,2.407,33.1,26.0,40.4,1000.0,70.0
잠원동,서초구,행정동,37.515206089561595,127.01361085354824,아파트,월세,276,높음,해당지역,431.2,월환산,488.4,291.7,665.8,0.9661,1.15495,5.086,84.5,60.0,84.9,39000.0,200.0
잠원동,서초구,행정동,37.515206089561595,127.01361085354824,연립다세대,월세,76,높음,해당지역,109.1,월환산,121.4,85.9,140.5,3.48037,0.35686,3.365,34.0,23.0,44.6,2000.0,87.0
잠원동,서초구,행정동,37.515206089561595,127.01361085354824,오피스텔,월세,1349,높음,자치구,97.5,월환산,116.2,84.6,124.6,1.9724,0.83707,4.2,24.1,19.9,29.0,1000.0,82.0
잠원동,서초구,행정동,37.515206089561595,127.01361085354824,단독다가구,전세,12,보통,법정동,20500.0,보증금,26125.0,16125.0,32750.0,,,472.477,39.0,26.3,92.2,20500.0,0.0
잠원동,서초구,행정동,37.515206089561595,127.01361085354824,아파트,전세,302,높음,해당지역,93750.0,보증금,113633.2,80475.0,140000.0,8.19071,0.77012,1319.121,84.5,59.6,84.9,93750.0,0.0
잠원동,서초구,행정동,37.515206089561595,127.01361085354824,연립다세대,전세,22,보통,해당지역,23100.0,보증금,27300.0,17000.0,33475.0,8.22649,0.5421,762.732,28.5,24.6,37.9,23100.0,0.0
잠원동,서초구,행정동,37.515206089561595,127.01361085354824,오피스텔,전세,342,높음,자치구,24000.0,보증금,28065.8,18900.0,32000.0,6.90328,0.96539,893.327,25.1,20.2,38.8,24000.0,0.0
금호1가동,성동구,행정동,37.553546731672,127.02416475771999,단독다가구,매매,116,높음,자치구,184600.0,매매가,262845.7,116500.0,306875.0,9.29242,0.58897,1619.983,148.4,102.5,204.0,,
금호1가동,성동구,행정동,37.553546731672,127.02416475771999,아파트,매매,95,높음,해당지역,178000.0,매매가,182211.6,165000.0,199000.0,11.61941,0.11142,2643.87,84.4,60.0,84.9,,
금호1가동,성동구,행정동,37.553546731672,127.02416475771999,연립다세대,매매,51,높음,해당지역,40000.0,매매가,39747.1,30000.0,46500.0,9.08898,0.40022,1044.238,35.4,33.5,43.0,,
금호1가동,성동구,행정동,37.553546731672,127.02416475771999,오피스텔,매매,174,높음,자치구,24000.0,매매가,26943.5,15000.0,37138.5,6.89506,0.95432,818.331,27.6,21.9,34.8,,
금호1가동,성동구,행정동,37.553546731672,127.02416475771999,단독다가구,월세,2237,높음,자치구,63.8,월환산,69.8,52.3,79.2,2.99174,0.35353,2.446,25.1,18.2,38.0,1000.0,55.0
금호1가동,성동구,행정동,37.553546731672,127.02416475771999,아파트,월세,179,높음,해당지역,301.7,월환산,287.2,199.8,377.3,0.87767,1.11417,4.065,60.0,59.9,84.9,20000.0,153.0
금호1가동,성동구,행정동,37.553546731672,127.02416475771999,연립다세대,월세,31,높음,해당지역,67.6,월환산,70.4,59.4,85.0,4.02264,0.04732,1.788,40.1,33.2,48.6,2000.0,50.0
금호1가동,성동구,행정동,37.553546731672,127.02416475771999,오피스텔,월세,992,높음,자치구,94.6,월환산,103.1,80.8,116.7,3.19321,0.43326,3.898,23.6,19.8,30.8,2000.0,78.0
금호1가동,성동구,행정동,37.553546731672,127.02416475771999,단독다가구,전세,519,높음,자치구,14000.0,보증금,15977.6,10000.0,20000.0,7.35424,0.59358,384.025,38.1,28.0,51.6,14000.0,0.0
금호1가동,성동구,행정동,37.553546731672,127.02416475771999,아파트,전세,243,높음,해당지역,79800.0,보증금,78046.6,60000.0,93025.0,9.66576,0.36108,1124.098,84.8,60.0,84.9,79800.0,0.0
금호1가동,성동구,행정동,37.553546731672,127.02416475771999,연립다세대,전세,22,보통,해당지역,18000.0,보증금,16713.6,13400.0,20000.0,5.68776,1.06905,401.428,39.7,34.5,55.4,18000.0,0.0
금호1가동,성동구,행정동,37.553546731672,127.02416475771999,오피스텔,전세,270,높음,자치구,24000.0,보증금,24975.2,19000.0,30000.0,8.30121,0.52874,858.04,28.1,19.0,34.6,24000.0,0.0
금호2.3가동,성동구,행정동,37.552046095896856,127.02051313914097,단독다가구,매매,18,보통,해당지역,114000.0,매매가,131977.8,90750.0,169500.0,,,1085.201,115.9,70.0,161.2,,
금호2.3가동,성동구,행정동,37.552046095896856,127.02051313914097,아파트,매매,57,높음,해당지역,187000.0,매매가,183764.9,163500.0,205000.0,11.25932,0.19986,2650.442,60.0,60.0,85.0,,
금호2.3가동,성동구,행정동,37.552046095896856,127.02051313914097,연립다세대,매매,39,높음,해당지역,125000.0,매매가,105734.6,56000.0,148000.0,10.63433,0.19994,2308.707,49.1,36.6,59.9,,
금호2.3가동,성동구,행정동,37.552046095896856,127.02051313914097,오피스텔,매매,174,높음,자치구,24000.0,매매가,26943.5,15000.0,37138.5,6.89506,0.95432,818.331,27.6,21.9,34.8,,
금호2.3가동,성동구,행정동,37.552046095896856,127.02051313914097,단독다가구,월세,80,높음,해당지역,62.0,월환산,67.6,54.6,75.1,2.31608,0.5205,1.775,33.8,28.4,43.2,1000.0,50.0
금호2.3가동,성동구,행정동,37.552046095896856,127.02051313914097,아파트,월세,181,높음,해당지역,331.7,월환산,321.6,295.8,365.8,1.53993,0.98343,4.732,60.0,60.0,85.0,20000.0,185.0
금호2.3가동,성동구,행정동,37.552046095896856,127.02051313914097,연립다세대,월세,31,높음,해당지역,89.0,월환산,96.3,78.5,111.2,1.2003,0.86536,1.978,48.1,42.7,51.9,5000.0,54.0
금호2.3가동,성동구,행정동,37.552046095896856,127.02051313914097,오피스텔,월세,992,높음,자치구,94.6,월환산,103.1,80.8,116.7,3.19321,0.43326,3.898,23.6,19.8,30.8,2000.0,78.0
금호2.3가동,성동구,행정동,37.552046095896856,127.02051313914097,단독다가구,전세,47,높음,해당지역,15000.0,보증금,15678.7,9950.0,20000.0,6.85319,0.71352,350.877,40.0,30.0,52.5,15000.0,0.0
금호2.3가동,성동구,행정동,37.552046095896856,127.02051313914097,아파트,전세,317,높음,해당지역,74500.0,보증금,73967.7,65520.0,80850.0,9.69235,0.3488,1040.245,79.1,60.0,85.0,74500.0,0.0
금호2.3가동,성동구,행정동,37.552046095896856,127.02051313914097,연립다세대,전세,65,높음,해당지역,25000.0,보증금,25268.7,18000.0,30000.0,6.32279,0.94593,470.588,52.2,44.5,62.7,25000.0,0.0
금호2.3가동,성동구,행정동,37.552046095896856,127.02051313914097,오피스텔,전세,270,높음,자치구,24000.0,보증금,24975.2,19000.0,30000.0,8.30121,0.52874,858.04,28.1,19.0,34.6,24000.0,0.0
금호4가동,성동구,행정동,37.54623318273007,127.02201104942013,단독다가구,매매,28,보통,해당지역,230190.0,매매가,238671.6,137077.5,308397.0,9.52671,0.59081,1873.102,115.8,47.6,172.7,,
금호4가동,성동구,행정동,37.54623318273007,127.02201104942013,아파트,매매,58,높음,해당지역,189250.0,매매가,191496.6,170125.0,209875.0,9.55108,0.60484,2491.283,60.0,60.0,84.9,,
금호4가동,성동구,행정동,37.54623318273007,127.02201104942013,연립다세대,매매,23,보통,해당지역,93000.0,매매가,91820.9,79300.0,102800.0,10.29063,0.27948,1743.108,54.6,43.8,63.7,,
금호4가동,성동구,행정동,37.54623318273007,127.02201104942013,오피스텔,매매,174,높음,자치구,24000.0,매매가,26943.5,15000.0,37138.5,6.89506,0.95432,818.331,27.6,21.9,34.8,,
금호4가동,성동구,행정동,37.54623318273007,127.02201104942013,단독다가구,월세,43,높음,해당지역,64.6,월환산,67.0,44.6,84.4,3.70175,0.10607,1.689,43.0,26.1,113.4,1000.0,50.0
금호4가동,성동구,행정동,37.54623318273007,127.02201104942013,아파트,월세,147,높음,해당지역,347.5,월환산,355.7,301.2,416.2,0.09739,1.32706,4.654,84.7,60.0,84.9,21000.0,210.0
금호4가동,성동구,행정동,37.54623318273007,127.02201104942013,연립다세대,월세,774,높음,자치구,86.0,월환산,100.5,65.0,117.9,3.66887,0.24318,3.399,29.1,19.6,44.4,3000.0,60.0
금호4가동,성동구,행정동,37.54623318273007,127.02201104942013,오피스텔,월세,992,높음,자치구,94.6,월환산,103.1,80.8,116.7,3.19321,0.43326,3.898,23.6,19.8,30.8,2000.0,78.0
금호4가동,성동구,행정동,37.54623318273007,127.02201104942013,단독다가구,전세,14,보통,해당지역,18000.0,보증금,17464.3,6625.0,19500.0,,,157.197,126.7,47.0,179.5,18000.0,0.0
금호4가동,성동구,행정동,37.54623318273007,127.02201104942013,아파트,전세,206,높음,해당지역,80000.0,보증금,84849.0,70000.0,95000.0,7.80565,0.80846,1106.97,84.7,60.0,84.9,80000.0,0.0
금호4가동,성동구,행정동,37.54623318273007,127.02201104942013,연립다세대,전세,10,보통,해당지역,21000.0,보증금,20793.0,15000.0,25000.0,,,388.59,53.6,45.6,58.7,21000.0,0.0
금호4가동,성동구,행정동,37.54623318273007,127.02201104942013,오피스텔,전세,270,높음,자치구,24000.0,보증금,24975.2,19000.0,30000.0,8.30121,0.52874,858.04,28.1,19.0,34.6,24000.0,0.0
마장동,성동구,행정동,37.565204986905215,127.04174662629504,단독다가구,매매,116,높음,자치구,184600.0,매매가,262845.7,116500.0,306875.0,9.29242,0.58897,1619.983,148.4,102.5,204.0,,
마장동,성동구,행정동,37.565204986905215,127.04174662629504,아파트,매매,76,높음,해당지역,134350.0,매매가,125311.2,118000.0,144787.5,7.95727,0.87651,1766.16,62.1,59.9,84.9,,
마장동,성동구,행정동,37.565204986905215,127.04174662629504,연립다세대,매매,19,보통,해당지역,38200.0,매매가,52194.7,33000.0,66500.0,,,1033.458,37.0,29.4,65.8,,
마장동,성동구,행정동,37.565204986905215,127.04174662629504,오피스텔,매매,174,높음,자치구,24000.0,매매가,26943.5,15000.0,37138.5,6.89506,0.95432,818.331,27.6,21.9,34.8,,
마장동,성동구,행정동,37.565204986905215,127.04174662629504,단독다가구,월세,338,높음,해당지역,64.2,월환산,65.0,54.6,69.6,3.51272,0.2023,3.234,19.0,18.0,24.0,1000.0,55.0
마장동,성동구,행정동,37.565204986905215,127.04174662629504,아파트,월세,265,높음,해당지역,104.5,월환산,113.2,44.8,144.7,1.39553,0.90279,3.666,20.3,18.8,50.0,9600.0,51.0
마장동,성동구,행정동,37.565204986905215,127.04174662629504,연립다세대,월세,77,높음,해당지역,79.6,월환산,94.0,64.8,118.7,2.91172,0.49658,4.271,21.1,14.8,28.5,2000.0,60.0
마장동,성동구,행정동,37.565204986905215,127.04174662629504,오피스텔,월세,20,보통,해당지역,77.1,월환산,79.4,66.1,99.6,2.42236,0.58305,2.601,27.0,20.1,31.4,2000.0,63.5
마장동,성동구,행정동,37.565204986905215,127.04174662629504,단독다가구,전세,47,높음,해당지역,12000.0,보증금,13165.7,10000.0,14000.0,8.31513,0.31473,440.0,35.0,20.0,45.3,12000.0,0.0
마장동,성동구,행정동,37.565204986905215,127.04174662629504,아파트,전세,133,높음,해당지역,55000.0,보증금,53334.5,45000.0,65000.0,7.56142,0.76368,709.741,72.8,59.9,84.9,55000.0,0.0
마장동,성동구,행정동,37.565204986905215,127.04174662629504,연립다세대,전세,27,보통,해당지역,24150.0,보증금,21046.0,13800.0,26900.0,8.40828,0.43193,763.469,34.7,17.0,54.9,24150.0,0.0
마장동,성동구,행정동,37.565204986905215,127.04174662629504,오피스텔,전세,270,높음,자치구,24000.0,보증금,24975.2,19000.0,30000.0,8.30121,0.52874,858.04,28.1,19.0,34.6,24000.0,0.0
사근동,성동구,행정동,37.56052619530459,127.0435557518068,단독다가구,매매,116,높음,자치구,184600.0,매매가,262845.7,116500.0,306875.0,9.29242,0.58897,1619.983,148.4,102.5,204.0,,
사근동,성동구,행정동,37.56052619530459,127.0435557518068,아파트,매매,16,보통,해당지역,86750.0,매매가,102962.5,82950.0,92475.0,,,1200.418,71.8,71.8,84.8,,
사근동,성동구,행정동,37.56052619530459,127.0435557518068,연립다세대,매매,24,보통,해당지역,28250.0,매매가,36395.8,24750.0,43500.0,8.61199,0.52977,1215.752,24.9,17.7,46.5,,
사근동,성동구,행정동,37.56052619530459,127.0435557518068,오피스텔,매매,174,높음,자치구,24000.0,매매가,26943.5,15000.0,37138.5,6.89506,0.95432,818.331,27.6,21.9,34.8,,
사근동,성동구,행정동,37.56052619530459,127.0435557518068,단독다가구,월세,166,높음,해당지역,57.3,월환산,60.1,48.8,65.1,2.50713,0.51569,3.015,18.0,16.0,22.0,1000.0,50.0
사근동,성동구,행정동,37.56052619530459,127.0435557518068,아파트,월세,66,높음,해당지역,88.6,월환산,195.7,78.8,270.1,1.71121,0.89169,4.31,32.0,18.4,84.2,5000.0,80.0
사근동,성동구,행정동,37.56052619530459,127.0435557518068,연립다세대,월세,138,높음,해당지역,69.6,월환산,74.4,60.6,84.6,4.08448,0.05357,2.775,29.0,16.7,55.3,2000.0,56.5
사근동,성동구,행정동,37.56052619530459,127.0435557518068,오피스텔,월세,992,높음,자치구,94.6,월환산,103.1,80.8,116.7,3.19321,0.43326,3.898,23.6,19.8,30.8,2000.0,78.0
사근동,성동구,행정동,37.56052619530459,127.0435557518068,단독다가구,전세,15,보통,해당지역,9500.0,보증금,9826.7,5800.0,11500.0,,,411.765,19.8,16.2,31.9,9500.0,0.0
사근동,성동구,행정동,37.56052619530459,127.0435557518068,아파트,전세,21,보통,해당지역,105000.0,보증금,90753.6,53000.0,107000.0,6.42578,1.09576,1151.173,84.2,71.8,92.1,105000.0,0.0
사근동,성동구,행정동,37.56052619530459,127.0435557518068,연립다세대,전세,650,높음,자치구,25000.0,보증금,24067.4,18000.0,28750.0,8.8981,0.31665,761.825,29.9,24.9,50.8,25000.0,0.0
사근동,성동구,행정동,37.56052619530459,127.0435557518068,오피스텔,전세,270,높음,자치구,24000.0,보증금,24975.2,19000.0,30000.0,8.30121,0.52874,858.04,28.1,19.0,34.6,24000.0,0.0
성수1가1동,성동구,행정동,37.5410363227534,127.04677839043858,단독다가구,매매,12,보통,법정동,456500.0,매매가,512583.3,367500.0,635000.0,,,2465.855,224.6,146.1,339.3,,
성수1가1동,성동구,행정동,37.5410363227534,127.04677839043858,아파트,매매,33,높음,해당지역,207500.0,매매가,314273.0,195000.0,290000.0,8.42036,0.9539,3434.343,81.5,59.4,84.8,,
성수1가1동,성동구,행정동,37.5410363227534,127.04677839043858,연립다세대,매매,22,보통,해당지역,86500.0,매매가,117359.1,56125.0,114625.0,5.24606,1.59463,1849.342,51.6,38.0,58.2,,
성수1가1동,성동구,행정동,37.5410363227534,127.04677839043858,오피스텔,매매,20,보통,법정동,36500.0,매매가,36727.5,23750.0,40025.0,7.91257,0.72047,1006.386,31.8,26.9,39.2,,
성수1가1동,성동구,행정동,37.5410363227534,127.04677839043858,단독다가구,월세,230,높음,법정동,73.8,월환산,79.6,52.5,94.6,2.74409,0.43715,2.262,32.8,23.0,40.0,1200.0,60.0
성수1가1동,성동구,행정동,37.5410363227534,127.04677839043858,아파트,월세,134,높음,해당지역,393.0,월환산,747.2,287.4,961.2,1.38085,1.1342,5.231,84.0,59.4,84.9,30000.0,250.0
성수1가1동,성동구,행정동,37.5410363227534,127.04677839043858,연립다세대,월세,43,높음,해당지역,122.9,월환산,166.0,83.6,206.9,5.02165,-0.03669,2.899,36.4,18.4,52.0,4000.0,85.0
성수1가1동,성동구,행정동,37.5410363227534,127.04677839043858,오피스텔,월세,78,높음,해당지역,108.6,월환산,114.4,98.7,128.6,4.53979,0.05613,4.992,23.5,17.4,28.6,1000.0,104.0
성수1가1동,성동구,행정동,37.5410363227534,127.04677839043858,단독다가구,전세,63,높음,법정동,15000.0,보증금,17419.5,11500.0,22000.0,5.94181,1.00908,420.168,35.9,28.9,49.9,15000.0,0.0
성수1가1동,성동구,행정동,37.5410363227534,127.04677839043858,아파트,전세,159,높음,해당지역,70000.0,보증금,114897.6,60000.0,90000.0,6.68627,1.08272,1000.247,84.2,59.4,85.0,70000.0,0.0
성수1가1동,성동구,행정동,37.5410363227534,127.04677839043858,연립다세대,전세,65,높음,해당지역,26000.0,보증금,26412.8,20000.0,32410.0,8.30262,0.46659,511.338,54.3,36.7,60.9,26000.0,0.0
성수1가1동,성동구,행정동,37.5410363227534,127.04677839043858,오피스텔,전세,16,보통,해당지역,26707.5,보증금,26501.4,21500.0,31250.0,,,678.243,36.5,31.6,44.2,26707.5,0.0
성수1가2동,성동구,행정동,37.54905899652237,127.04614357472025,단독다가구,매매,12,보통,법정동,456500.0,매매가,512583.3,367500.0,635000.0,,,2465.855,224.6,146.1,339.3,,
성수1가2동,성동구,행정동,37.54905899652237,127.04614357472025,아파트,매매,38,높음,해당지역,160000.0,매매가,165421.1,146250.0,185750.0,11.58822,0.09437,2428.333,73.8,59.8,84.8,,
성수1가2동,성동구,행정동,37.54905899652237,127.04614357472025,연립다세대,매매,17,보통,해당지역,40000.0,매매가,120917.6,31000.0,185000.0,,,1407.212,30.5,26.4,68.5,,
성수1가2동,성동구,행정동,37.54905899652237,127.04614357472025,오피스텔,매매,14,보통,해당지역,38000.0,매매가,41192.9,31800.0,46175.0,,,1109.522,35.6,27.0,39.2,,
성수1가2동,성동구,행정동,37.54905899652237,127.04614357472025,단독다가구,월세,230,높음,법정동,73.8,월환산,79.6,52.5,94.6,2.74409,0.43715,2.262,32.8,23.0,40.0,1200.0,60.0
성수1가2동,성동구,행정동,37.54905899652237,127.04614357472025,아파트,월세,147,높음,해당지역,427.5,월환산,416.7,297.0,495.8,5.88847,0.02029,7.098,60.0,60.0,84.8,30000.0,220.0
성수1가2동,성동구,행정동,37.54905899652237,127.04614357472025,연립다세대,월세,52,높음,해당지역,97.3,월환산,121.2,69.9,143.1,3.62062,0.32071,4.333,24.3,15.6,36.4,3000.0,60.0
성수1가2동,성동구,행정동,37.54905899652237,127.04614357472025,오피스텔,월세,74,높음,해당지역,134.0,월환산,129.2,94.6,147.6,3.94931,0.25805,3.437,27.9,21.2,39.2,2000.0,115.0
성수1가2동,성동구,행정동,37.54905899652237,127.04614357472025,단독다가구,전세,63,높음,법정동,15000.0,보증금,17419.5,11500.0,22000.0,5.94181,1.00908,420.168,35.9,28.9,49.9,15000.0,0.0
성수1가2동,성동구,행정동,37.54905899652237,127.04614357472025,아파트,전세,177,높음,해당지역,86000.0,보증금,85865.5,65000.0,103000.0,11.08033,0.05629,1121.151,60.0,59.9,84.8,86000.0,0.0
성수1가2동,성동구,행정동,37.54905899652237,127.04614357472025,연립다세대,전세,39,높음,해당지역,25000.0,보증금,23203.5,16700.0,29485.0,8.13875,0.54678,670.954,28.4,19.3,35.0,25000.0,0.0
성수1가2동,성동구,행정동,37.54905899652237,127.04614357472025,오피스텔,전세,51,높음,해당지역,30000.0,보증금,30461.5,22685.0,35140.0,8.85679,0.40019,760.392,34.6,28.2,39.2,30000.0,0.0
성수2가1동,성동구,행정동,37.53825920181391,127.05521868688633,단독다가구,매매,20,보통,법정동,321500.0,매매가,512675.0,292750.0,602500.0,9.48386,0.66341,2239.043,178.5,128.7,243.9,,
성수2가1동,성동구,행정동,37.53825920181391,127.05521868688633,아파트,매매,18,보통,해당지역,235500.0,매매가,220861.1,129000.0,290000.0,,,3646.829,82.9,59.7,84.9,,
성수2가1동,성동구,행정동,37.53825920181391,127.05521868688633,연립다세대,매매,50,높음,해당지역,72600.0,매매가,95033.2,71025.0,94000.0,6.50745,1.38372,2530.057,29.8,28.7,30.0,,
성수2가1동,성동구,행정동,37.53825920181391,127.05521868688633,오피스텔,매매,13,보통,해당지역,52635.0,매매가,52462.3,52635.0,54900.0,,,1845.378,29.5,29.0,29.8,,
성수2가1동,성동구,행정동,37.53825920181391,127.05521868688633,단독다가구,월세,202,높음,법정동,68.6,월환산,74.1,49.3,94.2,2.06332,0.61425,2.171,32.9,23.0,42.2,1000.0,55.0
성수2가1동,성동구,행정동,37.53825920181391,127.05521868688633,아파트,월세,41,높음,해당지역,288.8,월환산,368.1,201.7,505.8,0.48876,1.19995,4.552,84.3,59.7,117.1,25000.0,180.0
성수2가1동,성동구,행정동,37.53825920181391,127.05521868688633,연립다세대,월세,37,높음,해당지역,79.6,월환산,88.2,57.6,118.1,4.17256,0.06498,2.244,37.2,20.2,51.8,3000.0,50.0
성수2가1동,성동구,행정동,37.53825920181391,127.05521868688633,오피스텔,월세,79,높음,법정동,79.6,월환산,99.0,74.6,119.6,5.43386,-0.28992,3.801,19.0,15.0,28.1,1000.0,75.0
성수2가1동,성동구,행정동,37.53825920181391,127.05521868688633,단독다가구,전세,106,높음,법정동,12350.0,보증금,15413.5,10000.0,20000.0,7.49518,0.55957,373.333,38.0,30.0,47.8,12350.0,0.0
성수2가1동,성동구,행정동,37.53825920181391,127.05521868688633,아파트,전세,80,높음,해당지역,58800.0,보증금,65813.1,45112.5,70650.0,7.05187,0.90765,738.938,84.3,59.9,85.0,58800.0,0.0
성수2가1동,성동구,행정동,37.53825920181391,127.05521868688633,연립다세대,전세,44,높음,해당지역,20000.0,보증금,19696.4,15350.0,24350.0,7.9685,0.50273,444.994,42.9,28.1,54.7,20000.0,0.0
성수2가1동,성동구,행정동,37.53825920181391,127.05521868688633,오피스텔,전세,57,높음,법정동,23500.0,보증금,22982.4,14200.0,28077.0,8.6248,0.41766,746.269,23.3,18.3,29.3,23500.0,0.0
성수2가3동,성동구,행정동,37.54689161919048,127.05637994880001,단독다가구,매매,20,보통,법정동,321500.0,매매가,512675.0,292750.0,602500.0,9.48386,0.66341,2239.043,178.5,128.7,243.9,,
성수2가3동,성동구,행정동,37.54689161919048,127.05637994880001,아파트,매매,36,높음,해당지역,189000.0,매매가,165725.0,126375.0,205750.0,6.19442,1.30098,1885.338,81.6,80.9,104.6,,
성수2가3동,성동구,행정동,37.54689161919048,127.05637994880001,연립다세대,매매,27,보통,해당지역,26383.0,매매가,32991.3,25246.0,38500.0,8.2557,0.70005,1776.633,16.9,14.2,28.8,,
성수2가3동,성동구,행정동,37.54689161919048,127.05637994880001,오피스텔,매매,29,보통,해당지역,15000.0,매매가,17762.1,14800.0,16500.0,7.38353,0.75329,807.42,18.3,18.3,28.1,,
성수2가3동,성동구,행정동,37.54689161919048,127.05637994880001,단독다가구,월세,202,높음,법정동,68.6,월환산,74.1,49.3,94.2,2.06332,0.61425,2.171,32.9,23.0,42.2,1000.0,55.0
성수2가3동,성동구,행정동,37.54689161919048,127.05637994880001,아파트,월세,55,높음,해당지역,345.8,월환산,343.6,301.7,386.7,1.7861,0.91187,4.106,83.4,80.9,102.0,30000.0,200.0
성수2가3동,성동구,행정동,37.54689161919048,127.05637994880001,연립다세대,월세,48,높음,해당지역,102.1,월환산,104.7,78.8,124.5,3.0939,0.45429,3.9,29.1,20.7,29.9,3500.0,62.0
성수2가3동,성동구,행정동,37.54689161919048,127.05637994880001,오피스텔,월세,77,높음,해당지역,79.6,월환산,98.4,74.6,119.6,5.38622,-0.27606,3.751,23.3,15.0,28.1,1000.0,75.0
성수2가3동,성동구,행정동,37.54689161919048,127.05637994880001,단독다가구,전세,106,높음,법정동,12350.0,보증금,15413.5,10000.0,20000.0,7.49518,0.55957,373.333,38.0,30.0,47.8,12350.0,0.0
성수2가3동,성동구,행정동,37.54689161919048,127.05637994880001,아파트,전세,76,높음,해당지역,77000.0,보증금,73765.4,60000.0,84000.0,7.59907,0.80761,890.289,85.0,80.9,102.0,77000.0,0.0
성수2가3동,성동구,행정동,37.54689161919048,127.05637994880001,연립다세대,전세,58,높음,해당지역,25550.0,보증금,24182.4,21640.0,26679.5,8.89818,0.34147,872.7,29.8,23.9,30.0,25550.0,0.0
성수2가3동,성동구,행정동,37.54689161919048,127.05637994880001,오피스텔,전세,55,높음,해당지역,23500.0,보증금,22847.2,14200.0,28508.5,8.50897,0.44914,740.741,23.3,18.3,29.5,23500.0,0.0
송정동,성동구,행정동,37.552136915062185,127.06618703832142,단독다가구,매매,15,보통,해당지역,135000.0,매매가,138840.0,113500.0,165500.0,,,981.194,166.9,112.8,175.4,,
송정동,성동구,행정동,37.552136915062185,127.06618703832142,아파트,매매,27,보통,해당지역,113000.0,매매가,116507.4,100250.0,136750.0,8.28044,0.76959,1531.754,84.9,59.8,85.0,,
송정동,성동구,행정동,37.552136915062185,127.06618703832142,연립다세대,매매,408,높음,자치구,53500.0,매매가,66803.3,35000.0,72600.0,8.28863,0.73031,1422.198,33.8,27.2,51.6,,
송정동,성동구,행정동,37.552136915062185,127.06618703832142,오피스텔,매매,174,높음,자치구,24000.0,매매가,26943.5,15000.0,37138.5,6.89506,0.95432,818.331,27.6,21.9,34.8,,
송정동,성동구,행정동,37.552136915062185,127.06618703832142,단독다가구,월세,272,높음,해당지역,62.9,월환산,67.2,46.5,81.0,2.04137,0.62209,2.247,27.0,21.0,36.2,1000.0,50.0
송정동,성동구,행정동,37.552136915062185,127.06618703832142,아파트,월세,16,보통,해당지역,233.5,월환산,250.2,203.6,303.3,,,3.534,79.5,59.2,84.9,27000.0,80.0
송정동,성동구,행정동,37.552136915062185,127.06618703832142,연립다세대,월세,34,높음,해당지역,88.9,월환산,88.8,55.3,110.9,2.24792,0.66496,3.695,26.4,20.5,34.0,7500.0,40.5
송정동,성동구,행정동,37.552136915062185,127.06618703832142,오피스텔,월세,13,보통,해당지역,109.6,월환산,115.1,109.2,109.6,,,3.513,31.2,30.9,31.2,1000.0,105.0
송정동,성동구,행정동,37.552136915062185,127.06618703832142,단독다가구,전세,51,높음,해당지역,13000.0,보증금,15057.8,10000.0,19500.0,7.55434,0.53408,378.215,38.0,29.7,49.6,13000.0,0.0
송정동,성동구,행정동,37.552136915062185,127.06618703832142,아파트,전세,18,보통,해당지역,51250.0,보증금,51828.3,42000.0,62725.0,,,702.219,84.9,59.2,84.9,51250.0,0.0
송정동,성동구,행정동,37.552136915062185,127.06618703832142,연립다세대,전세,26,보통,해당지역,18820.0,보증금,19492.7,14775.0,25000.0,10.5203,-0.20611,613.39,30.9,24.8,34.2,18820.0,0.0
송정동,성동구,행정동,37.552136915062185,127.06618703832142,오피스텔,전세,270,높음,자치구,24000.0,보증금,24975.2,19000.0,30000.0,8.30121,0.52874,858.04,28.1,19.0,34.6,24000.0,0.0
옥수동,성동구,행정동,37.54413128699877,127.01400210993403,단독다가구,매매,116,높음,자치구,184600.0,매매가,262845.7,116500.0,306875.0,9.29242,0.58897,1619.983,148.4,102.5,204.0,,
옥수동,성동구,행정동,37.54413128699877,127.01400210993403,아파트,매매,143,높음,해당지역,223000.0,매매가,222242.7,185000.0,248500.0,10.45969,0.4134,2819.66,84.5,59.7,86.3,,
옥수동,성동구,행정동,37.54413128699877,127.01400210993403,연립다세대,매매,408,높음,자치구,53500.0,매매가,66803.3,35000.0,72600.0,8.28863,0.73031,1422.198,33.8,27.2,51.6,,
옥수동,성동구,행정동,37.54413128699877,127.01400210993403,오피스텔,매매,174,높음,자치구,24000.0,매매가,26943.5,15000.0,37138.5,6.89506,0.95432,818.331,27.6,21.9,34.8,,
옥수동,성동구,행정동,37.54413128699877,127.01400210993403,단독다가구,월세,27,보통,해당지역,71.8,월환산,92.0,62.2,100.2,2.43819,0.52277,1.819,43.0,31.5,49.5,4500.0,55.0
옥수동,성동구,행정동,37.54413128699877,127.01400210993403,아파트,월세,323,높음,해당지역,374.6,월환산,369.7,301.0,443.6,2.61151,0.7486,5.19,84.3,59.8,84.8,24000.0,200.0
옥수동,성동구,행정동,37.54413128699877,127.01400210993403,연립다세대,월세,774,높음,자치구,86.0,월환산,100.5,65.0,117.9,3.66887,0.24318,3.399,29.1,19.6,44.4,3000.0,60.0
옥수동,성동구,행정동,37.54413128699877,127.01400210993403,오피스텔,월세,21,보통,해당지역,99.6,월환산,100.5,90.6,104.6,2.63896,0.58975,3.54,27.0,27.0,29.5,1000.0,95.0
옥수동,성동구,행정동,37.54413128699877,127.01400210993403,단독다가구,전세,11,보통,해당지역,16000.0,보증금,17118.2,14000.0,18500.0,,,367.377,68.0,36.8,86.8,16000.0,0.0
옥수동,성동구,행정동,37.54413128699877,127.01400210993403,아파트,전세,433,높음,해당지역,80000.0,보증금,80899.9,65000.0,95000.0,10.42598,0.18948,1055.276,84.5,59.8,84.9,80000.0,0.0
옥수동,성동구,행정동,37.54413128699877,127.01400210993403,연립다세대,전세,650,높음,자치구,25000.0,보증금,24067.4,18000.0,28750.0,8.8981,0.31665,761.825,29.9,24.9,50.8,25000.0,0.0
옥수동,성동구,행정동,37.54413128699877,127.01400210993403,오피스텔,전세,270,높음,자치구,24000.0,보증금,24975.2,19000.0,30000.0,8.30121,0.52874,858.04,28.1,19.0,34.6,24000.0,0.0
왕십리2동,성동구,행정동,37.56153320020343,127.02723777463913,단독다가구,매매,116,높음,자치구,184600.0,매매가,262845.7,116500.0,306875.0,9.29242,0.58897,1619.983,148.4,102.5,204.0,,
왕십리2동,성동구,행정동,37.56153320020343,127.02723777463913,아파트,매매,79,높음,해당지역,143000.0,매매가,140296.2,130000.0,153100.0,8.64093,0.74093,1884.637,84.3,59.9,84.9,,
왕십리2동,성동구,행정동,37.56153320020343,127.02723777463913,연립다세대,매매,408,높음,자치구,53500.0,매매가,66803.3,35000.0,72600.0,8.28863,0.73031,1422.198,33.8,27.2,51.6,,
왕십리2동,성동구,행정동,37.56153320020343,127.02723777463913,오피스텔,매매,10,보통,해당지역,15150.0,매매가,16155.0,14550.0,18237.5,,,635.527,23.7,22.9,27.5,,
왕십리2동,성동구,행정동,37.56153320020343,127.02723777463913,단독다가구,월세,168,높음,법정동,66.5,월환산,74.3,52.5,87.0,2.36606,0.53916,2.187,33.0,25.0,40.0,2000.0,55.0
왕십리2동,성동구,행정동,37.56153320020343,127.02723777463913,아파트,월세,99,높음,해당지역,248.8,월환산,218.0,89.0,308.8,2.14268,0.81126,4.361,59.9,38.2,64.2,15986.0,75.0
왕십리2동,성동구,행정동,37.56153320020343,127.02723777463913,연립다세대,월세,28,보통,해당지역,145.4,월환산,130.1,76.6,158.2,3.08748,0.49092,4.135,30.9,26.5,44.0,5000.0,66.5
왕십리2동,성동구,행정동,37.56153320020343,127.02723777463913,오피스텔,월세,44,높음,해당지역,84.6,월환산,87.0,79.6,89.6,3.45696,0.31143,3.365,25.8,22.8,27.5,1000.0,80.0
왕십리2동,성동구,행정동,37.56153320020343,127.02723777463913,단독다가구,전세,32,높음,법정동,13000.0,보증금,13375.0,7750.0,17375.0,5.59832,1.07083,363.197,29.6,22.8,52.2,13000.0,0.0
왕십리2동,성동구,행정동,37.56153320020343,127.02723777463913,아파트,전세,125,높음,해당지역,63000.0,보증금,63959.1,56000.0,73500.0,9.33392,0.39954,881.814,64.2,59.9,85.0,63000.0,0.0
왕십리2동,성동구,행정동,37.56153320020343,127.02723777463913,연립다세대,전세,49,높음,해당지역,30450.0,보증금,31591.8,28000.0,34000.0,9.56971,0.22842,1160.18,26.9,24.1,33.0,30450.0,0.0
왕십리2동,성동구,행정동,37.56153320020343,127.02723777463913,오피스텔,전세,10,보통,법정동,28000.0,보증금,27192.0,27105.0,29750.0,,,928.704,31.0,30.5,32.5,28000.0,0.0
왕십리도선동,성동구,행정동,37.565833921369865,127.0305827303499,단독다가구,매매,116,높음,자치구,184600.0,매매가,262845.7,116500.0,306875.0,9.29242,0.58897,1619.983,148.4,102.5,204.0,,
왕십리도선동,성동구,행정동,37.565833921369865,127.0305827303499,아파트,매매,100,높음,해당지역,198000.0,매매가,188098.7,152500.0,223125.0,10.10237,0.45544,2483.964,84.9,60.0,85.0,,
왕십리도선동,성동구,행정동,37.565833921369865,127.0305827303499,연립다세대,매매,22,보통,해당지역,28400.0,매매가,30070.5,22875.0,35000.0,7.95318,0.71894,1241.713,27.0,16.7,28.5,,
왕십리도선동,성동구,행정동,37.565833921369865,127.0305827303499,오피스텔,매매,25,보통,해당지역,24300.0,매매가,25568.0,21500.0,28500.0,9.38318,0.22434,1102.629,23.6,19.8,30.8,,
왕십리도선동,성동구,행정동,37.565833921369865,127.0305827303499,단독다가구,월세,110,높음,해당지역,66.9,월환산,75.1,54.6,86.2,2.24718,0.59727,2.547,28.6,19.0,41.0,2000.0,55.0
왕십리도선동,성동구,행정동,37.565833921369865,127.0305827303499,아파트,월세,206,높음,해당지역,371.2,월환산,356.0,310.7,412.4,2.19503,0.84959,4.811,84.9,59.9,85.0,27500.0,200.0
왕십리도선동,성동구,행정동,37.565833921369865,127.0305827303499,연립다세대,월세,67,높음,해당지역,70.4,월환산,82.7,55.5,113.1,2.96087,0.4515,4.224,23.7,14.4,26.9,2000.0,52.0
왕십리도선동,성동구,행정동,37.565833921369865,127.0305827303499,오피스텔,월세,346,높음,해당지역,104.6,월환산,107.6,87.1,118.8,3.40803,0.38544,4.444,23.6,19.6,30.8,5000.0,70.0
왕십리도선동,성동구,행정동,37.565833921369865,127.0305827303499,단독다가구,전세,36,높음,해당지역,17150.0,보증금,17012.6,10000.0,20700.0,6.76126,0.76617,368.766,40.7,33.7,50.4,17150.0,0.0
왕십리도선동,성동구,행정동,37.565833921369865,127.0305827303499,아파트,전세,285,높음,해당지역,87000.0,보증금,86723.6,73500.0,99700.0,8.8835,0.5652,1129.545,84.9,60.0,85.0,87000.0,0.0
왕십리도선동,성동구,행정동,37.565833921369865,127.0305827303499,연립다세대,전세,14,보통,해당지역,22250.0,보증금,23928.6,15750.0,29500.0,,,884.744,26.1,20.3,29.0,22250.0,0.0
왕십리도선동,성동구,행정동,37.565833921369865,127.0305827303499,오피스텔,전세,66,높음,해당지역,25000.0,보증금,25749.8,21300.0,30375.0,7.8032,0.71313,999.501,25.7,18.6,31.0,25000.0,0.0
용답동,성동구,행정동,37.56165395858193,127.06050816736823,단독다가구,매매,116,높음,자치구,184600.0,매매가,262845.7,116500.0,306875.0,9.29242,0.58897,1619.983,148.4,102.5,204.0,,
용답동,성동구,행정동,37.56165395858193,127.06050816736823,아파트,매매,1013,높음,자치구,171500.0,매매가,180116.5,146500.0,205000.0,9.42644,0.60435,2301.971,84.3,59.9,85.0,,
용답동,성동구,행정동,37.56165395858193,127.06050816736823,연립다세대,매매,56,높음,해당지역,55000.0,매매가,54908.9,53000.0,60000.0,10.23687,0.20707,2367.328,23.8,19.7,29.4,,
용답동,성동구,행정동,37.56165395858193,127.06050816736823,오피스텔,매매,53,높음,해당지역,36790.0,매매가,26708.6,12400.0,37291.0,5.62719,1.28228,677.882,34.8,22.0,35.0,,
용답동,성동구,행정동,37.56165395858193,127.06050816736823,단독다가구,월세,221,높음,해당지역,59.2,월환산,65.8,47.3,79.6,2.4961,0.46715,1.986,30.0,25.0,39.0,1000.0,50.0
용답동,성동구,행정동,37.56165395858193,127.06050816736823,아파트,월세,54,높음,해당지역,75.7,월환산,120.2,67.5,104.8,1.49874,0.95229,3.812,20.0,19.7,28.3,4900.0,63.5
용답동,성동구,행정동,37.56165395858193,127.06050816736823,연립다세대,월세,99,높음,해당지역,106.5,월환산,107.9,91.2,120.8,4.2688,0.1096,4.1,28.2,24.0,30.0,2000.0,90.0
용답동,성동구,행정동,37.56165395858193,127.06050816736823,오피스텔,월세,232,높음,해당지역,80.2,월환산,94.3,72.3,93.8,2.04065,0.75527,3.701,21.9,20.2,27.6,3000.0,65.0
용답동,성동구,행정동,37.56165395858193,127.06050816736823,단독다가구,전세,44,높음,해당지역,17000.0,보증금,18493.2,12875.0,24500.0,6.06492,0.98536,439.68,43.4,30.7,53.2,17000.0,0.0
용답동,성동구,행정동,37.56165395858193,127.06050816736823,아파트,전세,23,보통,해당지역,50310.0,보증금,49902.3,34398.0,59155.0,4.3954,1.59572,840.208,59.8,45.0,59.8,50310.0,0.0
용답동,성동구,행정동,37.56165395858193,127.06050816736823,연립다세대,전세,139,높음,해당지역,24000.0,보증금,23146.1,20000.0,26000.0,7.77358,0.70098,935.065,25.1,22.1,28.1,24000.0,0.0
용답동,성동구,행정동,37.56165395858193,127.06050816736823,오피스텔,전세,53,높음,해당지역,19425.0,보증금,20028.4,17300.0,21000.0,8.72052,0.353,960.682,19.6,18.8,32.8,19425.0,0.0
응봉동,성동구,행정동,37.55225075320495,127.0330508039453,단독다가구,매매,116,높음,자치구,184600.0,매매가,262845.7,116500.0,306875.0,9.29242,0.58897,1619.983,148.4,102.5,204.0,,
응봉동,성동구,행정동,37.55225075320495,127.0330508039453,아파트,매매,63,높음,해당지역,161000.0,매매가,166258.7,146750.0,183000.0,9.50525,0.58206,2215.115,75.5,60.0,84.5,,
응봉동,성동구,행정동,37.55225075320495,127.0330508039453,연립다세대,매매,31,높음,해당지역,40000.0,매매가,45243.2,34450.0,45000.0,7.30096,0.86514,816.664,50.4,39.5,59.4,,
응봉동,성동구,행정동,37.55225075320495,127.0330508039453,오피스텔,매매,174,높음,자치구,24000.0,매매가,26943.5,15000.0,37138.5,6.89506,0.95432,818.331,27.6,21.9,34.8,,
응봉동,성동구,행정동,37.55225075320495,127.0330508039453,단독다가구,월세,12,보통,해당지역,61.7,월환산,62.5,41.5,75.5,,,1.284,59.0,45.0,130.8,2500.0,40.0
응봉동,성동구,행정동,37.55225075320495,127.0330508039453,아파트,월세,126,높음,해당지역,242.9,월환산,251.6,203.9,283.0,3.6631,0.42639,3.389,75.5,59.9,84.5,15000.0,160.0
응봉동,성동구,행정동,37.55225075320495,127.0330508039453,연립다세대,월세,22,보통,해당지역,75.0,월환산,77.2,57.1,82.4,3.10378,0.31756,1.712,41.5,35.6,53.0,5000.0,45.0
응봉동,성동구,행정동,37.55225075320495,127.0330508039453,오피스텔,월세,992,높음,자치구,94.6,월환산,103.1,80.8,116.7,3.19321,0.43326,3.898,23.6,19.8,30.8,2000.0,78.0
응봉동,성동구,행정동,37.55225075320495,127.0330508039453,단독다가구,전세,519,높음,자치구,14000.0,보증금,15977.6,10000.0,20000.0,7.35424,0.59358,384.025,38.1,28.0,51.6,14000.0,0.0
응봉동,성동구,행정동,37.55225075320495,127.0330508039453,아파트,전세,174,높음,해당지역,57875.0,보증금,57431.4,47250.0,63750.0,8.94047,0.46195,742.765,75.5,59.9,84.5,57875.0,0.0
응봉동,성동구,행정동,37.55225075320495,127.0330508039453,연립다세대,전세,28,보통,해당지역,16000.0,보증금,17439.3,12750.0,20000.0,4.555,1.30669,309.098,53.8,40.5,59.6,16000.0,0.0
응봉동,성동구,행정동,37.55225075320495,127.0330508039453,오피스텔,전세,270,높음,자치구,24000.0,보증금,24975.2,19000.0,30000.0,8.30121,0.52874,858.04,28.1,19.0,34.6,24000.0,0.0
행당1동,성동구,행정동,37.55871135379614,127.03619827724867,단독다가구,매매,116,높음,자치구,184600.0,매매가,262845.7,116500.0,306875.0,9.29242,0.58897,1619.983,148.4,102.5,204.0,,
행당1동,성동구,행정동,37.55871135379614,127.03619827724867,아파트,매매,47,높음,해당지역,193000.0,매매가,202391.5,173600.0,232000.0,9.6609,0.57292,2413.753,85.0,60.0,85.0,,
행당1동,성동구,행정동,37.55871135379614,127.03619827724867,연립다세대,매매,13,보통,법정동,54400.0,매매가,51384.6,39000.0,64000.0,,,1036.001,38.6,29.6,75.8,,
행당1동,성동구,행정동,37.55871135379614,127.03619827724867,오피스텔,매매,11,보통,법정동,18000.0,매매가,23613.6,15950.0,21900.0,,,832.484,24.8,23.4,28.5,,
행당1동,성동구,행정동,37.55871135379614,127.03619827724867,단독다가구,월세,361,높음,법정동,62.6,월환산,70.4,52.3,73.9,3.29443,0.27712,3.307,19.0,17.0,27.3,1000.0,55.0
행당1동,성동구,행정동,37.55871135379614,127.03619827724867,아파트,월세,129,높음,해당지역,285.0,월환산,295.5,169.8,394.2,2.41807,0.77644,4.722,84.1,36.2,85.0,15000.0,160.0
행당1동,성동구,행정동,37.55871135379614,127.03619827724867,연립다세대,월세,38,높음,해당지역,82.9,월환산,97.8,72.5,115.2,3.07995,0.42374,3.276,29.4,22.7,35.5,10750.0,50.0
행당1동,성동구,행정동,37.55871135379614,127.03619827724867,오피스텔,월세,74,높음,해당지역,84.6,월환산,88.1,74.6,91.7,3.07619,0.43227,3.417,25.4,21.9,28.4,1000.0,80.0
행당1동,성동구,행정동,37.55871135379614,127.03619827724867,단독다가구,전세,42,높음,법정동,17500.0,보증금,17916.7,10500.0,23750.0,7.29538,0.6349,471.143,40.1,24.2,53.8,17500.0,0.0
행당1동,성동구,행정동,37.55871135379614,127.03619827724867,아파트,전세,119,높음,해당지역,80850.0,보증금,85151.4,66000.0,100000.0,8.1375,0.72801,1084.418,84.9,60.0,85.0,80850.0,0.0
행당1동,성동구,행정동,37.55871135379614,127.03619827724867,연립다세대,전세,36,높음,해당지역,35000.0,보증금,33061.6,27725.0,38115.0,8.85759,0.42925,1195.889,29.3,28.7,41.8,35000.0,0.0
행당1동,성동구,행정동,37.55871135379614,127.03619827724867,오피스텔,전세,11,보통,해당지역,30000.0,보증금,28645.5,23500.0,35325.0,,,952.446,29.0,26.9,40.2,30000.0,0.0
행당2동,성동구,행정동,37.5567007752762,127.02923752317001,단독다가구,매매,116,높음,자치구,184600.0,매매가,262845.7,116500.0,306875.0,9.29242,0.58897,1619.983,148.4,102.5,204.0,,
행당2동,성동구,행정동,37.5567007752762,127.02923752317001,아파트,매매,118,높음,해당지역,169000.0,매매가,170160.6,160000.0,185000.0,10.77024,0.29362,2318.236,60.0,60.0,84.9,,
행당2동,성동구,행정동,37.5567007752762,127.02923752317001,연립다세대,매매,13,보통,법정동,54400.0,매매가,51384.6,39000.0,64000.0,,,1036.001,38.6,29.6,75.8,,
행당2동,성동구,행정동,37.5567007752762,127.02923752317001,오피스텔,매매,11,보통,법정동,18000.0,매매가,23613.6,15950.0,21900.0,,,832.484,24.8,23.4,28.5,,
행당2동,성동구,행정동,37.5567007752762,127.02923752317001,단독다가구,월세,361,높음,법정동,62.6,월환산,70.4,52.3,73.9,3.29443,0.27712,3.307,19.0,17.0,27.3,1000.0,55.0
행당2동,성동구,행정동,37.5567007752762,127.02923752317001,아파트,월세,199,높음,해당지역,280.4,월환산,270.2,241.2,324.0,-1.08849,1.5433,3.754,70.8,60.0,84.9,22000.0,150.0
행당2동,성동구,행정동,37.5567007752762,127.02923752317001,연립다세대,월세,11,보통,해당지역,110.4,월환산,118.1,85.3,132.9,,,2.864,43.4,29.9,61.3,17000.0,50.0
행당2동,성동구,행정동,37.5567007752762,127.02923752317001,오피스텔,월세,79,높음,법정동,87.0,월환산,92.8,75.6,94.6,2.42613,0.64222,3.417,26.2,21.9,28.8,1000.0,80.0
행당2동,성동구,행정동,37.5567007752762,127.02923752317001,단독다가구,전세,42,높음,법정동,17500.0,보증금,17916.7,10500.0,23750.0,7.29538,0.6349,471.143,40.1,24.2,53.8,17500.0,0.0
행당2동,성동구,행정동,37.5567007752762,127.02923752317001,아파트,전세,257,높음,해당지역,65000.0,보증금,66042.9,57000.0,75000.0,8.28451,0.64717,867.666,60.0,60.0,84.9,65000.0,0.0
행당2동,성동구,행정동,37.5567007752762,127.02923752317001,연립다세대,전세,13,보통,해당지역,26000.0,보증금,25153.2,21000.0,29000.0,,,786.749,35.2,28.7,37.8,26000.0,0.0
행당2동,성동구,행정동,37.5567007752762,127.02923752317001,오피스텔,전세,12,보통,법정동,31800.0,보증금,30091.7,26750.0,36500.0,,,953.677,32.7,27.9,42.8,31800.0,0.0
길음1동,성북구,행정동,37.6078894442497,127.01988887813366,단독다가구,매매,187,높음,자치구,74250.0,매매가,89314.6,53500.0,96750.0,8.95262,0.49065,735.583,110.8,56.6,165.7,,
길음1동,성북구,행정동,37.6078894442497,127.01988887813366,아파트,매매,345,높음,해당지역,118000.0,매매가,116690.6,105000.0,131000.0,9.76955,0.42789,1455.58,84.6,60.0,85.0,,
길음1동,성북구,행정동,37.6078894442497,127.01988887813366,연립다세대,매매,1116,높음,자치구,37000.0,매매가,41568.2,27000.0,51125.0,8.5338,0.51609,841.537,47.7,34.5,58.6,,
길음1동,성북구,행정동,37.6078894442497,127.01988887813366,오피스텔,매매,30,높음,자치구,23500.0,매매가,28208.3,15000.0,32375.0,6.59897,0.9926,696.798,29.5,21.8,49.6,,
길음1동,성북구,행정동,37.6078894442497,127.01988887813366,단독다가구,월세,58,높음,법정동,50.9,월환산,55.7,44.4,64.6,2.75321,0.35692,1.646,30.0,19.2,44.1,750.0,45.0
길음1동,성북구,행정동,37.6078894442497,127.01988887813366,아파트,월세,240,높음,해당지역,252.9,월환산,253.3,214.6,289.4,2.57144,0.68289,3.431,60.0,59.9,85.0,20000.0,150.0
길음1동,성북구,행정동,37.6078894442497,127.01988887813366,연립다세대,월세,12,보통,해당지역,94.6,월환산,104.7,81.8,125.3,,,2.141,45.6,39.0,49.2,6500.0,50.0
길음1동,성북구,행정동,37.6078894442497,127.01988887813366,오피스텔,월세,329,높음,자치구,79.1,월환산,90.0,69.6,97.9,2.53636,0.59093,3.49,25.0,19.4,29.8,2000.0,70.0
길음1동,성북구,행정동,37.6078894442497,127.01988887813366,단독다가구,전세,20,보통,법정동,12800.0,보증금,12430.0,7000.0,17000.0,5.04538,1.15074,267.683,40.3,29.2,54.0,12800.0,0.0
길음1동,성북구,행정동,37.6078894442497,127.01988887813366,아파트,전세,433,높음,해당지역,59850.0,보증금,59482.0,49350.0,68000.0,8.73369,0.52252,805.134,60.0,59.9,85.0,59850.0,0.0
길음1동,성북구,행정동,37.6078894442497,127.01988887813366,연립다세대,전세,10,보통,법정동,26175.0,보증금,23135.0,12750.0,33500.0,,,463.703,53.3,44.0,69.8,26175.0,0.0
길음1동,성북구,행정동,37.6078894442497,127.01988887813366,오피스텔,전세,80,높음,자치구,16400.0,보증금,20400.4,14000.0,25243.8,7.6813,0.63719,656.689,22.4,17.9,41.2,16400.0,0.0
길음2동,성북구,행정동,37.60901670266276,127.02679500460012,단독다가구,매매,187,높음,자치구,74250.0,매매가,89314.6,53500.0,96750.0,8.95262,0.49065,735.583,110.8,56.6,165.7,,
길음2동,성북구,행정동,37.60901670266276,127.02679500460012,아파트,매매,191,높음,해당지역,128000.0,매매가,125794.0,100000.0,149250.0,8.53791,0.72279,1650.055,84.7,60.0,85.0,,
길음2동,성북구,행정동,37.60901670266276,127.02679500460012,연립다세대,매매,1116,높음,자치구,37000.0,매매가,41568.2,27000.0,51125.0,8.5338,0.51609,841.537,47.7,34.5,58.6,,
길음2동,성북구,행정동,37.60901670266276,127.02679500460012,오피스텔,매매,30,높음,자치구,23500.0,매매가,28208.3,15000.0,32375.0,6.59897,0.9926,696.798,29.5,21.8,49.6,,
길음2동,성북구,행정동,37.60901670266276,127.02679500460012,단독다가구,월세,58,높음,법정동,50.9,월환산,55.7,44.4,64.6,2.75321,0.35692,1.646,30.0,19.2,44.1,750.0,45.0
길음2동,성북구,행정동,37.60901670266276,127.02679500460012,아파트,월세,257,높음,해당지역,165.8,월환산,178.1,56.7,289.6,0.59987,1.09617,3.8,59.8,38.0,60.0,9800.0,75.0
길음2동,성북구,행정동,37.60901670266276,127.02679500460012,연립다세대,월세,11,보통,해당지역,55.6,월환산,54.2,42.3,59.1,,,3.088,15.6,14.2,32.2,1000.0,51.0
길음2동,성북구,행정동,37.60901670266276,127.02679500460012,오피스텔,월세,329,높음,자치구,79.1,월환산,90.0,69.6,97.9,2.53636,0.59093,3.49,25.0,19.4,29.8,2000.0,70.0
길음2동,성북구,행정동,37.60901670266276,127.02679500460012,단독다가구,전세,20,보통,법정동,12800.0,보증금,12430.0,7000.0,17000.0,5.04538,1.15074,267.683,40.3,29.2,54.0,12800.0,0.0
길음2동,성북구,행정동,37.60901670266276,127.02679500460012,아파트,전세,391,높음,해당지역,60000.0,보증금,57679.9,38634.0,74000.0,6.62173,1.01268,801.336,60.0,59.9,84.8,60000.0,0.0
길음2동,성북구,행정동,37.60901670266276,127.02679500460012,연립다세대,전세,10,보통,법정동,26175.0,보증금,23135.0,12750.0,33500.0,,,463.703,53.3,44.0,69.8,26175.0,0.0
길음2동,성북구,행정동,37.60901670266276,127.02679500460012,오피스텔,전세,80,높음,자치구,16400.0,보증금,20400.4,14000.0,25243.8,7.6813,0.63719,656.689,22.4,17.9,41.2,16400.0,0.0
돈암1동,성북구,행정동,37.60105830377859,127.02502163919063,단독다가구,매매,187,높음,자치구,74250.0,매매가,89314.6,53500.0,96750.0,8.95262,0.49065,735.583,110.8,56.6,165.7,,
돈암1동,성북구,행정동,37.60105830377859,127.02502163919063,아파트,매매,140,높음,해당지역,84000.0,매매가,84032.9,72500.0,96625.0,9.1878,0.49382,1168.828,84.6,59.6,84.9,,
돈암1동,성북구,행정동,37.60105830377859,127.02502163919063,연립다세대,매매,26,보통,법정동,25250.0,매매가,29030.8,20125.0,40125.0,8.3216,0.50941,709.331,38.1,33.9,51.0,,
돈암1동,성북구,행정동,37.60105830377859,127.02502163919063,오피스텔,매매,30,높음,자치구,23500.0,매매가,28208.3,15000.0,32375.0,6.59897,0.9926,696.798,29.5,21.8,49.6,,
돈암1동,성북구,행정동,37.60105830377859,127.02502163919063,단독다가구,월세,23,보통,법정동,69.6,월환산,71.6,53.8,77.1,3.40038,0.21799,1.975,30.0,24.0,53.6,2000.0,50.0
돈암1동,성북구,행정동,37.60105830377859,127.02502163919063,아파트,월세,82,높음,해당지역,175.8,월환산,180.8,133.2,224.5,1.33995,0.90261,2.602,59.8,59.4,84.7,9000.0,115.0
돈암1동,성북구,행정동,37.60105830377859,127.02502163919063,연립다세대,월세,21,보통,법정동,102.9,월환산,98.0,92.9,112.1,2.24493,0.63599,2.837,36.3,28.4,56.2,14000.0,28.0
돈암1동,성북구,행정동,37.60105830377859,127.02502163919063,오피스텔,월세,329,높음,자치구,79.1,월환산,90.0,69.6,97.9,2.53636,0.59093,3.49,25.0,19.4,29.8,2000.0,70.0
돈암1동,성북구,행정동,37.60105830377859,127.02502163919063,단독다가구,전세,587,높음,자치구,12000.0,보증금,13565.4,8000.0,17000.0,6.9817,0.63839,300.0,43.0,29.1,57.6,12000.0,0.0
돈암1동,성북구,행정동,37.60105830377859,127.02502163919063,아파트,전세,113,높음,해당지역,49000.0,보증금,48023.1,42000.0,57000.0,7.83698,0.67206,612.197,84.4,59.8,84.9,49000.0,0.0
돈암1동,성북구,행정동,37.60105830377859,127.02502163919063,연립다세대,전세,19,보통,법정동,20000.0,보증금,18818.4,15000.0,20950.0,,,670.391,29.2,27.5,42.3,20000.0,0.0
돈암1동,성북구,행정동,37.60105830377859,127.02502163919063,오피스텔,전세,80,높음,자치구,16400.0,보증금,20400.4,14000.0,25243.8,7.6813,0.63719,656.689,22.4,17.9,41.2,16400.0,0.0
돈암2동,성북구,행정동,37.59596742272456,127.01198639816259,단독다가구,매매,187,높음,자치구,74250.0,매매가,89314.6,53500.0,96750.0,8.95262,0.49065,735.583,110.8,56.6,165.7,,
돈암2동,성북구,행정동,37.59596742272456,127.01198639816259,아파트,매매,267,높음,해당지역,89700.0,매매가,91270.8,82000.0,99000.0,10.34501,0.2412,1142.924,84.9,60.0,85.0,,
돈암2동,성북구,행정동,37.59596742272456,127.01198639816259,연립다세대,매매,12,보통,해당지역,23650.0,매매가,23725.0,19850.0,28625.0,,,634.651,38.1,28.0,51.8,,
돈암2동,성북구,행정동,37.59596742272456,127.01198639816259,오피스텔,매매,30,높음,자치구,23500.0,매매가,28208.3,15000.0,32375.0,6.59897,0.9926,696.798,29.5,21.8,49.6,,
돈암2동,성북구,행정동,37.59596742272456,127.01198639816259,단독다가구,월세,23,보통,법정동,69.6,월환산,71.6,53.8,77.1,3.40038,0.21799,1.975,30.0,24.0,53.6,2000.0,50.0
돈암2동,성북구,행정동,37.59596742272456,127.01198639816259,아파트,월세,109,높음,해당지역,220.8,월환산,227.5,177.5,268.8,1.42244,0.90938,2.811,68.1,59.9,85.0,20000.0,100.0
돈암2동,성북구,행정동,37.59596742272456,127.01198639816259,연립다세대,월세,12,보통,해당지역,111.4,월환산,115.0,100.9,123.1,,,3.235,36.2,29.5,37.5,18850.0,34.0
돈암2동,성북구,행정동,37.59596742272456,127.01198639816259,오피스텔,월세,329,높음,자치구,79.1,월환산,90.0,69.6,97.9,2.53636,0.59093,3.49,25.0,19.4,29.8,2000.0,70.0
돈암2동,성북구,행정동,37.59596742272456,127.01198639816259,단독다가구,전세,587,높음,자치구,12000.0,보증금,13565.4,8000.0,17000.0,6.9817,0.63839,300.0,43.0,29.1,57.6,12000.0,0.0
돈암2동,성북구,행정동,37.59596742272456,127.01198639816259,아파트,전세,194,높음,해당지역,52250.0,보증금,55443.6,45000.0,67537.5,8.47444,0.54594,648.959,84.8,60.0,113.7,52250.0,0.0
돈암2동,성북구,행정동,37.59596742272456,127.01198639816259,연립다세대,전세,10,보통,해당지역,20600.0,보증금,21050.0,19550.0,20975.0,,,727.302,28.4,26.4,28.4,20600.0,0.0
돈암2동,성북구,행정동,37.59596742272456,127.01198639816259,오피스텔,전세,80,높음,자치구,16400.0,보증금,20400.4,14000.0,25243.8,7.6813,0.63719,656.689,22.4,17.9,41.2,16400.0,0.0
동선동,성북구,행정동,37.59381758535553,127.0175633733836,단독다가구,매매,187,높음,자치구,74250.0,매매가,89314.6,53500.0,96750.0,8.95262,0.49065,735.583,110.8,56.6,165.7,,
동선동,성북구,행정동,37.59381758535553,127.0175633733836,아파트,매매,38,높음,해당지역,89100.0,매매가,86665.8,81175.0,94775.0,7.80915,0.8334,1296.436,70.0,59.9,85.0,,
동선동,성북구,행정동,37.59381758535553,127.0175633733836,연립다세대,매매,33,높음,해당지역,30500.0,매매가,30612.1,23000.0,38000.0,9.64524,0.15814,585.889,47.4,30.0,63.5,,
동선동,성북구,행정동,37.59381758535553,127.0175633733836,오피스텔,매매,30,높음,자치구,23500.0,매매가,28208.3,15000.0,32375.0,6.59897,0.9926,696.798,29.5,21.8,49.6,,
동선동,성북구,행정동,37.59381758535553,127.0175633733836,단독다가구,월세,409,높음,해당지역,62.3,월환산,67.2,52.3,74.6,2.70833,0.44223,2.56,23.0,19.0,35.0,1000.0,55.0
동선동,성북구,행정동,37.59381758535553,127.0175633733836,아파트,월세,70,높음,해당지역,86.9,월환산,102.2,71.9,96.8,2.75332,0.62461,5.735,14.0,13.2,14.2,5000.0,58.0
동선동,성북구,행정동,37.59381758535553,127.0175633733836,연립다세대,월세,245,높음,해당지역,68.3,월환산,75.0,51.5,80.8,3.56703,0.20022,2.371,26.1,16.2,37.4,2000.0,50.0
동선동,성북구,행정동,37.59381758535553,127.0175633733836,오피스텔,월세,88,높음,해당지역,78.3,월환산,82.4,69.6,89.2,3.51282,0.27373,3.49,22.0,20.3,29.5,1000.0,65.0
동선동,성북구,행정동,37.59381758535553,127.0175633733836,단독다가구,전세,45,높음,해당지역,12000.0,보증금,14876.4,9450.0,20000.0,6.65129,0.79935,400.0,36.3,23.1,45.0,12000.0,0.0
동선동,성북구,행정동,37.59381758535553,127.0175633733836,아파트,전세,12,보통,해당지역,51725.0,보증금,48712.5,43250.0,60250.0,,,893.61,60.0,52.3,72.8,51725.0,0.0
동선동,성북구,행정동,37.59381758535553,127.0175633733836,연립다세대,전세,24,보통,해당지역,14300.0,보증금,19020.8,8400.0,27600.0,7.50775,0.61417,459.433,37.5,22.4,63.5,14300.0,0.0
동선동,성북구,행정동,37.59381758535553,127.0175633733836,오피스텔,전세,15,보통,해당지역,15000.0,보증금,15876.7,10925.0,18000.0,,,494.991,25.6,22.4,37.6,15000.0,0.0
보문동,성북구,행정동,37.583463052323346,127.01888543880719,단독다가구,매매,187,높음,자치구,74250.0,매매가,89314.6,53500.0,96750.0,8.95262,0.49065,735.583,110.8,56.6,165.7,,
보문동,성북구,행정동,37.583463052323346,127.01888543880719,아파트,매매,84,높음,해당지역,120000.0,매매가,115289.9,106250.0,127537.5,11.95935,-0.07452,1645.301,80.6,59.8,84.9,,
보문동,성북구,행정동,37.583463052323346,127.01888543880719,연립다세대,매매,20,보통,해당지역,42250.0,매매가,36980.0,32875.0,46400.0,6.93674,0.92167,793.473,50.2,46.6,54.2,,
보문동,성북구,행정동,37.583463052323346,127.01888543880719,오피스텔,매매,30,높음,자치구,23500.0,매매가,28208.3,15000.0,32375.0,6.59897,0.9926,696.798,29.5,21.8,49.6,,
보문동,성북구,행정동,37.583463052323346,127.01888543880719,단독다가구,월세,191,높음,해당지역,59.6,월환산,64.9,46.8,77.3,2.3187,0.52583,1.983,29.0,21.3,40.8,1000.0,50.0
보문동,성북구,행정동,37.583463052323346,127.01888543880719,아파트,월세,100,높음,해당지역,221.3,월환산,194.6,92.6,289.1,0.19414,1.24001,3.09,59.5,39.2,63.1,13068.0,63.0
보문동,성북구,행정동,37.583463052323346,127.01888543880719,연립다세대,월세,76,높음,해당지역,73.2,월환산,82.5,57.5,94.6,2.73077,0.49801,3.391,23.2,16.0,29.9,3946.5,51.5
보문동,성북구,행정동,37.583463052323346,127.01888543880719,오피스텔,월세,35,높음,해당지역,87.6,월환산,113.7,72.4,163.3,2.16654,0.73,3.353,28.4,23.1,32.7,5000.0,67.0
보문동,성북구,행정동,37.583463052323346,127.01888543880719,단독다가구,전세,20,보통,해당지역,15000.0,보증금,14432.5,8300.0,18500.0,6.07966,0.92477,348.433,42.3,28.0,48.6,15000.0,0.0
보문동,성북구,행정동,37.583463052323346,127.01888543880719,아파트,전세,103,높음,해당지역,63000.0,보증금,63157.4,55775.0,70000.0,10.24213,0.18515,964.608,59.8,59.8,84.9,63000.0,0.0
보문동,성북구,행정동,37.583463052323346,127.01888543880719,연립다세대,전세,20,보통,해당지역,21250.0,보증금,23911.1,18091.5,27250.0,7.67847,0.63392,620.316,39.9,26.5,56.6,21250.0,0.0
보문동,성북구,행정동,37.583463052323346,127.01888543880719,오피스텔,전세,80,높음,자치구,16400.0,보증금,20400.4,14000.0,25243.8,7.6813,0.63719,656.689,22.4,17.9,41.2,16400.0,0.0
삼선동,성북구,행정동,37.58827761254408,127.0132808593979,단독다가구,매매,17,보통,해당지역,89500.0,매매가,85338.2,58500.0,99500.0,,,635.112,126.0,101.0,179.6,,
삼선동,성북구,행정동,37.58827761254408,127.0132808593979,아파트,매매,98,높음,해당지역,99000.0,매매가,102037.2,92000.0,107750.0,9.81748,0.38301,1192.837,84.8,60.0,114.6,,
삼선동,성북구,행정동,37.58827761254408,127.0132808593979,연립다세대,매매,44,높음,해당지역,31250.0,매매가,32806.8,23750.0,41075.0,8.66027,0.43757,674.461,44.4,38.6,55.0,,
삼선동,성북구,행정동,37.58827761254408,127.0132808593979,오피스텔,매매,30,높음,자치구,23500.0,매매가,28208.3,15000.0,32375.0,6.59897,0.9926,696.798,29.5,21.8,49.6,,
삼선동,성북구,행정동,37.58827761254408,127.0132808593979,단독다가구,월세,297,높음,해당지역,67.6,월환산,74.7,54.6,88.8,2.60668,0.4695,2.115,33.1,22.0,46.8,1000.0,57.0
삼선동,성북구,행정동,37.58827761254408,127.0132808593979,아파트,월세,57,높음,해당지역,110.3,월환산,177.1,94.6,244.6,2.95016,0.57942,3.944,59.9,14.6,84.8,10000.0,90.0
삼선동,성북구,행정동,37.58827761254408,127.0132808593979,연립다세대,월세,100,높음,해당지역,65.0,월환산,80.2,52.2,102.2,3.11607,0.34923,2.989,29.7,19.9,42.1,2500.0,49.0
삼선동,성북구,행정동,37.58827761254408,127.0132808593979,오피스텔,월세,46,높음,해당지역,91.4,월환산,99.0,78.8,99.9,2.62681,0.58856,3.496,27.9,20.5,30.3,5000.0,68.5
삼선동,성북구,행정동,37.58827761254408,127.0132808593979,단독다가구,전세,57,높음,해당지역,13000.0,보증금,14457.9,9000.0,18000.0,6.20522,0.8764,324.351,42.2,32.0,53.7,13000.0,0.0
삼선동,성북구,행정동,37.58827761254408,127.0132808593979,아파트,전세,44,높음,해당지역,60000.0,보증금,61433.6,47812.5,68062.5,8.42223,0.58301,738.086,84.8,60.0,114.6,60000.0,0.0
삼선동,성북구,행정동,37.58827761254408,127.0132808593979,연립다세대,전세,38,높음,해당지역,24525.0,보증금,23368.7,16750.0,28000.0,8.48916,0.41814,640.543,34.1,29.4,49.2,24525.0,0.0
삼선동,성북구,행정동,37.58827761254408,127.0132808593979,오피스텔,전세,80,높음,자치구,16400.0,보증금,20400.4,14000.0,25243.8,7.6813,0.63719,656.689,22.4,17.9,41.2,16400.0,0.0
석관동,성북구,행정동,37.608994140844736,127.06081136027068,단독다가구,매매,15,보통,해당지역,55300.0,매매가,61293.3,43350.0,73200.0,,,664.452,77.5,61.3,133.2,,
석관동,성북구,행정동,37.608994140844736,127.06081136027068,아파트,매매,163,높음,해당지역,94500.0,매매가,93859.8,82250.0,103500.0,9.59654,0.42211,1179.375,84.8,60.0,84.9,,
석관동,성북구,행정동,37.608994140844736,127.06081136027068,연립다세대,매매,115,높음,해당지역,32500.0,매매가,32412.4,25100.0,38400.0,8.34559,0.54599,798.689,41.7,28.8,49.7,,
석관동,성북구,행정동,37.608994140844736,127.06081136027068,오피스텔,매매,30,높음,자치구,23500.0,매매가,28208.3,15000.0,32375.0,6.59897,0.9926,696.798,29.5,21.8,49.6,,
석관동,성북구,행정동,37.608994140844736,127.06081136027068,단독다가구,월세,406,높음,해당지역,54.5,월환산,55.8,42.3,64.6,2.8057,0.34561,1.757,30.0,19.0,41.2,1000.0,45.0
석관동,성북구,행정동,37.608994140844736,127.06081136027068,아파트,월세,128,높음,해당지역,144.9,월환산,146.2,89.9,196.5,2.63223,0.55591,2.661,59.9,39.0,66.2,8512.0,85.5
석관동,성북구,행정동,37.608994140844736,127.06081136027068,연립다세대,월세,107,높음,해당지역,78.3,월환산,80.7,57.3,102.4,3.38513,0.27811,2.664,28.7,23.6,42.7,3451.0,45.0
석관동,성북구,행정동,37.608994140844736,127.06081136027068,오피스텔,월세,44,높음,해당지역,79.6,월환산,95.6,74.3,142.9,1.92579,0.7603,2.583,30.1,25.0,33.2,1000.0,75.0
석관동,성북구,행정동,37.608994140844736,127.06081136027068,단독다가구,전세,81,높음,해당지역,11000.0,보증금,11908.6,7000.0,15000.0,6.94023,0.65685,355.771,33.2,20.0,53.8,11000.0,0.0
석관동,성북구,행정동,37.608994140844736,127.06081136027068,아파트,전세,121,높음,해당지역,50000.0,보증금,49090.9,42000.0,58000.0,7.8878,0.68679,751.252,60.0,59.9,84.9,50000.0,0.0
석관동,성북구,행정동,37.608994140844736,127.06081136027068,연립다세대,전세,122,높음,해당지역,19575.0,보증금,19640.7,16000.0,23412.5,7.87143,0.57866,690.775,28.6,23.8,40.6,19575.0,0.0
석관동,성북구,행정동,37.608994140844736,127.06081136027068,오피스텔,전세,12,보통,해당지역,9395.0,보증금,15307.5,8375.0,22375.0,,,398.765,23.8,22.1,32.2,9395.0,0.0
성북동,성북구,행정동,37.59222800545431,127.00478226001647,단독다가구,매매,36,높음,해당지역,95600.0,매매가,152112.5,72250.0,188000.0,8.84921,0.63068,1391.583,71.1,42.0,181.6,,
성북동,성북구,행정동,37.59222800545431,127.00478226001647,아파트,매매,12,보통,해당지역,70250.0,매매가,71316.7,65250.0,74500.0,,,1144.255,58.6,58.6,65.2,,
성북동,성북구,행정동,37.59222800545431,127.00478226001647,연립다세대,매매,85,높음,해당지역,54000.0,매매가,69712.9,42000.0,73000.0,8.09916,0.72208,1174.497,52.7,30.0,67.8,,
성북동,성북구,행정동,37.59222800545431,127.00478226001647,오피스텔,매매,30,높음,자치구,23500.0,매매가,28208.3,15000.0,32375.0,6.59897,0.9926,696.798,29.5,21.8,49.6,,
성북동,성북구,행정동,37.59222800545431,127.00478226001647,단독다가구,월세,148,높음,해당지역,73.8,월환산,84.5,57.8,94.3,2.71672,0.46027,2.371,32.5,21.0,45.2,2000.0,55.0
성북동,성북구,행정동,37.59222800545431,127.00478226001647,아파트,월세,13,보통,해당지역,155.8,월환산,159.0,99.6,180.4,,,2.839,58.6,44.8,84.9,10000.0,100.0
성북동,성북구,행정동,37.59222800545431,127.00478226001647,연립다세대,월세,133,높음,해당지역,109.6,월환산,113.2,69.7,136.7,2.95278,0.44054,2.48,48.5,29.8,59.6,8000.0,51.0
성북동,성북구,행정동,37.59222800545431,127.00478226001647,오피스텔,월세,21,보통,해당지역,81.2,월환산,90.9,78.8,88.8,2.87128,0.50393,3.863,22.8,18.4,25.3,2000.0,70.0
성북동,성북구,행정동,37.59222800545431,127.00478226001647,단독다가구,전세,44,높음,해당지역,13640.0,보증금,18103.2,9725.0,22050.0,7.26041,0.62204,364.525,43.3,28.5,60.0,13640.0,0.0
성북동,성북구,행정동,37.59222800545431,127.00478226001647,아파트,전세,13,보통,해당지역,40000.0,보증금,38034.6,18000.0,50000.0,,,519.713,58.6,48.7,84.9,40000.0,0.0
성북동,성북구,행정동,37.59222800545431,127.00478226001647,연립다세대,전세,128,높음,해당지역,25900.0,보증금,32803.1,20000.0,34125.0,7.41949,0.71549,603.216,49.9,29.8,62.3,25900.0,0.0
성북동,성북구,행정동,37.59222800545431,127.00478226001647,오피스텔,전세,80,높음,자치구,16400.0,보증금,20400.4,14000.0,25243.8,7.6813,0.63719,656.689,22.4,17.9,41.2,16400.0,0.0
안암동,성북구,행정동,37.58623680995745,127.02527086712315,단독다가구,매매,187,높음,자치구,74250.0,매매가,89314.6,53500.0,96750.0,8.95262,0.49065,735.583,110.8,56.6,165.7,,
안암동,성북구,행정동,37.58623680995745,127.02527086712315,아파트,매매,49,높음,해당지역,87000.0,매매가,76409.2,59500.0,98000.0,6.72529,1.01339,1107.601,75.6,59.7,84.9,,
안암동,성북구,행정동,37.58623680995745,127.02527086712315,연립다세대,매매,47,높음,해당지역,35000.0,매매가,37246.8,24200.0,42204.5,7.94368,0.63021,677.384,56.4,43.8,70.6,,
안암동,성북구,행정동,37.58623680995745,127.02527086712315,오피스텔,매매,30,높음,자치구,23500.0,매매가,28208.3,15000.0,32375.0,6.59897,0.9926,696.798,29.5,21.8,49.6,,
안암동,성북구,행정동,37.58623680995745,127.02527086712315,단독다가구,월세,522,높음,해당지역,64.6,월환산,68.8,54.2,82.1,2.84909,0.41758,2.762,22.1,19.8,30.0,1000.0,60.0
안암동,성북구,행정동,37.58623680995745,127.02527086712315,아파트,월세,32,높음,해당지역,103.2,월환산,136.7,61.3,201.4,-1.5607,1.54194,2.019,59.7,50.4,66.0,5000.0,77.5
안암동,성북구,행정동,37.58623680995745,127.02527086712315,연립다세대,월세,122,높음,해당지역,72.8,월환산,75.2,56.6,79.6,3.57303,0.22784,3.9,15.0,13.7,30.0,1000.0,63.0
안암동,성북구,행정동,37.58623680995745,127.02527086712315,오피스텔,월세,14,보통,해당지역,54.6,월환산,54.4,54.6,54.6,,,2.166,25.2,25.2,25.2,1000.0,50.0
안암동,성북구,행정동,37.58623680995745,127.02527086712315,단독다가구,전세,33,높음,해당지역,13000.0,보증금,13950.0,7500.0,18900.0,6.76725,0.7194,330.0,33.3,25.0,57.1,13000.0,0.0
안암동,성북구,행정동,37.58623680995745,127.02527086712315,아파트,전세,33,높음,해당지역,60000.0,보증금,48678.8,15500.0,68000.0,4.76614,1.35927,754.112,76.0,54.3,84.9,60000.0,0.0
안암동,성북구,행정동,37.58623680995745,127.02527086712315,연립다세대,전세,13,보통,해당지역,20000.0,보증금,22761.5,10000.0,32000.0,,,574.913,28.7,17.1,82.9,20000.0,0.0
안암동,성북구,행정동,37.58623680995745,127.02527086712315,오피스텔,전세,80,높음,자치구,16400.0,보증금,20400.4,14000.0,25243.8,7.6813,0.63719,656.689,22.4,17.9,41.2,16400.0,0.0
월곡1동,성북구,행정동,37.60733993563888,127.03620484960797,단독다가구,매매,15,보통,법정동,54700.0,매매가,76433.3,50500.0,77250.0,,,500.366,121.6,65.1,150.0,,
월곡1동,성북구,행정동,37.60733993563888,127.03620484960797,아파트,매매,199,높음,해당지역,93500.0,매매가,93233.9,86500.0,102000.0,10.12067,0.30434,1285.905,60.0,59.8,84.8,,
월곡1동,성북구,행정동,37.60733993563888,127.03620484960797,연립다세대,매매,29,보통,해당지역,31000.0,매매가,31587.9,28000.0,34500.0,9.76796,0.15718,847.246,40.1,28.7,56.7,,
월곡1동,성북구,행정동,37.60733993563888,127.03620484960797,오피스텔,매매,30,높음,자치구,23500.0,매매가,28208.3,15000.0,32375.0,6.59897,0.9926,696.798,29.5,21.8,49.6,,
월곡1동,성북구,행정동,37.60733993563888,127.03620484960797,단독다가구,월세,351,높음,법정동,54.6,월환산,55.9,45.6,64.2,3.03836,0.29613,2.511,20.0,17.0,33.0,1000.0,47.0
월곡1동,성북구,행정동,37.60733993563888,127.03620484960797,아파트,월세,100,높음,해당지역,205.7,월환산,214.4,183.6,237.8,2.64562,0.63145,2.961,59.9,59.8,84.7,15000.0,135.0
월곡1동,성북구,행정동,37.60733993563888,127.03620484960797,연립다세대,월세,27,보통,해당지역,71.4,월환산,82.9,57.6,111.4,3.86741,0.13934,2.751,29.9,14.5,48.5,2218.0,60.0
월곡1동,성북구,행정동,37.60733993563888,127.03620484960797,오피스텔,월세,21,보통,해당지역,71.4,월환산,81.0,67.6,90.4,3.04672,0.43292,4.004,21.4,14.4,28.6,1000.0,65.0
월곡1동,성북구,행정동,37.60733993563888,127.03620484960797,단독다가구,전세,52,높음,법정동,9500.0,보증금,11640.4,6875.0,14500.0,5.78808,0.94621,267.78,41.9,23.8,50.1,9500.0,0.0
월곡1동,성북구,행정동,37.60733993563888,127.03620484960797,아파트,전세,127,높음,해당지역,48300.0,보증금,49653.8,43435.0,57000.0,8.33346,0.56843,657.887,84.6,59.9,84.8,48300.0,0.0
월곡1동,성북구,행정동,37.60733993563888,127.03620484960797,연립다세대,전세,21,보통,해당지역,23000.0,보증금,22231.0,19000.0,25000.0,9.67815,0.07608,595.894,47.1,32.2,57.9,23000.0,0.0
월곡1동,성북구,행정동,37.60733993563888,127.03620484960797,오피스텔,전세,26,보통,해당지역,15100.0,보증금,17027.5,14500.0,15925.0,8.25651,0.48458,882.375,17.1,16.1,18.0,15100.0,0.0
월곡2동,성북구,행정동,37.603280883689685,127.0436855114088,단독다가구,매매,187,높음,자치구,74250.0,매매가,89314.6,53500.0,96750.0,8.95262,0.49065,735.583,110.8,56.6,165.7,,
월곡2동,성북구,행정동,37.603280883689685,127.0436855114088,아파트,매매,110,높음,해당지역,84750.0,매매가,88119.5,75625.0,96925.0,10.19644,0.2689,1087.619,79.2,60.0,111.4,,
월곡2동,성북구,행정동,37.603280883689685,127.0436855114088,연립다세대,매매,40,높음,해당지역,19100.0,매매가,31814.2,10375.0,45500.0,6.57956,0.99706,688.529,38.4,16.2,54.1,,
월곡2동,성북구,행정동,37.603280883689685,127.0436855114088,오피스텔,매매,30,높음,자치구,23500.0,매매가,28208.3,15000.0,32375.0,6.59897,0.9926,696.798,29.5,21.8,49.6,,
월곡2동,성북구,행정동,37.603280883689685,127.0436855114088,단독다가구,월세,152,높음,해당지역,54.2,월환산,56.8,45.9,62.9,2.7951,0.37696,2.486,19.8,16.5,30.0,1000.0,50.0
월곡2동,성북구,행정동,37.603280883689685,127.0436855114088,아파트,월세,46,높음,해당지역,195.3,월환산,202.9,172.9,217.7,2.07942,0.74613,2.594,64.3,60.0,84.8,15000.0,117.0
월곡2동,성북구,행정동,37.603280883689685,127.0436855114088,연립다세대,월세,52,높음,해당지역,64.2,월환산,68.7,49.6,84.0,4.43605,-0.10865,3.133,26.0,16.8,44.1,1000.0,50.0
월곡2동,성북구,행정동,37.603280883689685,127.0436855114088,오피스텔,월세,329,높음,자치구,79.1,월환산,90.0,69.6,97.9,2.53636,0.59093,3.49,25.0,19.4,29.8,2000.0,70.0
월곡2동,성북구,행정동,37.603280883689685,127.0436855114088,단독다가구,전세,25,보통,해당지역,10000.0,보증금,11344.0,6000.0,17000.0,5.74727,0.96308,247.372,33.0,27.0,45.5,10000.0,0.0
월곡2동,성북구,행정동,37.603280883689685,127.0436855114088,아파트,전세,65,높음,해당지역,51000.0,보증금,52385.6,45000.0,57700.0,8.43242,0.55487,667.223,79.2,60.0,85.0,51000.0,0.0
월곡2동,성북구,행정동,37.603280883689685,127.0436855114088,연립다세대,전세,17,보통,해당지역,22000.0,보증금,22454.4,20500.0,25000.0,,,711.663,30.0,28.6,55.1,22000.0,0.0
월곡2동,성북구,행정동,37.603280883689685,127.0436855114088,오피스텔,전세,80,높음,자치구,16400.0,보증금,20400.4,14000.0,25243.8,7.6813,0.63719,656.689,22.4,17.9,41.2,16400.0,0.0
장위1동,성북구,행정동,37.615731462935216,127.04519096297433,단독다가구,매매,42,높음,법정동,73400.0,매매가,76107.0,60375.0,86500.0,9.36511,0.38855,701.081,100.2,73.0,162.1,,
장위1동,성북구,행정동,37.615731462935216,127.04519096297433,아파트,매매,50,높음,해당지역,126900.0,매매가,128586.0,124250.0,137000.0,11.8204,-0.01609,2072.758,59.1,59.1,84.5,,
장위1동,성북구,행정동,37.615731462935216,127.04519096297433,연립다세대,매매,236,높음,해당지역,44500.0,매매가,46141.5,36875.0,54925.0,9.17161,0.40644,1052.143,45.6,34.6,53.3,,
장위1동,성북구,행정동,37.615731462935216,127.04519096297433,오피스텔,매매,30,높음,자치구,23500.0,매매가,28208.3,15000.0,32375.0,6.59897,0.9926,696.798,29.5,21.8,49.6,,
장위1동,성북구,행정동,37.615731462935216,127.04519096297433,단독다가구,월세,209,높음,법정동,54.6,월환산,59.5,42.3,74.2,2.78311,0.31683,1.239,45.0,33.4,62.0,1000.0,40.0
장위1동,성북구,행정동,37.615731462935216,127.04519096297433,아파트,월세,51,높음,해당지역,115.0,월환산,177.2,103.8,272.9,-1.77901,1.74117,2.842,40.5,39.0,59.1,13970.0,51.0
장위1동,성북구,행정동,37.615731462935216,127.04519096297433,연립다세대,월세,102,높음,해당지역,72.6,월환산,72.2,59.5,86.5,2.85364,0.36752,1.66,42.1,29.9,55.0,6241.5,35.0
장위1동,성북구,행정동,37.615731462935216,127.04519096297433,오피스텔,월세,48,높음,법정동,74.6,월환산,85.4,68.8,123.8,1.11072,1.07889,4.137,18.0,18.0,27.2,1000.0,70.0
장위1동,성북구,행정동,37.615731462935216,127.04519096297433,단독다가구,전세,74,높음,법정동,12000.0,보증금,12038.5,7125.0,15562.5,6.25636,0.73436,202.14,54.2,41.1,67.6,12000.0,0.0
장위1동,성북구,행정동,37.615731462935216,127.04519096297433,아파트,전세,49,높음,해당지역,65000.0,보증금,62917.9,55600.0,69300.0,8.89232,0.49445,862.944,76.2,59.1,84.5,65000.0,0.0
장위1동,성북구,행정동,37.615731462935216,127.04519096297433,연립다세대,전세,205,높음,해당지역,17300.0,보증금,17129.2,13000.0,21000.0,9.11943,0.15346,376.412,44.9,30.4,52.8,17300.0,0.0
장위1동,성북구,행정동,37.615731462935216,127.04519096297433,오피스텔,전세,80,높음,자치구,16400.0,보증금,20400.4,14000.0,25243.8,7.6813,0.63719,656.689,22.4,17.9,41.2,16400.0,0.0
장위2동,성북구,행정동,37.61162964773797,127.0522686683526,단독다가구,매매,42,높음,법정동,73400.0,매매가,76107.0,60375.0,86500.0,9.36511,0.38855,701.081,100.2,73.0,162.1,,
장위2동,성북구,행정동,37.61162964773797,127.0522686683526,아파트,매매,217,높음,법정동,119000.0,매매가,105571.0,87500.0,128000.0,6.54063,1.16682,1473.622,84.5,59.4,85.0,,
장위2동,성북구,행정동,37.61162964773797,127.0522686683526,연립다세대,매매,155,높음,해당지역,62500.0,매매가,61491.9,54000.0,73000.0,9.59652,0.36715,1290.225,46.7,31.7,57.9,,
장위2동,성북구,행정동,37.61162964773797,127.0522686683526,오피스텔,매매,30,높음,자치구,23500.0,매매가,28208.3,15000.0,32375.0,6.59897,0.9926,696.798,29.5,21.8,49.6,,
장위2동,성북구,행정동,37.61162964773797,127.0522686683526,단독다가구,월세,209,높음,법정동,54.6,월환산,59.5,42.3,74.2,2.78311,0.31683,1.239,45.0,33.4,62.0,1000.0,40.0
장위2동,성북구,행정동,37.61162964773797,127.0522686683526,아파트,월세,55,높음,해당지역,92.5,월환산,123.4,86.9,122.7,0.43561,1.11911,2.44,39.9,39.7,50.0,11020.0,42.0
장위2동,성북구,행정동,37.61162964773797,127.0522686683526,연립다세대,월세,47,높음,해당지역,83.3,월환산,87.7,70.0,110.8,4.64523,-0.05887,1.87,41.2,29.0,54.4,5000.0,45.0
장위2동,성북구,행정동,37.61162964773797,127.0522686683526,오피스텔,월세,16,보통,해당지역,123.8,월환산,116.3,123.8,123.9,,,4.236,27.2,27.2,29.3,3000.0,110.0
장위2동,성북구,행정동,37.61162964773797,127.0522686683526,단독다가구,전세,74,높음,법정동,12000.0,보증금,12038.5,7125.0,15562.5,6.25636,0.73436,202.14,54.2,41.1,67.6,12000.0,0.0
장위2동,성북구,행정동,37.61162964773797,127.0522686683526,아파트,전세,11,보통,해당지역,45000.0,보증금,49386.2,37158.5,64000.0,,,618.84,84.7,69.9,84.9,45000.0,0.0
장위2동,성북구,행정동,37.61162964773797,127.0522686683526,연립다세대,전세,163,높음,해당지역,20000.0,보증금,21056.2,17000.0,25000.0,8.94664,0.25834,478.445,45.1,29.7,58.1,20000.0,0.0
장위2동,성북구,행정동,37.61162964773797,127.0522686683526,오피스텔,전세,80,높음,자치구,16400.0,보증금,20400.4,14000.0,25243.8,7.6813,0.63719,656.689,22.4,17.9,41.2,16400.0,0.0
장위3동,성북구,행정동,37.618344624718375,127.05318406551257,단독다가구,매매,42,높음,법정동,73400.0,매매가,76107.0,60375.0,86500.0,9.36511,0.38855,701.081,100.2,73.0,162.1,,
장위3동,성북구,행정동,37.618344624718375,127.05318406551257,아파트,매매,158,높음,해당지역,108800.0,매매가,100505.7,84625.0,126250.0,6.13854,1.24711,1412.311,84.8,59.9,85.0,,
장위3동,성북구,행정동,37.618344624718375,127.05318406551257,연립다세대,매매,400,높음,법정동,51250.0,매매가,52544.9,40000.0,64550.0,9.20711,0.42695,1153.733,46.4,34.5,55.3,,
장위3동,성북구,행정동,37.618344624718375,127.05318406551257,오피스텔,매매,30,높음,자치구,23500.0,매매가,28208.3,15000.0,32375.0,6.59897,0.9926,696.798,29.5,21.8,49.6,,
장위3동,성북구,행정동,37.618344624718375,127.05318406551257,단독다가구,월세,209,높음,법정동,54.6,월환산,59.5,42.3,74.2,2.78311,0.31683,1.239,45.0,33.4,62.0,1000.0,40.0
장위3동,성북구,행정동,37.618344624718375,127.05318406551257,아파트,월세,221,높음,해당지역,77.4,월환산,110.0,67.0,119.6,2.456,0.56788,2.683,39.3,32.2,49.3,9173.0,37.0
장위3동,성북구,행정동,37.618344624718375,127.05318406551257,연립다세대,월세,155,높음,법정동,74.6,월환산,76.7,60.4,93.5,3.64624,0.17125,1.745,41.9,29.9,55.0,6000.0,40.0
장위3동,성북구,행정동,37.618344624718375,127.05318406551257,오피스텔,월세,31,높음,해당지역,72.6,월환산,68.7,64.6,74.6,,,4.026,18.0,18.0,18.0,1000.0,68.0
장위3동,성북구,행정동,37.618344624718375,127.05318406551257,단독다가구,전세,74,높음,법정동,12000.0,보증금,12038.5,7125.0,15562.5,6.25636,0.73436,202.14,54.2,41.1,67.6,12000.0,0.0
장위3동,성북구,행정동,37.618344624718375,127.05318406551257,아파트,전세,174,높음,해당지역,56700.0,보증금,57290.4,50000.0,65000.0,6.98608,0.91208,741.7,84.9,60.0,85.0,56700.0,0.0
장위3동,성북구,행정동,37.618344624718375,127.05318406551257,연립다세대,전세,11,보통,해당지역,14000.0,보증금,13592.1,10750.0,16540.0,,,268.902,52.9,33.4,56.0,14000.0,0.0
장위3동,성북구,행정동,37.618344624718375,127.05318406551257,오피스텔,전세,80,높음,자치구,16400.0,보증금,20400.4,14000.0,25243.8,7.6813,0.63719,656.689,22.4,17.9,41.2,16400.0,0.0
정릉1동,성북구,행정동,37.6035553267096,127.01711179082528,단독다가구,매매,16,보통,법정동,70920.0,매매가,78243.1,57950.0,83812.5,,,613.635,145.7,67.0,209.8,,
정릉1동,성북구,행정동,37.6035553267096,127.01711179082528,아파트,매매,166,높음,해당지역,77250.0,매매가,77909.9,65000.0,89000.0,9.06097,0.50372,998.346,84.6,59.9,85.0,,
정릉1동,성북구,행정동,37.6035553267096,127.01711179082528,연립다세대,매매,18,보통,해당지역,28250.0,매매가,31502.8,23625.0,36500.0,,,612.555,55.5,47.4,62.7,,
정릉1동,성북구,행정동,37.6035553267096,127.01711179082528,오피스텔,매매,30,높음,자치구,23500.0,매매가,28208.3,15000.0,32375.0,6.59897,0.9926,696.798,29.5,21.8,49.6,,
정릉1동,성북구,행정동,37.6035553267096,127.01711179082528,단독다가구,월세,492,높음,법정동,55.4,월환산,56.8,46.5,64.6,3.14973,0.25975,2.493,19.8,16.0,33.0,1000.0,50.0
정릉1동,성북구,행정동,37.6035553267096,127.01711179082528,아파트,월세,58,높음,해당지역,186.5,월환산,195.5,149.2,239.6,1.77961,0.82168,2.875,59.9,59.4,84.6,15000.0,97.0
정릉1동,성북구,행정동,37.6035553267096,127.01711179082528,연립다세대,월세,24,보통,해당지역,75.7,월환산,73.2,46.6,99.2,1.62515,0.755,2.36,29.7,16.2,46.2,2000.0,42.0
정릉1동,성북구,행정동,37.6035553267096,127.01711179082528,오피스텔,월세,329,높음,자치구,79.1,월환산,90.0,69.6,97.9,2.53636,0.59093,3.49,25.0,19.4,29.8,2000.0,70.0
정릉1동,성북구,행정동,37.6035553267096,127.01711179082528,단독다가구,전세,85,높음,법정동,12000.0,보증금,13935.3,8000.0,16000.0,7.47315,0.4917,277.638,50.0,34.9,66.8,12000.0,0.0
정릉1동,성북구,행정동,37.6035553267096,127.01711179082528,아파트,전세,91,높음,해당지역,49500.0,보증금,50444.3,41500.0,58275.0,7.8423,0.68761,654.279,84.1,59.4,84.9,49500.0,0.0
정릉1동,성북구,행정동,37.6035553267096,127.01711179082528,연립다세대,전세,11,보통,해당지역,23100.0,보증금,21463.6,18500.0,25000.0,,,397.902,60.1,49.3,62.0,23100.0,0.0
정릉1동,성북구,행정동,37.6035553267096,127.01711179082528,오피스텔,전세,80,높음,자치구,16400.0,보증금,20400.4,14000.0,25243.8,7.6813,0.63719,656.689,22.4,17.9,41.2,16400.0,0.0
정릉2동,성북구,행정동,37.60442933600192,127.01101617728473,단독다가구,매매,16,보통,법정동,70920.0,매매가,78243.1,57950.0,83812.5,,,613.635,145.7,67.0,209.8,,
정릉2동,성북구,행정동,37.60442933600192,127.01101617728473,아파트,매매,132,높음,해당지역,71500.0,매매가,70771.6,63000.0,79200.0,8.828,0.53776,929.795,84.7,60.0,85.0,,
정릉2동,성북구,행정동,37.60442933600192,127.01101617728473,연립다세대,매매,86,높음,해당지역,24700.0,매매가,26431.1,20000.0,32375.0,9.50649,0.14896,443.428,55.6,42.8,66.2,,
정릉2동,성북구,행정동,37.60442933600192,127.01101617728473,오피스텔,매매,30,높음,자치구,23500.0,매매가,28208.3,15000.0,32375.0,6.59897,0.9926,696.798,29.5,21.8,49.6,,
정릉2동,성북구,행정동,37.60442933600192,127.01101617728473,단독다가구,월세,492,높음,법정동,55.4,월환산,56.8,46.5,64.6,3.14973,0.25975,2.493,19.8,16.0,33.0,1000.0,50.0
정릉2동,성북구,행정동,37.60442933600192,127.01101617728473,아파트,월세,43,높음,해당지역,185.8,월환산,182.3,148.8,232.9,0.74739,1.01024,2.481,84.9,60.0,85.0,10000.0,110.0
정릉2동,성북구,행정동,37.60442933600192,127.01101617728473,연립다세대,월세,136,높음,해당지역,92.9,월환산,97.1,75.6,118.8,2.37784,0.55847,2.257,44.7,29.9,59.0,5000.0,57.0
정릉2동,성북구,행정동,37.60442933600192,127.01101617728473,오피스텔,월세,329,높음,자치구,79.1,월환산,90.0,69.6,97.9,2.53636,0.59093,3.49,25.0,19.4,29.8,2000.0,70.0
정릉2동,성북구,행정동,37.60442933600192,127.01101617728473,단독다가구,전세,85,높음,법정동,12000.0,보증금,13935.3,8000.0,16000.0,7.47315,0.4917,277.638,50.0,34.9,66.8,12000.0,0.0
정릉2동,성북구,행정동,37.60442933600192,127.01101617728473,아파트,전세,66,높음,해당지역,45000.0,보증금,45386.4,38250.0,52375.0,6.52144,0.96389,605.151,84.6,60.0,85.0,45000.0,0.0
정릉2동,성북구,행정동,37.60442933600192,127.01101617728473,연립다세대,전세,75,높음,해당지역,16800.0,보증금,18389.6,14550.0,22000.0,8.39753,0.3455,340.483,54.1,43.4,67.2,16800.0,0.0
정릉2동,성북구,행정동,37.60442933600192,127.01101617728473,오피스텔,전세,80,높음,자치구,16400.0,보증금,20400.4,14000.0,25243.8,7.6813,0.63719,656.689,22.4,17.9,41.2,16400.0,0.0
정릉3동,성북구,행정동,37.6083750836667,127.00231947649542,단독다가구,매매,16,보통,법정동,70920.0,매매가,78243.1,57950.0,83812.5,,,613.635,145.7,67.0,209.8,,
정릉3동,성북구,행정동,37.6083750836667,127.00231947649542,아파트,매매,13,보통,해당지역,58500.0,매매가,55184.6,54800.0,64000.0,,,739.919,81.1,59.9,84.9,,
정릉3동,성북구,행정동,37.6083750836667,127.00231947649542,연립다세대,매매,59,높음,해당지역,23000.0,매매가,26010.3,16900.0,29500.0,7.0705,0.7635,497.512,51.9,40.0,60.0,,
정릉3동,성북구,행정동,37.6083750836667,127.00231947649542,오피스텔,매매,30,높음,자치구,23500.0,매매가,28208.3,15000.0,32375.0,6.59897,0.9926,696.798,29.5,21.8,49.6,,
정릉3동,성북구,행정동,37.6083750836667,127.00231947649542,단독다가구,월세,492,높음,법정동,55.4,월환산,56.8,46.5,64.6,3.14973,0.25975,2.493,19.8,16.0,33.0,1000.0,50.0
정릉3동,성북구,행정동,37.6083750836667,127.00231947649542,아파트,월세,157,높음,법정동,177.9,월환산,174.2,138.8,217.5,0.54373,1.07287,2.413,60.0,59.4,85.0,10000.0,90.0
정릉3동,성북구,행정동,37.6083750836667,127.00231947649542,연립다세대,월세,220,높음,해당지역,57.5,월환산,63.9,45.2,79.7,3.73072,0.09781,2.27,26.4,19.7,49.3,2000.0,44.0
정릉3동,성북구,행정동,37.6083750836667,127.00231947649542,오피스텔,월세,329,높음,자치구,79.1,월환산,90.0,69.6,97.9,2.53636,0.59093,3.49,25.0,19.4,29.8,2000.0,70.0
정릉3동,성북구,행정동,37.6083750836667,127.00231947649542,단독다가구,전세,85,높음,법정동,12000.0,보증금,13935.3,8000.0,16000.0,7.47315,0.4917,277.638,50.0,34.9,66.8,12000.0,0.0
정릉3동,성북구,행정동,37.6083750836667,127.00231947649542,아파트,전세,281,높음,법정동,44100.0,보증금,43993.0,37000.0,50000.0,7.50893,0.73241,582.709,84.1,59.9,85.0,44100.0,0.0
정릉3동,성북구,행정동,37.6083750836667,127.00231947649542,연립다세대,전세,25,보통,해당지역,16000.0,보증금,15939.4,10200.0,18300.0,9.61356,-0.00932,290.859,51.8,40.8,67.3,16000.0,0.0
정릉3동,성북구,행정동,37.6083750836667,127.00231947649542,오피스텔,전세,80,높음,자치구,16400.0,보증금,20400.4,14000.0,25243.8,7.6813,0.63719,656.689,22.4,17.9,41.2,16400.0,0.0
정릉4동,성북구,행정동,37.61552129310845,127.00751508316412,단독다가구,매매,16,보통,법정동,70920.0,매매가,78243.1,57950.0,83812.5,,,613.635,145.7,67.0,209.8,,
정릉4동,성북구,행정동,37.61552129310845,127.00751508316412,아파트,매매,226,높음,해당지역,65600.0,매매가,63088.1,56350.0,72725.0,8.44778,0.6018,858.445,60.0,59.9,85.0,,
정릉4동,성북구,행정동,37.61552129310845,127.00751508316412,연립다세대,매매,57,높음,해당지역,25000.0,매매가,24749.1,17000.0,31200.0,7.26387,0.69208,420.259,56.8,45.6,69.5,,
정릉4동,성북구,행정동,37.61552129310845,127.00751508316412,오피스텔,매매,30,높음,자치구,23500.0,매매가,28208.3,15000.0,32375.0,6.59897,0.9926,696.798,29.5,21.8,49.6,,
정릉4동,성북구,행정동,37.61552129310845,127.00751508316412,단독다가구,월세,492,높음,법정동,55.4,월환산,56.8,46.5,64.6,3.14973,0.25975,2.493,19.8,16.0,33.0,1000.0,50.0
정릉4동,성북구,행정동,37.61552129310845,127.00751508316412,아파트,월세,55,높음,해당지역,162.1,월환산,153.8,96.5,199.6,-0.6453,1.3389,2.279,59.9,48.0,84.5,6000.0,90.0
정릉4동,성북구,행정동,37.61552129310845,127.00751508316412,연립다세대,월세,68,높음,해당지역,66.8,월환산,71.9,52.6,93.2,2.85695,0.37227,1.827,41.1,17.4,55.0,2960.5,48.0
정릉4동,성북구,행정동,37.61552129310845,127.00751508316412,오피스텔,월세,329,높음,자치구,79.1,월환산,90.0,69.6,97.9,2.53636,0.59093,3.49,25.0,19.4,29.8,2000.0,70.0
정릉4동,성북구,행정동,37.61552129310845,127.00751508316412,단독다가구,전세,85,높음,법정동,12000.0,보증금,13935.3,8000.0,16000.0,7.47315,0.4917,277.638,50.0,34.9,66.8,12000.0,0.0
정릉4동,성북구,행정동,37.61552129310845,127.00751508316412,아파트,전세,132,높음,해당지역,41945.0,보증금,41031.0,33900.0,47437.5,7.58235,0.70028,550.257,76.9,59.9,85.0,41945.0,0.0
정릉4동,성북구,행정동,37.61552129310845,127.00751508316412,연립다세대,전세,58,높음,해당지역,19200.0,보증금,18304.7,12247.5,24375.0,7.7233,0.51448,329.555,54.5,37.0,68.6,19200.0,0.0
정릉4동,성북구,행정동,37.61552129310845,127.00751508316412,오피스텔,전세,80,높음,자치구,16400.0,보증금,20400.4,14000.0,25243.8,7.6813,0.63719,656.689,22.4,17.9,41.2,16400.0,0.0
종암동,성북구,행정동,37.59905227497967,127.03423711457309,단독다가구,매매,12,보통,해당지역,49750.0,매매가,61642.0,33386.8,84375.0,,,843.315,61.5,31.9,115.2,,
종암동,성북구,행정동,37.59905227497967,127.03423711457309,아파트,매매,257,높음,해당지역,101000.0,매매가,99804.2,89000.0,111000.0,9.62239,0.42912,1306.651,84.7,60.0,85.0,,
종암동,성북구,행정동,37.59905227497967,127.03423711457309,연립다세대,매매,59,높음,해당지역,31500.0,매매가,34411.0,26250.0,35700.0,8.96119,0.37277,764.577,47.6,30.0,58.8,,
종암동,성북구,행정동,37.59905227497967,127.03423711457309,오피스텔,매매,30,높음,자치구,23500.0,매매가,28208.3,15000.0,32375.0,6.59897,0.9926,696.798,29.5,21.8,49.6,,
종암동,성북구,행정동,37.59905227497967,127.03423711457309,단독다가구,월세,290,높음,해당지역,55.9,월환산,61.1,47.3,69.2,2.89371,0.35726,2.353,21.0,18.0,36.6,1000.0,50.0
종암동,성북구,행정동,37.59905227497967,127.03423711457309,아파트,월세,123,높음,해당지역,214.8,월환산,212.2,172.2,252.5,1.92787,0.8098,3.259,60.0,59.7,85.0,13100.0,120.0
종암동,성북구,행정동,37.59905227497967,127.03423711457309,연립다세대,월세,102,높음,해당지역,90.3,월환산,93.6,69.6,112.8,2.83168,0.4649,2.763,30.2,26.8,47.4,3000.0,60.0
종암동,성북구,행정동,37.59905227497967,127.03423711457309,오피스텔,월세,329,높음,자치구,79.1,월환산,90.0,69.6,97.9,2.53636,0.59093,3.49,25.0,19.4,29.8,2000.0,70.0
종암동,성북구,행정동,37.59905227497967,127.03423711457309,단독다가구,전세,43,높음,해당지역,14000.0,보증금,14426.7,10000.0,17425.0,6.63063,0.75497,297.53,45.2,35.6,52.9,14000.0,0.0
종암동,성북구,행정동,37.59905227497967,127.03423711457309,아파트,전세,181,높음,해당지역,52500.0,보증금,53660.7,46000.0,60000.0,8.30692,0.5942,731.736,75.5,59.9,85.0,52500.0,0.0
종암동,성북구,행정동,37.59905227497967,127.03423711457309,연립다세대,전세,46,높음,해당지역,20619.5,보증금,21667.9,16525.0,26550.0,7.12935,0.76863,569.699,33.5,28.4,59.1,20619.5,0.0
종암동,성북구,행정동,37.59905227497967,127.03423711457309,오피스텔,전세,80,높음,자치구,16400.0,보증금,20400.4,14000.0,25243.8,7.6813,0.63719,656.689,22.4,17.9,41.2,16400.0,0.0
가락1동,송파구,행정동,37.497470478453785,127.10713355259423,단독다가구,매매,93,높음,자치구,165000.0,매매가,201609.4,125000.0,290000.0,8.45908,0.66571,746.317,246.5,161.0,377.2,,
가락1동,송파구,행정동,37.497470478453785,127.10713355259423,아파트,매매,135,높음,해당지역,282000.0,매매가,278262.2,258250.0,300750.0,10.51202,0.45917,3312.544,85.0,85.0,92.3,,
가락1동,송파구,행정동,37.497470478453785,127.10713355259423,연립다세대,매매,179,높음,법정동,41000.0,매매가,44018.8,31250.0,50680.5,8.41888,0.57845,873.362,46.1,33.3,57.3,,
가락1동,송파구,행정동,37.497470478453785,127.10713355259423,오피스텔,매매,43,높음,법정동,19000.0,매매가,22712.8,13550.0,25000.0,4.62104,1.45801,544.413,33.2,30.3,42.1,,
가락1동,송파구,행정동,37.497470478453785,127.10713355259423,단독다가구,월세,185,높음,법정동,69.6,월환산,78.1,56.2,95.8,2.84571,0.39828,1.985,38.7,25.0,47.5,2000.0,55.0
가락1동,송파구,행정동,37.497470478453785,127.10713355259423,아파트,월세,560,높음,해당지역,395.8,월환산,342.5,115.5,509.2,-1.26207,1.67477,5.566,60.0,39.2,85.0,20000.0,140.0
가락1동,송파구,행정동,37.497470478453785,127.10713355259423,연립다세대,월세,614,높음,법정동,93.4,월환산,96.5,67.6,118.3,3.18917,0.38135,2.942,29.8,21.4,44.0,5000.0,51.0
가락1동,송파구,행정동,37.497470478453785,127.10713355259423,오피스텔,월세,48,높음,법정동,69.7,월환산,83.4,64.4,101.6,2.6195,0.52522,2.752,29.3,19.3,37.5,1500.0,58.5
가락1동,송파구,행정동,37.497470478453785,127.10713355259423,단독다가구,전세,49,높음,법정동,17000.0,보증금,18883.2,13308.0,25000.0,5.3332,1.16741,413.36,41.0,32.8,53.9,17000.0,0.0
가락1동,송파구,행정동,37.497470478453785,127.10713355259423,아파트,전세,331,높음,해당지역,110000.0,보증금,109238.1,95000.0,123500.0,8.45294,0.72153,1412.097,85.0,60.0,85.0,110000.0,0.0
가락1동,송파구,행정동,37.497470478453785,127.10713355259423,연립다세대,전세,223,높음,법정동,25200.0,보증금,26654.4,20000.0,31000.0,8.01688,0.56561,597.384,44.1,29.7,53.9,25200.0,0.0
가락1동,송파구,행정동,37.497470478453785,127.10713355259423,오피스텔,전세,16,보통,법정동,16500.0,보증금,23831.2,13875.0,33375.0,,,498.779,36.2,32.9,56.8,16500.0,0.0
가락2동,송파구,행정동,37.495720798637294,127.12963399332133,단독다가구,매매,93,높음,자치구,165000.0,매매가,201609.4,125000.0,290000.0,8.45908,0.66571,746.317,246.5,161.0,377.2,,
가락2동,송파구,행정동,37.495720798637294,127.12963399332133,아파트,매매,170,높음,해당지역,180750.0,매매가,156435.9,96350.0,201750.0,8.50104,0.80379,2347.324,62.5,59.9,84.7,,
가락2동,송파구,행정동,37.495720798637294,127.12963399332133,연립다세대,매매,104,높음,해당지역,41000.0,매매가,41552.9,31500.0,48312.5,9.14749,0.38463,907.964,42.3,30.0,52.3,,
가락2동,송파구,행정동,37.495720798637294,127.12963399332133,오피스텔,매매,43,높음,법정동,19000.0,매매가,22712.8,13550.0,25000.0,4.62104,1.45801,544.413,33.2,30.3,42.1,,
가락2동,송파구,행정동,37.495720798637294,127.12963399332133,단독다가구,월세,185,높음,법정동,69.6,월환산,78.1,56.2,95.8,2.84571,0.39828,1.985,38.7,25.0,47.5,2000.0,55.0
가락2동,송파구,행정동,37.495720798637294,127.12963399332133,아파트,월세,163,높음,해당지역,259.2,월환산,262.2,199.1,351.9,4.69474,0.18423,4.198,60.7,59.9,84.7,28300.0,120.0
가락2동,송파구,행정동,37.495720798637294,127.12963399332133,연립다세대,월세,327,높음,해당지역,93.4,월환산,93.7,65.5,115.4,2.9101,0.45434,2.864,30.0,22.1,43.7,5000.0,50.0
가락2동,송파구,행정동,37.495720798637294,127.12963399332133,오피스텔,월세,14,보통,해당지역,59.6,월환산,68.4,55.1,69.8,,,2.686,20.3,19.3,23.5,7000.0,19.0
가락2동,송파구,행정동,37.495720798637294,127.12963399332133,단독다가구,전세,49,높음,법정동,17000.0,보증금,18883.2,13308.0,25000.0,5.3332,1.16741,413.36,41.0,32.8,53.9,17000.0,0.0
가락2동,송파구,행정동,37.495720798637294,127.12963399332133,아파트,전세,164,높음,해당지역,68200.0,보증금,66721.6,50000.0,80000.0,9.27841,0.4112,875.508,82.3,59.9,84.7,68200.0,0.0
가락2동,송파구,행정동,37.495720798637294,127.12963399332133,연립다세대,전세,127,높음,해당지역,25000.0,보증금,25379.1,20350.0,30000.0,7.87927,0.59147,577.943,44.6,34.4,53.9,25000.0,0.0
가락2동,송파구,행정동,37.495720798637294,127.12963399332133,오피스텔,전세,16,보통,법정동,16500.0,보증금,23831.2,13875.0,33375.0,,,498.779,36.2,32.9,56.8,16500.0,0.0
가락본동,송파구,행정동,37.497114352109485,127.12077232226687,단독다가구,매매,93,높음,자치구,165000.0,매매가,201609.4,125000.0,290000.0,8.45908,0.66571,746.317,246.5,161.0,377.2,,
가락본동,송파구,행정동,37.497114352109485,127.12077232226687,아파트,매매,113,높음,해당지역,159000.0,매매가,148871.2,127000.0,185000.0,7.88873,0.89784,1871.819,84.5,59.9,101.5,,
가락본동,송파구,행정동,37.497114352109485,127.12077232226687,연립다세대,매매,75,높음,해당지역,41800.0,매매가,47438.3,29900.0,59000.0,7.66892,0.77058,849.29,48.3,42.8,58.8,,
가락본동,송파구,행정동,37.497114352109485,127.12077232226687,오피스텔,매매,39,높음,해당지역,18000.0,매매가,20137.2,13200.0,21500.0,5.18814,1.28991,527.357,31.4,30.3,39.5,,
가락본동,송파구,행정동,37.497114352109485,127.12077232226687,단독다가구,월세,185,높음,법정동,69.6,월환산,78.1,56.2,95.8,2.84571,0.39828,1.985,38.7,25.0,47.5,2000.0,55.0
가락본동,송파구,행정동,37.497114352109485,127.12077232226687,아파트,월세,153,높음,해당지역,221.7,월환산,210.0,141.7,281.6,0.96959,1.05721,3.471,59.9,43.8,84.8,20000.0,80.0
가락본동,송파구,행정동,37.497114352109485,127.12077232226687,연립다세대,월세,287,높음,해당지역,93.9,월환산,99.6,69.4,121.7,3.43356,0.31923,3.106,28.4,21.1,45.5,5000.0,55.0
가락본동,송파구,행정동,37.497114352109485,127.12077232226687,오피스텔,월세,34,높음,해당지역,77.6,월환산,89.6,65.7,107.9,2.39,0.60053,2.77,30.3,27.9,39.2,1000.0,62.5
가락본동,송파구,행정동,37.497114352109485,127.12077232226687,단독다가구,전세,49,높음,법정동,17000.0,보증금,18883.2,13308.0,25000.0,5.3332,1.16741,413.36,41.0,32.8,53.9,17000.0,0.0
가락본동,송파구,행정동,37.497114352109485,127.12077232226687,아파트,전세,201,높음,해당지역,58000.0,보증금,60372.7,46200.0,73000.0,7.91018,0.72071,862.589,59.9,58.5,85.0,58000.0,0.0
가락본동,송파구,행정동,37.497114352109485,127.12077232226687,연립다세대,전세,96,높음,해당지역,28350.0,보증금,28341.4,19987.5,33000.0,8.09359,0.55945,675.144,40.5,27.6,53.4,28350.0,0.0
가락본동,송파구,행정동,37.497114352109485,127.12077232226687,오피스텔,전세,10,보통,해당지역,16500.0,보증금,22250.0,13750.0,35125.0,,,498.779,35.0,32.9,56.8,16500.0,0.0
거여1동,송파구,행정동,37.495447802151645,127.14306290583302,단독다가구,매매,11,보통,법정동,107000.0,매매가,121088.2,81750.0,157500.0,,,774.111,148.8,141.9,168.3,,
거여1동,송파구,행정동,37.495447802151645,127.14306290583302,아파트,매매,41,높음,해당지역,120500.0,매매가,115836.6,107000.0,128000.0,9.0264,0.5951,1469.272,84.9,84.6,84.9,,
거여1동,송파구,행정동,37.495447802151645,127.14306290583302,연립다세대,매매,51,높음,해당지역,34500.0,매매가,37187.3,29750.0,43900.0,8.98891,0.39799,886.713,39.8,29.9,53.9,,
거여1동,송파구,행정동,37.495447802151645,127.14306290583302,오피스텔,매매,18,보통,법정동,18250.0,매매가,25244.4,17050.0,20825.0,,,901.319,20.9,18.6,23.9,,
거여1동,송파구,행정동,37.495447802151645,127.14306290583302,단독다가구,월세,149,높음,법정동,69.2,월환산,99.1,44.6,156.7,3.33672,0.25957,1.592,42.5,30.0,60.0,2000.0,45.0
거여1동,송파구,행정동,37.495447802151645,127.14306290583302,아파트,월세,20,보통,해당지역,245.8,월환산,242.1,197.2,277.0,3.65786,0.42556,3.329,84.8,71.1,84.9,27500.0,95.0
거여1동,송파구,행정동,37.495447802151645,127.14306290583302,연립다세대,월세,66,높음,해당지역,113.3,월환산,116.5,89.4,133.8,3.36522,0.3747,3.213,34.0,28.6,43.6,11985.0,50.0
거여1동,송파구,행정동,37.495447802151645,127.14306290583302,오피스텔,월세,23,보통,해당지역,107.5,월환산,109.5,96.4,121.7,1.68067,0.90998,4.071,25.8,25.6,29.7,16000.0,34.0
거여1동,송파구,행정동,37.495447802151645,127.14306290583302,단독다가구,전세,50,높음,법정동,15000.0,보증금,22020.1,10250.0,30000.0,7.93868,0.46051,332.311,46.9,35.6,76.1,15000.0,0.0
거여1동,송파구,행정동,37.495447802151645,127.14306290583302,아파트,전세,37,높음,해당지역,53500.0,보증금,54680.8,49350.0,62000.0,8.41199,0.57398,719.085,84.9,59.9,84.9,53500.0,0.0
거여1동,송파구,행정동,37.495447802151645,127.14306290583302,연립다세대,전세,54,높음,해당지역,22000.0,보증금,23138.9,18550.0,27000.0,8.60579,0.37588,567.88,39.3,29.7,48.9,22000.0,0.0
거여1동,송파구,행정동,37.495447802151645,127.14306290583302,오피스텔,전세,17,보통,해당지역,26290.0,보증금,26044.7,24000.0,27000.0,,,859.711,30.0,29.7,30.0,26290.0,0.0
거여2동,송파구,행정동,37.493307061998244,127.1471449304734,단독다가구,매매,11,보통,법정동,107000.0,매매가,121088.2,81750.0,157500.0,,,774.111,148.8,141.9,168.3,,
거여2동,송파구,행정동,37.493307061998244,127.1471449304734,아파트,매매,185,높음,해당지역,124000.0,매매가,132945.4,104000.0,163500.0,9.165,0.63128,2229.798,59.7,49.8,83.0,,
거여2동,송파구,행정동,37.493307061998244,127.1471449304734,연립다세대,매매,26,보통,해당지역,106500.0,매매가,97215.4,95850.0,119500.0,12.22057,-0.21255,2180.373,52.4,39.8,61.7,,
거여2동,송파구,행정동,37.493307061998244,127.1471449304734,오피스텔,매매,18,보통,법정동,18250.0,매매가,25244.4,17050.0,20825.0,,,901.319,20.9,18.6,23.9,,
거여2동,송파구,행정동,37.493307061998244,127.1471449304734,단독다가구,월세,149,높음,법정동,69.2,월환산,99.1,44.6,156.7,3.33672,0.25957,1.592,42.5,30.0,60.0,2000.0,45.0
거여2동,송파구,행정동,37.493307061998244,127.1471449304734,아파트,월세,414,높음,해당지역,153.0,월환산,184.2,32.8,322.8,-5.753,2.6104,2.982,59.7,39.9,83.0,10000.0,58.5
거여2동,송파구,행정동,37.493307061998244,127.1471449304734,연립다세대,월세,18,보통,해당지역,99.6,월환산,102.0,80.1,121.1,,,2.192,43.1,39.4,52.9,5000.0,60.0
거여2동,송파구,행정동,37.493307061998244,127.1471449304734,오피스텔,월세,179,높음,법정동,90.4,월환산,105.6,84.0,104.4,1.8325,0.85308,4.087,23.1,20.5,26.0,10000.0,34.0
거여2동,송파구,행정동,37.493307061998244,127.1471449304734,단독다가구,전세,50,높음,법정동,15000.0,보증금,22020.1,10250.0,30000.0,7.93868,0.46051,332.311,46.9,35.6,76.1,15000.0,0.0
거여2동,송파구,행정동,37.493307061998244,127.1471449304734,아파트,전세,415,높음,해당지역,66000.0,보증금,64393.4,47000.0,78750.0,7.09615,0.92937,917.863,60.0,59.7,85.0,66000.0,0.0
거여2동,송파구,행정동,37.493307061998244,127.1471449304734,연립다세대,전세,27,보통,해당지역,20700.0,보증금,25410.0,16935.0,29400.0,7.06967,0.78789,510.362,42.3,31.9,63.0,20700.0,0.0
거여2동,송파구,행정동,37.493307061998244,127.1471449304734,오피스텔,전세,82,높음,법정동,26375.0,보증금,29022.5,17587.5,36375.0,6.82977,0.97135,849.567,30.0,20.5,43.8,26375.0,0.0
마천1동,송파구,행정동,37.49582571900503,127.15725066924868,단독다가구,매매,26,보통,법정동,142000.0,매매가,136988.5,125000.0,160000.0,10.57588,0.23832,727.632,205.6,156.8,244.0,,
마천1동,송파구,행정동,37.49582571900503,127.15725066924868,아파트,매매,27,보통,해당지역,135000.0,매매가,123714.8,120500.0,139250.0,8.40728,0.73676,1314.072,84.9,84.1,114.8,,
마천1동,송파구,행정동,37.49582571900503,127.15725066924868,연립다세대,매매,110,높음,해당지역,103750.0,매매가,95916.2,80000.0,113000.0,10.41574,0.26539,2158.505,47.0,35.7,58.0,,
마천1동,송파구,행정동,37.49582571900503,127.15725066924868,오피스텔,매매,589,높음,자치구,24800.0,매매가,36142.0,19500.0,43000.0,6.08228,1.20943,900.217,29.8,24.7,45.0,,
마천1동,송파구,행정동,37.49582571900503,127.15725066924868,단독다가구,월세,196,높음,법정동,46.1,월환산,49.9,35.9,59.6,3.26883,0.13735,1.21,39.6,30.0,70.4,1000.0,40.0
마천1동,송파구,행정동,37.49582571900503,127.15725066924868,아파트,월세,184,높음,해당지역,51.0,월환산,66.1,45.7,59.1,1.67234,0.62701,1.061,49.6,40.0,59.9,5630.5,28.0
마천1동,송파구,행정동,37.49582571900503,127.15725066924868,연립다세대,월세,30,높음,해당지역,84.4,월환산,86.2,70.4,102.2,3.81703,0.14914,1.696,49.4,36.8,59.7,10000.0,45.0
마천1동,송파구,행정동,37.49582571900503,127.15725066924868,오피스텔,월세,3617,높음,자치구,104.2,월환산,117.8,92.9,124.6,2.21213,0.76718,4.277,25.3,20.8,29.8,3000.0,81.0
마천1동,송파구,행정동,37.49582571900503,127.15725066924868,단독다가구,전세,100,높음,법정동,11000.0,보증금,11921.8,7000.0,15000.0,7.67825,0.38317,223.991,44.2,32.7,72.2,11000.0,0.0
마천1동,송파구,행정동,37.49582571900503,127.15725066924868,아파트,전세,75,높음,해당지역,50185.0,보증금,49932.2,41580.0,57000.0,6.32128,0.99702,519.618,84.9,84.1,85.0,50185.0,0.0
마천1동,송파구,행정동,37.49582571900503,127.15725066924868,연립다세대,전세,83,높음,해당지역,17500.0,보증금,19157.1,15000.0,22500.0,5.14186,1.18743,367.524,50.5,39.4,57.5,17500.0,0.0
마천1동,송파구,행정동,37.49582571900503,127.15725066924868,오피스텔,전세,793,높음,자치구,28000.0,보증금,30654.2,20740.0,39800.0,7.37253,0.83144,885.66,30.0,24.1,46.4,28000.0,0.0
마천2동,송파구,행정동,37.50013491368319,127.14891974343426,단독다가구,매매,26,보통,법정동,142000.0,매매가,136988.5,125000.0,160000.0,10.57588,0.23832,727.632,205.6,156.8,244.0,,
마천2동,송파구,행정동,37.50013491368319,127.14891974343426,아파트,매매,55,높음,해당지역,81000.0,매매가,89440.0,70350.0,109000.0,8.22898,0.73351,1177.355,79.1,59.9,84.7,,
마천2동,송파구,행정동,37.50013491368319,127.14891974343426,연립다세대,매매,111,높음,해당지역,50000.0,매매가,59537.8,31550.0,90000.0,9.27412,0.41128,1153.497,43.6,37.9,50.7,,
마천2동,송파구,행정동,37.50013491368319,127.14891974343426,오피스텔,매매,589,높음,자치구,24800.0,매매가,36142.0,19500.0,43000.0,6.08228,1.20943,900.217,29.8,24.7,45.0,,
마천2동,송파구,행정동,37.50013491368319,127.14891974343426,단독다가구,월세,196,높음,법정동,46.1,월환산,49.9,35.9,59.6,3.26883,0.13735,1.21,39.6,30.0,70.4,1000.0,40.0
마천2동,송파구,행정동,37.50013491368319,127.14891974343426,아파트,월세,10,보통,해당지역,201.0,월환산,195.6,158.4,242.7,,,2.806,80.1,55.3,83.3,22500.0,92.5
마천2동,송파구,행정동,37.50013491368319,127.14891974343426,연립다세대,월세,72,높음,해당지역,84.9,월환산,94.5,66.6,115.3,2.49546,0.51537,1.896,44.4,30.7,54.0,8250.0,50.0
마천2동,송파구,행정동,37.50013491368319,127.14891974343426,오피스텔,월세,3617,높음,자치구,104.2,월환산,117.8,92.9,124.6,2.21213,0.76718,4.277,25.3,20.8,29.8,3000.0,81.0
마천2동,송파구,행정동,37.50013491368319,127.14891974343426,단독다가구,전세,100,높음,법정동,11000.0,보증금,11921.8,7000.0,15000.0,7.67825,0.38317,223.991,44.2,32.7,72.2,11000.0,0.0
마천2동,송파구,행정동,37.50013491368319,127.14891974343426,아파트,전세,37,높음,해당지역,44000.0,보증금,42639.2,36700.0,52000.0,5.47686,1.22094,623.986,70.4,59.4,82.1,44000.0,0.0
마천2동,송파구,행정동,37.50013491368319,127.14891974343426,연립다세대,전세,152,높음,해당지역,19920.0,보증금,20271.2,15000.0,25000.0,8.57102,0.33318,416.989,47.6,38.4,59.1,19920.0,0.0
마천2동,송파구,행정동,37.50013491368319,127.14891974343426,오피스텔,전세,793,높음,자치구,28000.0,보증금,30654.2,20740.0,39800.0,7.37253,0.83144,885.66,30.0,24.1,46.4,28000.0,0.0
문정1동,송파구,행정동,37.48773784519557,127.12569271391997,단독다가구,매매,93,높음,자치구,165000.0,매매가,201609.4,125000.0,290000.0,8.45908,0.66571,746.317,246.5,161.0,377.2,,
문정1동,송파구,행정동,37.48773784519557,127.12569271391997,아파트,매매,61,높음,해당지역,150000.0,매매가,153377.0,97000.0,208000.0,8.02633,0.85868,1673.044,85.0,59.8,121.0,,
문정1동,송파구,행정동,37.48773784519557,127.12569271391997,연립다세대,매매,84,높음,해당지역,36000.0,매매가,38879.8,29925.0,48000.0,8.49178,0.54342,907.732,43.2,29.7,51.8,,
문정1동,송파구,행정동,37.48773784519557,127.12569271391997,오피스텔,매매,305,높음,법정동,23000.0,매매가,31247.7,20000.0,44000.0,5.80758,1.27495,864.245,29.8,25.9,48.9,,
문정1동,송파구,행정동,37.48773784519557,127.12569271391997,단독다가구,월세,140,높음,법정동,77.4,월환산,86.3,57.5,104.6,2.49524,0.54225,2.419,33.0,22.0,44.4,2000.0,60.0
문정1동,송파구,행정동,37.48773784519557,127.12569271391997,아파트,월세,96,높음,해당지역,122.7,월환산,185.6,79.8,253.8,1.9826,0.81981,3.855,33.2,16.4,84.9,15450.0,46.0
문정1동,송파구,행정동,37.48773784519557,127.12569271391997,연립다세대,월세,410,높음,해당지역,95.3,월환산,95.1,66.6,115.1,3.03462,0.4217,2.955,29.9,22.9,44.1,8000.0,49.0
문정1동,송파구,행정동,37.48773784519557,127.12569271391997,오피스텔,월세,1936,높음,법정동,104.6,월환산,121.0,97.6,119.9,1.92738,0.84683,4.072,26.2,23.2,30.0,5000.0,82.5
문정1동,송파구,행정동,37.48773784519557,127.12569271391997,단독다가구,전세,31,높음,법정동,19000.0,보증금,18066.1,12000.0,23550.0,7.44789,0.57475,416.667,41.2,31.3,62.0,19000.0,0.0
문정1동,송파구,행정동,37.48773784519557,127.12569271391997,아파트,전세,90,높음,해당지역,70875.0,보증금,71919.4,48337.5,95750.0,8.40647,0.59106,770.083,85.0,84.9,123.6,70875.0,0.0
문정1동,송파구,행정동,37.48773784519557,127.12569271391997,연립다세대,전세,129,높음,해당지역,25000.0,보증금,26902.6,21000.0,30000.0,8.8657,0.34738,621.601,44.7,30.0,51.2,25000.0,0.0
문정1동,송파구,행정동,37.48773784519557,127.12569271391997,오피스텔,전세,328,높음,법정동,32900.0,보증금,32397.2,20700.0,41700.0,6.80667,0.98068,847.882,39.0,25.9,49.0,32900.0,0.0
문정2동,송파구,행정동,37.482200462257794,127.12112331612008,단독다가구,매매,93,높음,자치구,165000.0,매매가,201609.4,125000.0,290000.0,8.45908,0.66571,746.317,246.5,161.0,377.2,,
문정2동,송파구,행정동,37.482200462257794,127.12112331612008,아파트,매매,87,높음,해당지역,273000.0,매매가,263057.5,245000.0,295000.0,9.91924,0.54276,2294.86,117.6,84.8,136.3,,
문정2동,송파구,행정동,37.482200462257794,127.12112331612008,연립다세대,매매,157,높음,법정동,39000.0,매매가,40419.7,30000.0,48000.0,8.4183,0.57231,989.011,42.8,32.7,50.6,,
문정2동,송파구,행정동,37.482200462257794,127.12112331612008,오피스텔,매매,305,높음,해당지역,23000.0,매매가,31247.7,20000.0,44000.0,5.80758,1.27495,864.245,29.8,25.9,48.9,,
문정2동,송파구,행정동,37.482200462257794,127.12112331612008,단독다가구,월세,140,높음,법정동,77.4,월환산,86.3,57.5,104.6,2.49524,0.54225,2.419,33.0,22.0,44.4,2000.0,60.0
문정2동,송파구,행정동,37.482200462257794,127.12112331612008,아파트,월세,108,높음,해당지역,373.3,월환산,375.7,346.1,407.4,5.06238,0.18442,3.798,85.0,84.7,117.6,49800.0,160.0
문정2동,송파구,행정동,37.482200462257794,127.12112331612008,연립다세대,월세,606,높음,법정동,94.7,월환산,97.9,67.5,118.9,3.03513,0.4296,3.029,29.9,22.6,44.2,8000.0,50.0
문정2동,송파구,행정동,37.482200462257794,127.12112331612008,오피스텔,월세,1934,높음,해당지역,104.6,월환산,121.0,97.6,119.9,1.92624,0.84716,4.072,26.2,23.3,30.0,5000.0,83.0
문정2동,송파구,행정동,37.482200462257794,127.12112331612008,단독다가구,전세,31,높음,법정동,19000.0,보증금,18066.1,12000.0,23550.0,7.44789,0.57475,416.667,41.2,31.3,62.0,19000.0,0.0
문정2동,송파구,행정동,37.482200462257794,127.12112331612008,아파트,전세,188,높음,해당지역,90000.0,보증금,90140.9,78750.0,96625.0,9.57453,0.39383,873.62,85.0,84.8,136.3,90000.0,0.0
문정2동,송파구,행정동,37.482200462257794,127.12112331612008,연립다세대,전세,214,높음,법정동,25477.5,보증금,26874.9,21112.5,31400.0,8.9079,0.3357,629.426,42.6,31.5,51.1,25477.5,0.0
문정2동,송파구,행정동,37.482200462257794,127.12112331612008,오피스텔,전세,328,높음,해당지역,32900.0,보증금,32397.2,20700.0,41700.0,6.80667,0.98068,847.882,39.0,25.9,49.0,32900.0,0.0
방이1동,송파구,행정동,37.51024835327624,127.12160999406757,단독다가구,매매,93,높음,자치구,165000.0,매매가,201609.4,125000.0,290000.0,8.45908,0.66571,746.317,246.5,161.0,377.2,,
방이1동,송파구,행정동,37.51024835327624,127.12160999406757,아파트,매매,53,높음,해당지역,208000.0,매매가,195334.0,168000.0,248000.0,6.01212,1.33335,2038.777,85.0,84.9,125.1,,
방이1동,송파구,행정동,37.51024835327624,127.12160999406757,연립다세대,매매,80,높음,해당지역,50850.0,매매가,52990.0,45000.0,65000.0,9.21378,0.41226,924.917,48.7,40.0,67.3,,
방이1동,송파구,행정동,37.51024835327624,127.12160999406757,오피스텔,매매,122,높음,법정동,25000.0,매매가,26037.7,17350.0,32600.0,7.21264,0.89148,981.308,24.2,18.2,29.7,,
방이1동,송파구,행정동,37.51024835327624,127.12160999406757,단독다가구,월세,224,높음,법정동,83.2,월환산,89.8,65.2,108.4,2.86786,0.43895,2.347,35.5,24.0,46.0,2000.0,64.0
방이1동,송파구,행정동,37.51024835327624,127.12160999406757,아파트,월세,35,높음,해당지역,287.5,월환산,295.0,229.9,359.2,1.78384,0.85095,2.952,85.0,84.9,105.0,30000.0,120.0
방이1동,송파구,행정동,37.51024835327624,127.12160999406757,연립다세대,월세,160,높음,해당지역,98.1,월환산,108.9,69.5,142.6,2.70847,0.51964,2.669,35.2,26.6,54.4,10000.0,45.0
방이1동,송파구,행정동,37.51024835327624,127.12160999406757,오피스텔,월세,11,보통,해당지역,72.4,월환산,113.5,53.4,207.7,,,3.572,16.7,16.7,59.4,8100.0,38.0
방이1동,송파구,행정동,37.51024835327624,127.12160999406757,단독다가구,전세,33,높음,법정동,22000.0,보증금,21999.0,13000.0,27000.0,6.61943,0.84279,433.369,42.4,36.3,60.0,22000.0,0.0
방이1동,송파구,행정동,37.51024835327624,127.12160999406757,아파트,전세,48,높음,해당지역,71500.0,보증금,70770.0,63000.0,77500.0,8.03677,0.68456,765.471,85.0,85.0,92.5,71500.0,0.0
방이1동,송파구,행정동,37.51024835327624,127.12160999406757,연립다세대,전세,128,높음,해당지역,28950.0,보증금,29948.1,21777.5,36712.5,8.03341,0.57006,569.226,48.2,33.7,61.5,28950.0,0.0
방이1동,송파구,행정동,37.51024835327624,127.12160999406757,오피스텔,전세,246,높음,법정동,28800.0,보증금,29638.8,23525.0,33375.0,7.4874,0.82097,1007.251,29.3,23.8,34.2,28800.0,0.0
방이2동,송파구,행정동,37.51451358815755,127.11336552926706,단독다가구,매매,93,높음,자치구,165000.0,매매가,201609.4,125000.0,290000.0,8.45908,0.66571,746.317,246.5,161.0,377.2,,
방이2동,송파구,행정동,37.51451358815755,127.11336552926706,아파트,매매,49,높음,해당지역,63000.0,매매가,79636.7,39000.0,118000.0,7.10871,1.01277,1240.079,56.2,31.9,84.2,,
방이2동,송파구,행정동,37.51451358815755,127.11336552926706,연립다세대,매매,141,높음,해당지역,43000.0,매매가,42159.5,30000.0,52000.0,7.5272,0.80147,825.55,49.5,29.7,58.5,,
방이2동,송파구,행정동,37.51451358815755,127.11336552926706,오피스텔,매매,121,높음,해당지역,25000.0,매매가,26178.5,17500.0,32700.0,7.27921,0.87246,981.308,24.3,18.2,29.7,,
방이2동,송파구,행정동,37.51451358815755,127.11336552926706,단독다가구,월세,224,높음,법정동,83.2,월환산,89.8,65.2,108.4,2.86786,0.43895,2.347,35.5,24.0,46.0,2000.0,64.0
방이2동,송파구,행정동,37.51451358815755,127.11336552926706,아파트,월세,69,높음,해당지역,132.9,월환산,140.6,92.3,157.9,3.36044,0.43651,4.776,29.5,23.9,38.7,10000.0,79.0
방이2동,송파구,행정동,37.51451358815755,127.11336552926706,연립다세대,월세,621,높음,해당지역,98.8,월환산,105.2,73.2,130.0,3.26686,0.3696,2.79,36.5,24.1,51.2,7000.0,56.0
방이2동,송파구,행정동,37.51451358815755,127.11336552926706,오피스텔,월세,1099,높음,해당지역,100.6,월환산,115.3,89.6,132.9,2.2614,0.77807,5.044,21.9,18.1,29.3,3000.0,85.0
방이2동,송파구,행정동,37.51451358815755,127.11336552926706,단독다가구,전세,33,높음,법정동,22000.0,보증금,21999.0,13000.0,27000.0,6.61943,0.84279,433.369,42.4,36.3,60.0,22000.0,0.0
방이2동,송파구,행정동,37.51451358815755,127.11336552926706,아파트,전세,41,높음,해당지역,37000.0,보증금,41247.3,30000.0,48000.0,8.05209,0.64976,788.699,50.4,29.6,73.1,37000.0,0.0
방이2동,송파구,행정동,37.51451358815755,127.11336552926706,연립다세대,전세,280,높음,해당지역,26480.0,보증금,26857.1,20037.5,31387.5,8.48794,0.43961,572.708,46.6,29.8,56.9,26480.0,0.0
방이2동,송파구,행정동,37.51451358815755,127.11336552926706,오피스텔,전세,246,높음,해당지역,28800.0,보증금,29638.8,23525.0,33375.0,7.4874,0.82097,1007.251,29.3,23.8,34.2,28800.0,0.0
삼전동,송파구,행정동,37.50251264021783,127.0922247754443,단독다가구,매매,93,높음,자치구,165000.0,매매가,201609.4,125000.0,290000.0,8.45908,0.66571,746.317,246.5,161.0,377.2,,
삼전동,송파구,행정동,37.50251264021783,127.0922247754443,아파트,매매,14,보통,해당지역,117000.0,매매가,111450.0,76500.0,144250.0,,,1681.46,70.5,51.2,80.0,,
삼전동,송파구,행정동,37.50251264021783,127.0922247754443,연립다세대,매매,235,높음,해당지역,50000.0,매매가,52635.8,37000.0,66000.0,8.66038,0.57382,1193.144,40.8,30.3,55.6,,
삼전동,송파구,행정동,37.50251264021783,127.0922247754443,오피스텔,매매,589,높음,자치구,24800.0,매매가,36142.0,19500.0,43000.0,6.08228,1.20943,900.217,29.8,24.7,45.0,,
삼전동,송파구,행정동,37.50251264021783,127.0922247754443,단독다가구,월세,251,높음,해당지역,74.6,월환산,79.2,58.2,93.8,2.21106,0.58935,2.182,36.0,26.4,45.0,2000.0,55.0
삼전동,송파구,행정동,37.50251264021783,127.0922247754443,아파트,월세,21,보통,해당지역,87.6,월환산,115.4,80.8,95.2,2.54167,0.66896,5.012,18.9,15.5,19.4,1000.0,82.0
삼전동,송파구,행정동,37.50251264021783,127.0922247754443,연립다세대,월세,1192,높음,해당지역,97.5,월환산,102.1,71.9,123.6,2.99796,0.43761,2.66,36.6,26.0,46.4,10000.0,47.0
삼전동,송파구,행정동,37.50251264021783,127.0922247754443,오피스텔,월세,15,보통,해당지역,98.8,월환산,108.2,93.2,129.3,,,5.016,20.5,19.1,27.1,18800.0,22.0
삼전동,송파구,행정동,37.50251264021783,127.0922247754443,단독다가구,전세,58,높음,해당지역,15875.0,보증금,17882.6,10300.0,22000.0,6.32658,0.9095,426.786,39.5,29.0,54.5,15875.0,0.0
삼전동,송파구,행정동,37.50251264021783,127.0922247754443,아파트,전세,11,보통,해당지역,49875.0,보증금,50856.8,46750.0,54750.0,,,697.792,79.1,49.8,81.0,49875.0,0.0
삼전동,송파구,행정동,37.50251264021783,127.0922247754443,연립다세대,전세,380,높음,해당지역,25000.0,보증금,26043.5,19100.0,31500.0,8.41355,0.45435,577.364,41.2,29.4,52.7,25000.0,0.0
삼전동,송파구,행정동,37.50251264021783,127.0922247754443,오피스텔,전세,21,보통,해당지역,26000.0,보증금,26076.2,25000.0,27000.0,9.42803,0.23922,1352.705,18.2,18.2,20.0,26000.0,0.0
석촌동,송파구,행정동,37.503214717834545,127.10201206446094,단독다가구,매매,93,높음,자치구,165000.0,매매가,201609.4,125000.0,290000.0,8.45908,0.66571,746.317,246.5,161.0,377.2,,
석촌동,송파구,행정동,37.503214717834545,127.10201206446094,아파트,매매,26,보통,해당지역,137750.0,매매가,125326.9,60275.0,188500.0,7.31992,1.01008,1581.417,72.6,60.2,84.9,,
석촌동,송파구,행정동,37.503214717834545,127.10201206446094,연립다세대,매매,326,높음,해당지역,43000.0,매매가,46548.9,29700.0,58375.0,8.15672,0.67968,1037.252,41.2,27.0,55.3,,
석촌동,송파구,행정동,37.503214717834545,127.10201206446094,오피스텔,매매,11,보통,해당지역,26500.0,매매가,26878.7,26000.0,27183.0,,,1359.876,19.3,19.3,19.3,,
석촌동,송파구,행정동,37.503214717834545,127.10201206446094,단독다가구,월세,334,높음,해당지역,75.8,월환산,81.5,57.8,99.9,2.46835,0.52753,2.274,35.0,24.8,43.0,2000.0,60.0
석촌동,송파구,행정동,37.503214717834545,127.10201206446094,아파트,월세,47,높음,해당지역,109.6,월환산,167.1,102.9,210.5,2.81972,0.66854,6.501,15.8,15.8,45.3,1000.0,100.0
석촌동,송파구,행정동,37.503214717834545,127.10201206446094,연립다세대,월세,1211,높음,해당지역,94.8,월환산,101.4,71.9,123.0,3.29957,0.3578,2.83,31.0,23.9,45.4,9000.0,51.0
석촌동,송파구,행정동,37.503214717834545,127.10201206446094,오피스텔,월세,70,높음,해당지역,94.6,월환산,87.5,63.1,108.5,3.96787,0.14742,3.984,19.3,19.3,24.4,2000.0,65.0
석촌동,송파구,행정동,37.503214717834545,127.10201206446094,단독다가구,전세,47,높음,해당지역,21000.0,보증금,21196.9,11500.0,28000.0,6.17163,0.96499,442.222,45.0,29.4,56.5,21000.0,0.0
석촌동,송파구,행정동,37.503214717834545,127.10201206446094,아파트,전세,40,높음,해당지역,51460.0,보증금,63890.4,43858.2,83500.0,8.58027,0.60069,1236.218,59.9,30.0,84.9,51460.0,0.0
석촌동,송파구,행정동,37.503214717834545,127.10201206446094,연립다세대,전세,425,높음,해당지역,24300.0,보증금,25356.7,18520.0,30000.0,8.15534,0.52408,586.546,41.2,27.9,52.1,24300.0,0.0
석촌동,송파구,행정동,37.503214717834545,127.10201206446094,오피스텔,전세,12,보통,해당지역,23500.0,보증금,24870.0,23000.0,29275.0,,,918.533,21.1,19.3,36.7,23500.0,0.0
송파1동,송파구,행정동,37.50724267126119,127.11001183044782,단독다가구,매매,93,높음,자치구,165000.0,매매가,201609.4,125000.0,290000.0,8.45908,0.66571,746.317,246.5,161.0,377.2,,
송파1동,송파구,행정동,37.50724267126119,127.11001183044782,아파트,매매,41,높음,해당지역,155000.0,매매가,155529.3,105000.0,209000.0,8.25015,0.83265,1853.777,64.3,57.7,84.9,,
송파1동,송파구,행정동,37.50724267126119,127.11001183044782,연립다세대,매매,201,높음,해당지역,36900.0,매매가,40392.0,31500.0,48000.0,7.9434,0.72,1020.408,35.4,27.4,52.3,,
송파1동,송파구,행정동,37.50724267126119,127.11001183044782,오피스텔,매매,589,높음,자치구,24800.0,매매가,36142.0,19500.0,43000.0,6.08228,1.20943,900.217,29.8,24.7,45.0,,
송파1동,송파구,행정동,37.50724267126119,127.11001183044782,단독다가구,월세,270,높음,법정동,83.0,월환산,90.2,67.4,103.8,2.81469,0.44891,2.329,36.0,24.8,44.8,3000.0,62.5
송파1동,송파구,행정동,37.50724267126119,127.11001183044782,아파트,월세,41,높음,해당지역,263.3,월환산,279.5,186.2,349.6,2.75588,0.65148,3.46,67.8,56.6,105.5,27200.0,130.0
송파1동,송파구,행정동,37.50724267126119,127.11001183044782,연립다세대,월세,838,높음,해당지역,92.0,월환산,100.4,70.2,125.0,3.33916,0.34786,3.028,29.6,22.0,45.5,10000.0,50.0
송파1동,송파구,행정동,37.50724267126119,127.11001183044782,오피스텔,월세,23,보통,해당지역,102.5,월환산,108.9,79.6,143.3,2.18697,0.71596,2.983,31.4,27.3,37.0,2000.0,72.0
송파1동,송파구,행정동,37.50724267126119,127.11001183044782,단독다가구,전세,50,높음,법정동,18100.0,보증금,21000.8,12700.0,29275.0,5.90045,1.00467,396.742,49.0,38.4,57.2,18100.0,0.0
송파1동,송파구,행정동,37.50724267126119,127.11001183044782,아파트,전세,60,높음,해당지역,64500.0,보증금,67456.8,50000.0,77175.0,8.14628,0.66622,824.16,71.3,64.3,105.5,64500.0,0.0
송파1동,송파구,행정동,37.50724267126119,127.11001183044782,연립다세대,전세,253,높음,해당지역,26000.0,보증금,26656.7,19420.0,31800.0,8.37596,0.47412,624.922,40.6,26.8,54.5,26000.0,0.0
송파1동,송파구,행정동,37.50724267126119,127.11001183044782,오피스텔,전세,14,보통,해당지역,33000.0,보증금,32257.7,30250.0,35750.0,,,876.903,37.0,32.4,38.6,33000.0,0.0
송파2동,송파구,행정동,37.50318847552832,127.11647177766666,단독다가구,매매,93,높음,자치구,165000.0,매매가,201609.4,125000.0,290000.0,8.45908,0.66571,746.317,246.5,161.0,377.2,,
송파2동,송파구,행정동,37.50318847552832,127.11647177766666,아파트,매매,76,높음,해당지역,215000.0,매매가,202269.7,155875.0,238500.0,9.70456,0.56848,2511.301,79.7,63.8,92.5,,
송파2동,송파구,행정동,37.50318847552832,127.11647177766666,연립다세대,매매,64,높음,해당지역,40000.0,매매가,47962.5,35000.0,62125.0,8.5409,0.5916,1172.519,43.7,27.6,54.7,,
송파2동,송파구,행정동,37.50318847552832,127.11647177766666,오피스텔,매매,589,높음,자치구,24800.0,매매가,36142.0,19500.0,43000.0,6.08228,1.20943,900.217,29.8,24.7,45.0,,
송파2동,송파구,행정동,37.50318847552832,127.11647177766666,단독다가구,월세,270,높음,법정동,83.0,월환산,90.2,67.4,103.8,2.81469,0.44891,2.329,36.0,24.8,44.8,3000.0,62.5
송파2동,송파구,행정동,37.50318847552832,127.11647177766666,아파트,월세,95,높음,해당지역,312.7,월환산,308.9,239.2,383.8,5.65194,-0.00187,3.967,84.3,65.0,106.0,40000.0,106.0
송파2동,송파구,행정동,37.50318847552832,127.11647177766666,연립다세대,월세,194,높음,해당지역,111.8,월환산,115.2,81.9,147.2,3.64779,0.28417,3.233,33.6,27.6,48.7,13000.0,31.0
송파2동,송파구,행정동,37.50318847552832,127.11647177766666,오피스텔,월세,23,보통,법정동,102.5,월환산,108.9,79.6,143.3,2.18697,0.71596,2.983,31.4,27.3,37.0,2000.0,72.0
송파2동,송파구,행정동,37.50318847552832,127.11647177766666,단독다가구,전세,50,높음,법정동,18100.0,보증금,21000.8,12700.0,29275.0,5.90045,1.00467,396.742,49.0,38.4,57.2,18100.0,0.0
송파2동,송파구,행정동,37.50318847552832,127.11647177766666,아파트,전세,172,높음,해당지역,73000.0,보증금,73964.9,60000.0,88400.0,9.01089,0.49813,1027.359,71.7,59.9,85.0,73000.0,0.0
송파2동,송파구,행정동,37.50318847552832,127.11647177766666,연립다세대,전세,77,높음,해당지역,27300.0,보증금,27724.7,17640.0,34700.0,8.42409,0.46625,637.503,41.3,29.4,51.2,27300.0,0.0
송파2동,송파구,행정동,37.50318847552832,127.11647177766666,오피스텔,전세,14,보통,법정동,33000.0,보증금,32257.7,30250.0,35750.0,,,876.903,37.0,32.4,38.6,33000.0,0.0
오금동,송파구,행정동,37.504483094827265,127.13502926357917,단독다가구,매매,93,높음,자치구,165000.0,매매가,201609.4,125000.0,290000.0,8.45908,0.66571,746.317,246.5,161.0,377.2,,
오금동,송파구,행정동,37.504483094827265,127.13502926357917,아파트,매매,154,높음,해당지역,139000.0,매매가,145221.8,120000.0,168500.0,9.00574,0.65286,2002.729,74.4,59.9,85.0,,
오금동,송파구,행정동,37.504483094827265,127.13502926357917,연립다세대,매매,189,높음,해당지역,37000.0,매매가,38823.8,30000.0,44500.0,8.59698,0.49872,785.024,48.9,38.2,58.5,,
오금동,송파구,행정동,37.504483094827265,127.13502926357917,오피스텔,매매,589,높음,자치구,24800.0,매매가,36142.0,19500.0,43000.0,6.08228,1.20943,900.217,29.8,24.7,45.0,,
오금동,송파구,행정동,37.504483094827265,127.13502926357917,단독다가구,월세,102,높음,해당지역,63.8,월환산,73.4,49.7,87.4,2.79698,0.38607,1.818,37.0,26.0,49.2,3000.0,47.5
오금동,송파구,행정동,37.504483094827265,127.13502926357917,아파트,월세,267,높음,해당지역,104.0,월환산,160.9,43.7,283.5,-1.26905,1.47821,2.0,59.8,39.7,84.9,7152.0,40.0
오금동,송파구,행정동,37.504483094827265,127.13502926357917,연립다세대,월세,264,높음,해당지역,97.2,월환산,102.7,60.0,137.5,2.55995,0.53456,2.497,40.8,29.4,52.2,7788.5,44.0
오금동,송파구,행정동,37.504483094827265,127.13502926357917,오피스텔,월세,20,보통,해당지역,101.2,월환산,111.1,93.1,122.3,0.78732,1.05562,2.654,36.9,36.8,48.4,2000.0,80.0
오금동,송파구,행정동,37.504483094827265,127.13502926357917,단독다가구,전세,20,보통,해당지역,21500.0,보증금,22460.0,13375.0,30000.0,6.3586,0.87596,365.942,53.0,46.2,86.4,21500.0,0.0
오금동,송파구,행정동,37.504483094827265,127.13502926357917,아파트,전세,331,높음,해당지역,59000.0,보증금,59199.0,38488.0,79375.0,7.20277,0.86,703.864,73.2,59.8,95.3,59000.0,0.0
오금동,송파구,행정동,37.504483094827265,127.13502926357917,연립다세대,전세,159,높음,해당지역,26500.0,보증금,27409.5,21000.0,34000.0,8.23653,0.50125,550.265,46.5,37.1,59.6,26500.0,0.0
오금동,송파구,행정동,37.504483094827265,127.13502926357917,오피스텔,전세,793,높음,자치구,28000.0,보증금,30654.2,20740.0,39800.0,7.37253,0.83144,885.66,30.0,24.1,46.4,28000.0,0.0
오륜동,송파구,행정동,37.5175616546675,127.136371627591,단독다가구,매매,93,높음,자치구,165000.0,매매가,201609.4,125000.0,290000.0,8.45908,0.66571,746.317,246.5,161.0,377.2,,
오륜동,송파구,행정동,37.5175616546675,127.136371627591,아파트,매매,62,높음,해당지역,302500.0,매매가,319725.8,287750.0,351125.0,9.94249,0.58977,3087.563,100.3,83.1,121.2,,
오륜동,송파구,행정동,37.5175616546675,127.136371627591,연립다세대,매매,221,높음,법정동,46000.0,매매가,46080.0,34000.0,56500.0,7.79157,0.7474,852.166,49.3,37.4,60.0,,
오륜동,송파구,행정동,37.5175616546675,127.136371627591,오피스텔,매매,122,높음,법정동,25000.0,매매가,26037.7,17350.0,32600.0,7.21264,0.89148,981.308,24.2,18.2,29.7,,
오륜동,송파구,행정동,37.5175616546675,127.136371627591,단독다가구,월세,224,높음,법정동,83.2,월환산,89.8,65.2,108.4,2.86786,0.43895,2.347,35.5,24.0,46.0,2000.0,64.0
오륜동,송파구,행정동,37.5175616546675,127.136371627591,아파트,월세,106,높음,해당지역,371.5,월환산,395.2,341.1,430.0,2.53254,0.74368,3.967,84.0,83.1,121.2,45000.0,165.0
오륜동,송파구,행정동,37.5175616546675,127.136371627591,연립다세대,월세,781,높음,법정동,98.3,월환산,105.9,72.6,132.1,3.15548,0.39978,2.757,35.7,24.5,51.2,9000.0,55.0
오륜동,송파구,행정동,37.5175616546675,127.136371627591,오피스텔,월세,1110,높음,법정동,100.4,월환산,115.3,89.6,132.9,2.23624,0.78512,5.038,21.9,18.1,29.3,3000.0,84.5
오륜동,송파구,행정동,37.5175616546675,127.136371627591,단독다가구,전세,33,높음,법정동,22000.0,보증금,21999.0,13000.0,27000.0,6.61943,0.84279,433.369,42.4,36.3,60.0,22000.0,0.0
오륜동,송파구,행정동,37.5175616546675,127.136371627591,아파트,전세,222,높음,해당지역,87575.0,보증금,91847.4,77000.0,104750.0,7.6397,0.81745,902.962,100.3,83.1,121.2,87575.0,0.0
오륜동,송파구,행정동,37.5175616546675,127.136371627591,연립다세대,전세,408,높음,법정동,27000.0,보증금,27826.8,20593.5,33500.0,8.32186,0.48739,571.512,47.7,30.0,58.5,27000.0,0.0
오륜동,송파구,행정동,37.5175616546675,127.136371627591,오피스텔,전세,246,높음,법정동,28800.0,보증금,29638.8,23525.0,33375.0,7.4874,0.82097,1007.251,29.3,23.8,34.2,28800.0,0.0
위례동,송파구,행정동,37.4803279478309,127.14042740613942,단독다가구,매매,93,높음,자치구,165000.0,매매가,201609.4,125000.0,290000.0,8.45908,0.66571,746.317,246.5,161.0,377.2,,
위례동,송파구,행정동,37.4803279478309,127.14042740613942,아파트,매매,141,높음,해당지역,198000.0,매매가,189329.8,156000.0,218000.0,10.061,0.47829,2438.208,85.0,51.8,108.1,,
위례동,송파구,행정동,37.4803279478309,127.14042740613942,연립다세대,매매,2115,높음,자치구,44000.0,매매가,49984.1,32500.0,61000.0,8.42189,0.61292,1063.565,43.5,29.9,55.8,,
위례동,송파구,행정동,37.4803279478309,127.14042740613942,오피스텔,매매,16,보통,해당지역,18250.0,매매가,25806.2,17150.0,19475.0,,,901.319,20.5,18.6,23.4,,
위례동,송파구,행정동,37.4803279478309,127.14042740613942,단독다가구,월세,2418,높음,자치구,71.8,월환산,79.0,52.3,95.0,3.22645,0.2868,2.072,36.0,25.0,46.3,2000.0,53.0
위례동,송파구,행정동,37.4803279478309,127.14042740613942,아파트,월세,382,높음,해당지역,314.2,월환산,270.6,62.2,393.3,-2.88241,1.93274,3.926,60.0,49.6,105.5,25000.0,110.0
위례동,송파구,행정동,37.4803279478309,127.14042740613942,연립다세대,월세,7081,높음,자치구,94.2,월환산,100.3,69.6,123.5,3.13638,0.39687,2.782,32.9,24.1,46.4,8500.0,50.0
위례동,송파구,행정동,37.4803279478309,127.14042740613942,오피스텔,월세,148,높음,해당지역,89.6,월환산,108.2,84.5,97.4,1.91878,0.83765,4.097,23.1,20.5,24.2,11000.0,32.5
위례동,송파구,행정동,37.4803279478309,127.14042740613942,단독다가구,전세,561,높음,자치구,15600.0,보증금,18227.1,10000.0,24000.0,7.39615,0.5806,374.37,42.9,33.0,58.8,15600.0,0.0
위례동,송파구,행정동,37.4803279478309,127.14042740613942,아파트,전세,687,높음,해당지역,65000.0,보증금,68310.6,49218.0,85500.0,7.33616,0.86598,900.644,75.0,59.7,101.8,65000.0,0.0
위례동,송파구,행정동,37.4803279478309,127.14042740613942,연립다세대,전세,2899,높음,자치구,25000.0,보증금,26017.6,19025.0,31350.0,8.43667,0.44585,583.171,42.7,29.6,54.6,25000.0,0.0
위례동,송파구,행정동,37.4803279478309,127.14042740613942,오피스텔,전세,65,높음,해당지역,33600.0,보증금,29801.3,17300.0,39500.0,6.81471,0.97559,848.559,38.3,20.5,53.1,33600.0,0.0
잠실2동,송파구,행정동,37.51283894072139,127.08504736516716,단독다가구,매매,13,보통,법정동,330000.0,매매가,274076.9,181000.0,350000.0,,,870.602,363.0,161.0,417.1,,
잠실2동,송파구,행정동,37.51283894072139,127.08504736516716,아파트,매매,251,높음,해당지역,328000.0,매매가,298726.7,283000.0,342500.0,9.70159,0.68167,4047.535,84.8,60.0,85.0,,
잠실2동,송파구,행정동,37.51283894072139,127.08504736516716,연립다세대,매매,217,높음,법정동,55000.0,매매가,57600.3,40600.0,71000.0,8.51821,0.64478,1471.92,39.8,26.9,50.3,,
잠실2동,송파구,행정동,37.51283894072139,127.08504736516716,오피스텔,매매,48,높음,법정동,30150.0,매매가,43544.8,24875.0,59625.0,5.70226,1.37905,1090.678,34.0,24.4,45.2,,
잠실2동,송파구,행정동,37.51283894072139,127.08504736516716,단독다가구,월세,307,높음,법정동,74.6,월환산,81.7,57.2,101.9,2.07373,0.62971,2.237,34.7,25.0,45.0,2000.0,55.0
잠실2동,송파구,행정동,37.51283894072139,127.08504736516716,아파트,월세,556,높음,해당지역,485.8,월환산,464.9,415.4,534.7,2.8541,0.76392,6.234,84.8,60.0,85.0,40000.0,230.0
잠실2동,송파구,행정동,37.51283894072139,127.08504736516716,연립다세대,월세,950,높음,법정동,93.7,월환산,99.9,70.6,121.9,3.15956,0.39083,2.723,32.6,24.5,45.1,8279.5,49.0
잠실2동,송파구,행정동,37.51283894072139,127.08504736516716,오피스텔,월세,203,높음,법정동,114.2,월환산,119.5,88.2,133.1,2.31056,0.74474,4.394,24.3,19.8,34.0,2000.0,90.0
잠실2동,송파구,행정동,37.51283894072139,127.08504736516716,단독다가구,전세,54,높음,법정동,19500.0,보증금,21326.3,12250.0,24970.8,5.88934,1.03837,429.475,42.4,33.2,55.0,19500.0,0.0
잠실2동,송파구,행정동,37.51283894072139,127.08504736516716,아파트,전세,465,높음,해당지역,120000.0,보증금,115535.9,104000.0,131250.0,8.40306,0.75146,1531.945,84.8,60.0,85.0,120000.0,0.0
잠실2동,송파구,행정동,37.51283894072139,127.08504736516716,연립다세대,전세,392,높음,법정동,26612.5,보증금,27292.7,21345.0,32000.0,8.70917,0.39704,648.127,39.1,28.2,49.9,26612.5,0.0
잠실2동,송파구,행정동,37.51283894072139,127.08504736516716,오피스텔,전세,58,높음,법정동,26000.0,보증금,30234.1,20250.0,43000.0,7.07433,0.93081,994.028,26.0,21.0,43.7,26000.0,0.0
잠실3동,송파구,행정동,37.511520343356835,127.09274713864863,단독다가구,매매,13,보통,법정동,330000.0,매매가,274076.9,181000.0,350000.0,,,870.602,363.0,161.0,417.1,,
잠실3동,송파구,행정동,37.511520343356835,127.09274713864863,아파트,매매,196,높음,해당지역,325500.0,매매가,346256.6,301750.0,402700.0,11.91106,0.18582,3799.032,84.8,76.5,85.0,,
잠실3동,송파구,행정동,37.511520343356835,127.09274713864863,연립다세대,매매,217,높음,법정동,55000.0,매매가,57600.3,40600.0,71000.0,8.51821,0.64478,1471.92,39.8,26.9,50.3,,
잠실3동,송파구,행정동,37.511520343356835,127.09274713864863,오피스텔,매매,19,보통,해당지역,60000.0,매매가,68552.6,59000.0,78750.0,,,1386.29,45.0,43.6,50.8,,
잠실3동,송파구,행정동,37.511520343356835,127.09274713864863,단독다가구,월세,307,높음,법정동,74.6,월환산,81.7,57.2,101.9,2.07373,0.62971,2.237,34.7,25.0,45.0,2000.0,55.0
잠실3동,송파구,행정동,37.511520343356835,127.09274713864863,아파트,월세,345,높음,해당지역,445.8,월환산,417.9,235.8,512.4,1.93441,0.90681,5.378,84.8,76.5,85.0,35000.0,180.0
잠실3동,송파구,행정동,37.511520343356835,127.09274713864863,연립다세대,월세,950,높음,법정동,93.7,월환산,99.9,70.6,121.9,3.15956,0.39083,2.723,32.6,24.5,45.1,8279.5,49.0
잠실3동,송파구,행정동,37.511520343356835,127.09274713864863,오피스텔,월세,40,높음,해당지역,168.2,월환산,179.7,158.0,196.6,1.9584,0.83414,3.811,46.1,40.5,54.4,2000.0,155.5
잠실3동,송파구,행정동,37.511520343356835,127.09274713864863,단독다가구,전세,54,높음,법정동,19500.0,보증금,21326.3,12250.0,24970.8,5.88934,1.03837,429.475,42.4,33.2,55.0,19500.0,0.0
잠실3동,송파구,행정동,37.511520343356835,127.09274713864863,아파트,전세,427,높음,해당지역,94000.0,보증금,91250.6,50000.0,120875.0,7.13318,0.94606,1151.323,82.5,76.5,84.8,94000.0,0.0
잠실3동,송파구,행정동,37.511520343356835,127.09274713864863,연립다세대,전세,392,높음,법정동,26612.5,보증금,27292.7,21345.0,32000.0,8.70917,0.39704,648.127,39.1,28.2,49.9,26612.5,0.0
잠실3동,송파구,행정동,37.511520343356835,127.09274713864863,오피스텔,전세,16,보통,해당지역,48150.0,보증금,50159.4,46750.0,51587.5,,,1039.371,46.4,43.8,51.7,48150.0,0.0
잠실4동,송파구,행정동,37.5205366173754,127.10615089337,단독다가구,매매,93,높음,자치구,165000.0,매매가,201609.4,125000.0,290000.0,8.45908,0.66571,746.317,246.5,161.0,377.2,,
잠실4동,송파구,행정동,37.5205366173754,127.10615089337,아파트,매매,136,높음,해당지역,285000.0,매매가,278379.3,270000.0,302450.0,9.57078,0.67887,3471.041,84.8,60.0,84.9,,
잠실4동,송파구,행정동,37.5205366173754,127.10615089337,연립다세대,매매,2115,높음,자치구,44000.0,매매가,49984.1,32500.0,61000.0,8.42189,0.61292,1063.565,43.5,29.9,55.8,,
잠실4동,송파구,행정동,37.5205366173754,127.10615089337,오피스텔,매매,30,높음,법정동,115250.0,매매가,146283.3,63750.0,124000.0,6.0204,1.33561,1719.391,63.0,48.4,63.0,,
잠실4동,송파구,행정동,37.5205366173754,127.10615089337,단독다가구,월세,2418,높음,자치구,71.8,월환산,79.0,52.3,95.0,3.22645,0.2868,2.072,36.0,25.0,46.3,2000.0,53.0
잠실4동,송파구,행정동,37.5205366173754,127.10615089337,아파트,월세,324,높음,해당지역,425.4,월환산,407.6,367.2,467.3,2.55236,0.79795,5.489,84.8,60.0,84.9,30000.0,200.0
잠실4동,송파구,행정동,37.5205366173754,127.10615089337,연립다세대,월세,7081,높음,자치구,94.2,월환산,100.3,69.6,123.5,3.13638,0.39687,2.782,32.9,24.1,46.4,8500.0,50.0
잠실4동,송파구,행정동,37.5205366173754,127.10615089337,오피스텔,월세,3617,높음,자치구,104.2,월환산,117.8,92.9,124.6,2.21213,0.76718,4.277,25.3,20.8,29.8,3000.0,81.0
잠실4동,송파구,행정동,37.5205366173754,127.10615089337,단독다가구,전세,561,높음,자치구,15600.0,보증금,18227.1,10000.0,24000.0,7.39615,0.5806,374.37,42.9,33.0,58.8,15600.0,0.0
잠실4동,송파구,행정동,37.5205366173754,127.10615089337,아파트,전세,321,높음,해당지역,105000.0,보증금,104485.5,93500.0,115500.0,8.45686,0.70546,1297.323,84.8,60.0,84.9,105000.0,0.0
잠실4동,송파구,행정동,37.5205366173754,127.10615089337,연립다세대,전세,2899,높음,자치구,25000.0,보증금,26017.6,19025.0,31350.0,8.43667,0.44585,583.171,42.7,29.6,54.6,25000.0,0.0
잠실4동,송파구,행정동,37.5205366173754,127.10615089337,오피스텔,전세,793,높음,자치구,28000.0,보증금,30654.2,20740.0,39800.0,7.37253,0.83144,885.66,30.0,24.1,46.4,28000.0,0.0
잠실6동,송파구,행정동,37.518233583951286,127.10156714789424,단독다가구,매매,93,높음,자치구,165000.0,매매가,201609.4,125000.0,290000.0,8.45908,0.66571,746.317,246.5,161.0,377.2,,
잠실6동,송파구,행정동,37.518233583951286,127.10156714789424,아파트,매매,102,높음,해당지역,301500.0,매매가,278509.7,233250.0,323500.0,10.10807,0.53057,3431.039,82.4,71.2,120.0,,
잠실6동,송파구,행정동,37.518233583951286,127.10156714789424,연립다세대,매매,2115,높음,자치구,44000.0,매매가,49984.1,32500.0,61000.0,8.42189,0.61292,1063.565,43.5,29.9,55.8,,
잠실6동,송파구,행정동,37.518233583951286,127.10156714789424,오피스텔,매매,30,높음,해당지역,115250.0,매매가,146283.3,63750.0,124000.0,6.0204,1.33561,1719.391,63.0,48.4,63.0,,
잠실6동,송파구,행정동,37.518233583951286,127.10156714789424,단독다가구,월세,2418,높음,자치구,71.8,월환산,79.0,52.3,95.0,3.22645,0.2868,2.072,36.0,25.0,46.3,2000.0,53.0
잠실6동,송파구,행정동,37.518233583951286,127.10156714789424,아파트,월세,180,높음,해당지역,291.9,월환산,340.4,242.6,349.2,1.21273,1.0171,3.648,82.4,71.2,99.0,27500.0,150.0
잠실6동,송파구,행정동,37.518233583951286,127.10156714789424,연립다세대,월세,7081,높음,자치구,94.2,월환산,100.3,69.6,123.5,3.13638,0.39687,2.782,32.9,24.1,46.4,8500.0,50.0
잠실6동,송파구,행정동,37.518233583951286,127.10156714789424,오피스텔,월세,3617,높음,자치구,104.2,월환산,117.8,92.9,124.6,2.21213,0.76718,4.277,25.3,20.8,29.8,3000.0,81.0
잠실6동,송파구,행정동,37.518233583951286,127.10156714789424,단독다가구,전세,561,높음,자치구,15600.0,보증금,18227.1,10000.0,24000.0,7.39615,0.5806,374.37,42.9,33.0,58.8,15600.0,0.0
잠실6동,송파구,행정동,37.518233583951286,127.10156714789424,아파트,전세,223,높음,해당지역,69000.0,보증금,79658.0,58000.0,86550.0,7.01398,0.93411,814.607,82.4,71.2,119.8,69000.0,0.0
잠실6동,송파구,행정동,37.518233583951286,127.10156714789424,연립다세대,전세,2899,높음,자치구,25000.0,보증금,26017.6,19025.0,31350.0,8.43667,0.44585,583.171,42.7,29.6,54.6,25000.0,0.0
잠실6동,송파구,행정동,37.518233583951286,127.10156714789424,오피스텔,전세,793,높음,자치구,28000.0,보증금,30654.2,20740.0,39800.0,7.37253,0.83144,885.66,30.0,24.1,46.4,28000.0,0.0
잠실7동,송파구,행정동,37.50726108928595,127.0743171072386,단독다가구,매매,13,보통,법정동,330000.0,매매가,274076.9,181000.0,350000.0,,,870.602,363.0,161.0,417.1,,
잠실7동,송파구,행정동,37.50726108928595,127.0743171072386,아파트,매매,43,높음,해당지역,383000.0,매매가,404920.9,320000.0,447500.0,8.848,0.85488,3575.969,99.4,96.6,142.7,,
잠실7동,송파구,행정동,37.50726108928595,127.0743171072386,연립다세대,매매,217,높음,법정동,55000.0,매매가,57600.3,40600.0,71000.0,8.51821,0.64478,1471.92,39.8,26.9,50.3,,
잠실7동,송파구,행정동,37.50726108928595,127.0743171072386,오피스텔,매매,48,높음,법정동,30150.0,매매가,43544.8,24875.0,59625.0,5.70226,1.37905,1090.678,34.0,24.4,45.2,,
잠실7동,송파구,행정동,37.50726108928595,127.0743171072386,단독다가구,월세,307,높음,법정동,74.6,월환산,81.7,57.2,101.9,2.07373,0.62971,2.237,34.7,25.0,45.0,2000.0,55.0
잠실7동,송파구,행정동,37.50726108928595,127.0743171072386,아파트,월세,48,높음,해당지역,339.6,월환산,357.7,267.9,422.5,-0.80162,1.4212,3.131,96.6,96.0,131.1,44550.0,135.0
잠실7동,송파구,행정동,37.50726108928595,127.0743171072386,연립다세대,월세,950,높음,법정동,93.7,월환산,99.9,70.6,121.9,3.15956,0.39083,2.723,32.6,24.5,45.1,8279.5,49.0
잠실7동,송파구,행정동,37.50726108928595,127.0743171072386,오피스텔,월세,203,높음,법정동,114.2,월환산,119.5,88.2,133.1,2.31056,0.74474,4.394,24.3,19.8,34.0,2000.0,90.0
잠실7동,송파구,행정동,37.50726108928595,127.0743171072386,단독다가구,전세,54,높음,법정동,19500.0,보증금,21326.3,12250.0,24970.8,5.88934,1.03837,429.475,42.4,33.2,55.0,19500.0,0.0
잠실7동,송파구,행정동,37.50726108928595,127.0743171072386,아파트,전세,101,높음,해당지역,85000.0,보증금,90215.9,60000.0,115000.0,5.10326,1.33353,746.547,99.4,82.1,134.5,85000.0,0.0
잠실7동,송파구,행정동,37.50726108928595,127.0743171072386,연립다세대,전세,392,높음,법정동,26612.5,보증금,27292.7,21345.0,32000.0,8.70917,0.39704,648.127,39.1,28.2,49.9,26612.5,0.0
잠실7동,송파구,행정동,37.50726108928595,127.0743171072386,오피스텔,전세,58,높음,법정동,26000.0,보증금,30234.1,20250.0,43000.0,7.07433,0.93081,994.028,26.0,21.0,43.7,26000.0,0.0
잠실본동,송파구,행정동,37.50645124898465,127.083363364941,단독다가구,매매,13,보통,법정동,330000.0,매매가,274076.9,181000.0,350000.0,,,870.602,363.0,161.0,417.1,,
잠실본동,송파구,행정동,37.50645124898465,127.083363364941,아파트,매매,25,보통,해당지역,188500.0,매매가,192692.0,155000.0,198000.0,10.27117,0.41726,2243.741,84.7,84.3,95.8,,
잠실본동,송파구,행정동,37.50645124898465,127.083363364941,연립다세대,매매,217,높음,해당지역,55000.0,매매가,57600.3,40600.0,71000.0,8.51821,0.64478,1471.92,39.8,26.9,50.3,,
잠실본동,송파구,행정동,37.50645124898465,127.083363364941,오피스텔,매매,29,보통,해당지역,26000.0,매매가,27160.3,20500.0,29100.0,6.95589,0.97505,978.451,27.1,22.7,29.2,,
잠실본동,송파구,행정동,37.50645124898465,127.083363364941,단독다가구,월세,307,높음,법정동,74.6,월환산,81.7,57.2,101.9,2.07373,0.62971,2.237,34.7,25.0,45.0,2000.0,55.0
잠실본동,송파구,행정동,37.50645124898465,127.083363364941,아파트,월세,131,높음,해당지역,68.1,월환산,95.8,61.4,120.5,1.80578,0.83497,4.133,16.2,16.2,26.2,5700.0,42.0
잠실본동,송파구,행정동,37.50645124898465,127.083363364941,연립다세대,월세,950,높음,해당지역,93.7,월환산,99.9,70.6,121.9,3.15956,0.39083,2.723,32.6,24.5,45.1,8279.5,49.0
잠실본동,송파구,행정동,37.50645124898465,127.083363364941,오피스텔,월세,163,높음,해당지역,104.6,월환산,104.8,84.6,117.1,2.25819,0.76221,4.692,22.6,19.5,24.4,1500.0,80.0
잠실본동,송파구,행정동,37.50645124898465,127.083363364941,단독다가구,전세,54,높음,법정동,19500.0,보증금,21326.3,12250.0,24970.8,5.88934,1.03837,429.475,42.4,33.2,55.0,19500.0,0.0
잠실본동,송파구,행정동,37.50645124898465,127.083363364941,아파트,전세,40,높음,해당지역,65575.0,보증금,63141.6,52125.0,78875.0,8.39267,0.62158,1003.779,84.5,59.2,84.7,65575.0,0.0
잠실본동,송파구,행정동,37.50645124898465,127.083363364941,연립다세대,전세,392,높음,해당지역,26612.5,보증금,27292.7,21345.0,32000.0,8.70917,0.39704,648.127,39.1,28.2,49.9,26612.5,0.0
잠실본동,송파구,행정동,37.50645124898465,127.083363364941,오피스텔,전세,42,높음,해당지역,23000.0,보증금,22643.6,17700.0,26375.0,8.14383,0.58168,947.64,24.1,19.1,31.9,23000.0,0.0
장지동,송파구,행정동,37.48352136230554,127.13112941038402,단독다가구,매매,93,높음,자치구,165000.0,매매가,201609.4,125000.0,290000.0,8.45908,0.66571,746.317,246.5,161.0,377.2,,
장지동,송파구,행정동,37.48352136230554,127.13112941038402,아파트,매매,218,높음,해당지역,111750.0,매매가,128454.4,94250.0,172875.0,9.23353,0.62009,2397.067,59.9,39.7,84.4,,
장지동,송파구,행정동,37.48352136230554,127.13112941038402,연립다세대,매매,73,높음,해당지역,40500.0,매매가,42191.8,31000.0,51600.0,8.23993,0.63038,1054.358,42.7,37.2,49.1,,
장지동,송파구,행정동,37.48352136230554,127.13112941038402,오피스텔,매매,305,높음,법정동,23000.0,매매가,31247.7,20000.0,44000.0,5.80758,1.27495,864.245,29.8,25.9,48.9,,
장지동,송파구,행정동,37.48352136230554,127.13112941038402,단독다가구,월세,140,높음,법정동,77.4,월환산,86.3,57.5,104.6,2.49524,0.54225,2.419,33.0,22.0,44.4,2000.0,60.0
장지동,송파구,행정동,37.48352136230554,127.13112941038402,아파트,월세,523,높음,해당지역,61.5,월환산,144.1,45.9,276.3,-3.20352,1.95697,1.242,49.9,40.0,60.0,5932.0,37.0
장지동,송파구,행정동,37.48352136230554,127.13112941038402,연립다세대,월세,196,높음,해당지역,93.5,월환산,103.7,67.8,129.8,3.02426,0.44969,3.273,29.9,22.1,44.2,9000.0,51.5
장지동,송파구,행정동,37.48352136230554,127.13112941038402,오피스텔,월세,1936,높음,법정동,104.6,월환산,121.0,97.6,119.9,1.92738,0.84683,4.072,26.2,23.2,30.0,5000.0,82.5
장지동,송파구,행정동,37.48352136230554,127.13112941038402,단독다가구,전세,31,높음,법정동,19000.0,보증금,18066.1,12000.0,23550.0,7.44789,0.57475,416.667,41.2,31.3,62.0,19000.0,0.0
장지동,송파구,행정동,37.48352136230554,127.13112941038402,아파트,전세,393,높음,해당지역,63000.0,보증금,54073.9,27000.0,75000.0,4.50555,1.48985,803.508,75.0,59.9,84.9,63000.0,0.0
장지동,송파구,행정동,37.48352136230554,127.13112941038402,연립다세대,전세,85,높음,해당지역,26000.0,보증금,26832.9,22500.0,32000.0,8.99798,0.31099,660.625,42.0,33.0,49.7,26000.0,0.0
장지동,송파구,행정동,37.48352136230554,127.13112941038402,오피스텔,전세,328,높음,법정동,32900.0,보증금,32397.2,20700.0,41700.0,6.80667,0.98068,847.882,39.0,25.9,49.0,32900.0,0.0
풍납1동,송파구,행정동,37.538071433697695,127.11755443796699,단독다가구,매매,93,높음,자치구,165000.0,매매가,201609.4,125000.0,290000.0,8.45908,0.66571,746.317,246.5,161.0,377.2,,
풍납1동,송파구,행정동,37.538071433697695,127.11755443796699,아파트,매매,56,높음,해당지역,133250.0,매매가,134986.6,117375.0,148375.0,9.05795,0.62828,1749.649,84.4,60.0,84.4,,
풍납1동,송파구,행정동,37.538071433697695,127.11755443796699,연립다세대,매매,12,보통,해당지역,53450.0,매매가,54509.2,36575.0,59932.5,,,955.235,48.2,46.7,65.0,,
풍납1동,송파구,행정동,37.538071433697695,127.11755443796699,오피스텔,매매,589,높음,자치구,24800.0,매매가,36142.0,19500.0,43000.0,6.08228,1.20943,900.217,29.8,24.7,45.0,,
풍납1동,송파구,행정동,37.538071433697695,127.11755443796699,단독다가구,월세,260,높음,법정동,56.9,월환산,61.3,42.8,70.9,3.34587,0.18939,1.7,33.0,27.0,49.5,1000.0,45.0
풍납1동,송파구,행정동,37.538071433697695,127.11755443796699,아파트,월세,36,높음,해당지역,251.0,월환산,255.3,220.9,289.4,2.78834,0.63515,3.478,84.4,60.0,84.4,40000.0,95.0
풍납1동,송파구,행정동,37.538071433697695,127.11755443796699,연립다세대,월세,26,보통,해당지역,87.0,월환산,94.1,76.7,108.9,3.88624,0.16331,2.29,43.5,34.1,49.7,8000.0,47.5
풍납1동,송파구,행정동,37.538071433697695,127.11755443796699,오피스텔,월세,3617,높음,자치구,104.2,월환산,117.8,92.9,124.6,2.21213,0.76718,4.277,25.3,20.8,29.8,3000.0,81.0
풍납1동,송파구,행정동,37.538071433697695,127.11755443796699,단독다가구,전세,69,높음,법정동,13000.0,보증금,15023.9,10000.0,21000.0,8.31104,0.30477,340.384,39.6,33.0,50.1,13000.0,0.0
풍납1동,송파구,행정동,37.538071433697695,127.11755443796699,아파트,전세,67,높음,해당지역,56700.0,보증금,58055.2,48400.0,69750.0,8.11031,0.65962,790.398,83.5,59.8,84.4,56700.0,0.0
풍납1동,송파구,행정동,37.538071433697695,127.11755443796699,연립다세대,전세,20,보통,해당지역,22250.0,보증금,22549.8,17800.0,27375.0,8.807,0.29003,432.73,51.9,42.6,73.0,22250.0,0.0
풍납1동,송파구,행정동,37.538071433697695,127.11755443796699,오피스텔,전세,793,높음,자치구,28000.0,보증금,30654.2,20740.0,39800.0,7.37253,0.83144,885.66,30.0,24.1,46.4,28000.0,0.0
풍납2동,송파구,행정동,37.5297083210089,127.11540110849717,단독다가구,매매,93,높음,자치구,165000.0,매매가,201609.4,125000.0,290000.0,8.45908,0.66571,746.317,246.5,161.0,377.2,,
풍납2동,송파구,행정동,37.5297083210089,127.11540110849717,아파트,매매,152,높음,해당지역,138500.0,매매가,133704.4,89875.0,167625.0,9.17274,0.60539,1859.053,71.7,59.3,84.8,,
풍납2동,송파구,행정동,37.5297083210089,127.11540110849717,연립다세대,매매,16,보통,해당지역,30250.0,매매가,31256.2,21500.0,44000.0,,,774.394,34.9,29.6,54.7,,
풍납2동,송파구,행정동,37.5297083210089,127.11540110849717,오피스텔,매매,589,높음,자치구,24800.0,매매가,36142.0,19500.0,43000.0,6.08228,1.20943,900.217,29.8,24.7,45.0,,
풍납2동,송파구,행정동,37.5297083210089,127.11540110849717,단독다가구,월세,260,높음,법정동,56.9,월환산,61.3,42.8,70.9,3.34587,0.18939,1.7,33.0,27.0,49.5,1000.0,45.0
풍납2동,송파구,행정동,37.5297083210089,127.11540110849717,아파트,월세,209,높음,해당지역,177.5,월환산,206.0,132.7,265.8,2.00356,0.7891,3.082,60.0,59.4,83.0,21900.0,71.0
풍납2동,송파구,행정동,37.5297083210089,127.11540110849717,연립다세대,월세,219,높음,해당지역,56.9,월환산,64.5,38.9,78.2,2.81028,0.37971,2.131,28.9,24.5,30.0,3000.0,36.0
풍납2동,송파구,행정동,37.5297083210089,127.11540110849717,오피스텔,월세,3617,높음,자치구,104.2,월환산,117.8,92.9,124.6,2.21213,0.76718,4.277,25.3,20.8,29.8,3000.0,81.0
풍납2동,송파구,행정동,37.5297083210089,127.11540110849717,단독다가구,전세,69,높음,법정동,13000.0,보증금,15023.9,10000.0,21000.0,8.31104,0.30477,340.384,39.6,33.0,50.1,13000.0,0.0
풍납2동,송파구,행정동,37.5297083210089,127.11540110849717,아파트,전세,217,높음,해당지역,57750.0,보증금,62245.1,45500.0,73500.0,8.05169,0.68585,800.282,79.9,59.3,84.8,57750.0,0.0
풍납2동,송파구,행정동,37.5297083210089,127.11540110849717,연립다세대,전세,32,높음,해당지역,20500.0,보증금,22180.6,16312.5,27250.0,7.91416,0.55612,577.388,37.2,27.4,50.8,20500.0,0.0
풍납2동,송파구,행정동,37.5297083210089,127.11540110849717,오피스텔,전세,793,높음,자치구,28000.0,보증금,30654.2,20740.0,39800.0,7.37253,0.83144,885.66,30.0,24.1,46.4,28000.0,0.0
목1동,양천구,행정동,37.52685249985281,126.87118986164622,단독다가구,매매,42,높음,자치구,116020.0,매매가,109960.5,58950.0,145500.0,8.43903,0.58095,495.837,180.0,135.5,246.5,,
목1동,양천구,행정동,37.52685249985281,126.87118986164622,아파트,매매,110,높음,해당지역,229500.0,매매가,234317.3,190125.0,270375.0,10.7393,0.36651,3186.759,66.6,59.4,98.2,,
목1동,양천구,행정동,37.52685249985281,126.87118986164622,연립다세대,매매,715,높음,법정동,31000.0,매매가,32900.2,25000.0,37000.0,8.96944,0.37171,829.187,38.5,29.7,52.5,,
목1동,양천구,행정동,37.52685249985281,126.87118986164622,오피스텔,매매,65,높음,해당지역,157000.0,매매가,142022.1,74584.0,187500.0,2.13153,2.14976,1832.213,94.6,63.8,103.7,,
목1동,양천구,행정동,37.52685249985281,126.87118986164622,단독다가구,월세,457,높음,법정동,59.6,월환산,66.3,47.3,77.9,3.14026,0.27396,1.74,36.0,27.0,46.0,1000.0,50.0
목1동,양천구,행정동,37.52685249985281,126.87118986164622,아파트,월세,185,높음,해당지역,302.5,월환산,367.7,234.8,446.2,-4.15042,2.26385,4.317,66.6,59.4,101.2,40000.0,137.0
목1동,양천구,행정동,37.52685249985281,126.87118986164622,연립다세대,월세,12,보통,해당지역,84.2,월환산,93.6,60.4,117.1,,,2.099,39.0,36.6,41.3,10000.0,55.0
목1동,양천구,행정동,37.52685249985281,126.87118986164622,오피스텔,월세,104,높음,해당지역,419.8,월환산,380.5,311.4,454.6,-2.19893,1.81156,4.468,94.4,70.7,96.2,37500.0,183.5
목1동,양천구,행정동,37.52685249985281,126.87118986164622,단독다가구,전세,87,높음,법정동,15900.0,보증금,18750.0,11500.0,22750.0,7.86989,0.46359,345.652,50.0,35.8,67.2,15900.0,0.0
목1동,양천구,행정동,37.52685249985281,126.87118986164622,아파트,전세,278,높음,해당지역,70000.0,보증금,82743.0,56350.2,90000.0,5.38228,1.35388,993.338,66.6,59.5,84.9,70000.0,0.0
목1동,양천구,행정동,37.52685249985281,126.87118986164622,연립다세대,전세,712,높음,법정동,20647.5,보증금,20901.6,16200.0,24500.0,9.05618,0.22413,474.838,41.1,29.8,54.1,20647.5,0.0
목1동,양천구,행정동,37.52685249985281,126.87118986164622,오피스텔,전세,79,높음,해당지역,102900.0,보증금,97297.5,86500.0,115000.0,3.3837,1.78361,1090.062,94.5,83.2,97.2,102900.0,0.0
목2동,양천구,행정동,37.544129772441806,126.8733739534413,단독다가구,매매,42,높음,자치구,116020.0,매매가,109960.5,58950.0,145500.0,8.43903,0.58095,495.837,180.0,135.5,246.5,,
목2동,양천구,행정동,37.544129772441806,126.8733739534413,아파트,매매,80,높음,해당지역,86150.0,매매가,102235.0,71375.0,126000.0,6.71179,1.07367,1063.034,84.3,81.2,84.9,,
목2동,양천구,행정동,37.544129772441806,126.8733739534413,연립다세대,매매,323,높음,해당지역,31000.0,매매가,32243.9,25000.0,37000.0,9.10926,0.33433,835.771,36.2,29.4,54.2,,
목2동,양천구,행정동,37.544129772441806,126.8733739534413,오피스텔,매매,128,높음,법정동,25150.0,매매가,83550.3,22000.0,157500.0,3.07009,1.93238,658.602,43.9,37.8,94.6,,
목2동,양천구,행정동,37.544129772441806,126.8733739534413,단독다가구,월세,457,높음,법정동,59.6,월환산,66.3,47.3,77.9,3.14026,0.27396,1.74,36.0,27.0,46.0,1000.0,50.0
목2동,양천구,행정동,37.544129772441806,126.8733739534413,아파트,월세,37,높음,해당지역,237.5,월환산,259.2,183.8,281.2,1.76052,0.8399,2.857,84.4,80.6,85.0,38000.0,70.0
목2동,양천구,행정동,37.544129772441806,126.8733739534413,연립다세대,월세,480,높음,해당지역,94.0,월환산,90.9,68.7,111.7,2.9664,0.41819,2.582,30.7,27.5,46.4,9000.0,37.5
목2동,양천구,행정동,37.544129772441806,126.8733739534413,오피스텔,월세,54,높음,해당지역,77.6,월환산,85.2,75.6,89.6,2.69197,0.56799,3.943,19.6,19.2,23.4,1000.0,72.0
목2동,양천구,행정동,37.544129772441806,126.8733739534413,단독다가구,전세,87,높음,법정동,15900.0,보증금,18750.0,11500.0,22750.0,7.86989,0.46359,345.652,50.0,35.8,67.2,15900.0,0.0
목2동,양천구,행정동,37.544129772441806,126.8733739534413,아파트,전세,76,높음,해당지역,60000.0,보증금,60323.7,46000.0,70250.0,7.56864,0.76449,722.916,84.3,78.4,96.8,60000.0,0.0
목2동,양천구,행정동,37.544129772441806,126.8733739534413,연립다세대,전세,384,높음,해당지역,21600.0,보증금,21653.7,17750.0,25000.0,9.04102,0.24301,546.163,39.0,29.6,54.1,21600.0,0.0
목2동,양천구,행정동,37.544129772441806,126.8733739534413,오피스텔,전세,172,높음,법정동,28200.0,보증금,56550.7,20000.0,100000.0,5.08402,1.40301,897.327,38.4,32.1,94.5,28200.0,0.0
목3동,양천구,행정동,37.54497406759551,126.86528662991842,단독다가구,매매,42,높음,자치구,116020.0,매매가,109960.5,58950.0,145500.0,8.43903,0.58095,495.837,180.0,135.5,246.5,,
목3동,양천구,행정동,37.54497406759551,126.86528662991842,아파트,매매,89,높음,해당지역,127000.0,매매가,113715.2,79700.0,140000.0,9.17502,0.54978,1318.865,84.6,60.0,85.0,,
목3동,양천구,행정동,37.54497406759551,126.86528662991842,연립다세대,매매,259,높음,해당지역,30000.0,매매가,29584.1,25000.0,35000.0,9.81187,0.12168,828.105,36.3,29.0,47.8,,
목3동,양천구,행정동,37.54497406759551,126.86528662991842,오피스텔,매매,128,높음,법정동,25150.0,매매가,83550.3,22000.0,157500.0,3.07009,1.93238,658.602,43.9,37.8,94.6,,
목3동,양천구,행정동,37.54497406759551,126.86528662991842,단독다가구,월세,457,높음,법정동,59.6,월환산,66.3,47.3,77.9,3.14026,0.27396,1.74,36.0,27.0,46.0,1000.0,50.0
목3동,양천구,행정동,37.54497406759551,126.86528662991842,아파트,월세,43,높음,해당지역,288.8,월환산,275.1,216.0,337.7,3.00192,0.58858,3.482,84.9,60.0,85.0,30000.0,120.0
목3동,양천구,행정동,37.54497406759551,126.86528662991842,연립다세대,월세,252,높음,해당지역,91.3,월환산,93.5,74.7,115.7,3.50016,0.27812,2.7,32.4,26.1,49.9,12000.0,30.0
목3동,양천구,행정동,37.54497406759551,126.86528662991842,오피스텔,월세,49,높음,해당지역,113.8,월환산,108.2,89.2,126.9,2.77815,0.53981,3.341,31.5,29.6,35.5,11500.0,20.0
목3동,양천구,행정동,37.54497406759551,126.86528662991842,단독다가구,전세,87,높음,법정동,15900.0,보증금,18750.0,11500.0,22750.0,7.86989,0.46359,345.652,50.0,35.8,67.2,15900.0,0.0
목3동,양천구,행정동,37.54497406759551,126.86528662991842,아파트,전세,74,높음,해당지역,68100.0,보증금,67010.2,58475.0,77287.5,8.60767,0.57016,882.768,79.2,60.0,85.0,68100.0,0.0
목3동,양천구,행정동,37.54497406759551,126.86528662991842,연립다세대,전세,177,높음,해당지역,19500.0,보증금,20444.5,15000.0,25300.0,9.85214,-0.00549,474.993,36.5,28.7,50.8,19500.0,0.0
목3동,양천구,행정동,37.54497406759551,126.86528662991842,오피스텔,전세,47,높음,해당지역,26500.0,보증금,24747.4,24835.0,29000.0,5.60322,1.29184,744.978,30.0,28.7,35.8,26500.0,0.0
목4동,양천구,행정동,37.53543027020549,126.86710573842831,단독다가구,매매,42,높음,자치구,116020.0,매매가,109960.5,58950.0,145500.0,8.43903,0.58095,495.837,180.0,135.5,246.5,,
목4동,양천구,행정동,37.53543027020549,126.86710573842831,아파트,매매,67,높음,해당지역,110000.0,매매가,114018.7,81500.0,147600.0,7.54923,0.90871,1266.122,84.8,82.6,85.0,,
목4동,양천구,행정동,37.53543027020549,126.86710573842831,연립다세대,매매,128,높음,해당지역,35000.0,매매가,41243.7,24750.0,53625.0,7.28366,0.84469,843.958,44.7,36.5,59.6,,
목4동,양천구,행정동,37.53543027020549,126.86710573842831,오피스텔,매매,128,높음,법정동,25150.0,매매가,83550.3,22000.0,157500.0,3.07009,1.93238,658.602,43.9,37.8,94.6,,
목4동,양천구,행정동,37.53543027020549,126.86710573842831,단독다가구,월세,457,높음,법정동,59.6,월환산,66.3,47.3,77.9,3.14026,0.27396,1.74,36.0,27.0,46.0,1000.0,50.0
목4동,양천구,행정동,37.53543027020549,126.86710573842831,아파트,월세,43,높음,해당지역,241.2,월환산,245.0,177.5,290.6,-0.38189,1.32289,3.148,84.4,72.8,85.0,26000.0,70.0
목4동,양천구,행정동,37.53543027020549,126.86710573842831,연립다세대,월세,154,높음,해당지역,85.5,월환산,90.2,66.8,110.9,2.79726,0.43897,2.053,40.0,30.0,52.8,5988.5,45.0
목4동,양천구,행정동,37.53543027020549,126.86710573842831,오피스텔,월세,11,보통,해당지역,107.8,월환산,97.6,74.6,113.8,,,3.693,29.2,24.0,29.2,3000.0,88.0
목4동,양천구,행정동,37.53543027020549,126.86710573842831,단독다가구,전세,87,높음,법정동,15900.0,보증금,18750.0,11500.0,22750.0,7.86989,0.46359,345.652,50.0,35.8,67.2,15900.0,0.0
목4동,양천구,행정동,37.53543027020549,126.86710573842831,아파트,전세,100,높음,해당지역,60350.0,보증금,61546.0,50850.0,75000.0,8.03474,0.67337,753.279,84.6,73.4,85.0,60350.0,0.0
목4동,양천구,행정동,37.53543027020549,126.86710573842831,연립다세대,전세,142,높음,해당지역,19000.0,보증금,19053.1,14755.0,23000.0,7.73207,0.54345,388.513,44.1,37.1,56.6,19000.0,0.0
목4동,양천구,행정동,37.53543027020549,126.86710573842831,오피스텔,전세,172,높음,법정동,28200.0,보증금,56550.7,20000.0,100000.0,5.08402,1.40301,897.327,38.4,32.1,94.5,28200.0,0.0
목5동,양천구,행정동,37.53612290014116,126.87835492211136,단독다가구,매매,42,높음,자치구,116020.0,매매가,109960.5,58950.0,145500.0,8.43903,0.58095,495.837,180.0,135.5,246.5,,
목5동,양천구,행정동,37.53612290014116,126.87835492211136,아파트,매매,160,높음,해당지역,228000.0,매매가,236505.6,200000.0,273250.0,11.77214,0.13047,2925.127,84.8,65.0,109.2,,
목5동,양천구,행정동,37.53612290014116,126.87835492211136,연립다세대,매매,715,높음,법정동,31000.0,매매가,32900.2,25000.0,37000.0,8.96944,0.37171,829.187,38.5,29.7,52.5,,
목5동,양천구,행정동,37.53612290014116,126.87835492211136,오피스텔,매매,55,높음,해당지역,22000.0,매매가,23398.2,19500.0,24500.0,5.57118,1.22758,603.494,37.8,33.9,38.2,,
목5동,양천구,행정동,37.53612290014116,126.87835492211136,단독다가구,월세,457,높음,법정동,59.6,월환산,66.3,47.3,77.9,3.14026,0.27396,1.74,36.0,27.0,46.0,1000.0,50.0
목5동,양천구,행정동,37.53612290014116,126.87835492211136,아파트,월세,335,높음,해당지역,332.5,월환산,330.6,245.8,409.4,1.07836,1.06211,3.941,84.8,65.0,95.7,40000.0,137.0
목5동,양천구,행정동,37.53612290014116,126.87835492211136,연립다세대,월세,898,높음,법정동,92.3,월환산,91.6,69.7,112.1,3.14875,0.36546,2.424,34.4,27.9,49.0,10000.0,36.0
목5동,양천구,행정동,37.53612290014116,126.87835492211136,오피스텔,월세,79,높음,해당지역,75.8,월환산,79.8,69.6,84.6,3.50867,0.24866,2.397,33.9,26.7,37.8,1000.0,65.0
목5동,양천구,행정동,37.53612290014116,126.87835492211136,단독다가구,전세,87,높음,법정동,15900.0,보증금,18750.0,11500.0,22750.0,7.86989,0.46359,345.652,50.0,35.8,67.2,15900.0,0.0
목5동,양천구,행정동,37.53612290014116,126.87835492211136,아파트,전세,562,높음,해당지역,79900.0,보증금,77491.2,55000.0,95000.0,6.706,1.02542,935.621,84.8,65.0,95.7,79900.0,0.0
목5동,양천구,행정동,37.53612290014116,126.87835492211136,연립다세대,전세,712,높음,법정동,20647.5,보증금,20901.6,16200.0,24500.0,9.05618,0.22413,474.838,41.1,29.8,54.1,20647.5,0.0
목5동,양천구,행정동,37.53612290014116,126.87835492211136,오피스텔,전세,38,높음,해당지역,18500.0,보증금,19296.1,16250.0,21125.0,8.18653,0.46763,503.623,37.8,29.5,38.2,18500.0,0.0
신월1동,양천구,행정동,37.531643240116345,126.83420512614877,단독다가구,매매,11,보통,법정동,38000.0,매매가,42118.2,30250.0,49150.0,,,252.101,149.8,109.7,191.7,,
신월1동,양천구,행정동,37.531643240116345,126.83420512614877,아파트,매매,21,보통,해당지역,42000.0,매매가,43261.9,39000.0,45000.0,7.95925,0.63925,639.275,59.9,59.6,84.2,,
신월1동,양천구,행정동,37.531643240116345,126.83420512614877,연립다세대,매매,54,높음,해당지역,19150.0,매매가,20286.1,17050.0,24000.0,8.98477,0.2433,477.543,38.3,29.9,51.0,,
신월1동,양천구,행정동,37.531643240116345,126.83420512614877,오피스텔,매매,211,높음,자치구,46000.0,매매가,73547.9,22050.0,91500.0,3.73564,1.75584,788.664,56.2,37.8,88.9,,
신월1동,양천구,행정동,37.531643240116345,126.83420512614877,단독다가구,월세,380,높음,법정동,44.6,월환산,51.3,36.4,62.3,2.56585,0.35645,1.288,35.0,28.2,47.4,800.0,40.0
신월1동,양천구,행정동,37.531643240116345,126.83420512614877,아파트,월세,413,높음,법정동,116.7,월환산,143.9,66.0,222.9,-2.07604,1.68706,2.064,59.2,46.0,74.6,6642.0,65.0
신월1동,양천구,행정동,37.531643240116345,126.83420512614877,연립다세대,월세,108,높음,해당지역,70.9,월환산,74.5,52.6,96.4,3.62118,0.17086,1.881,36.7,28.5,48.6,3000.0,50.0
신월1동,양천구,행정동,37.531643240116345,126.83420512614877,오피스텔,월세,19,보통,해당지역,103.8,월환산,86.8,50.5,110.7,,,2.536,32.4,25.4,33.1,3000.0,80.0
신월1동,양천구,행정동,37.531643240116345,126.83420512614877,단독다가구,전세,100,높음,법정동,10000.0,보증금,9763.2,5875.0,13000.0,5.53761,0.91522,200.766,42.7,32.0,57.9,10000.0,0.0
신월1동,양천구,행정동,37.531643240116345,126.83420512614877,아파트,전세,20,보통,해당지역,29150.0,보증금,29855.0,24787.5,33787.5,8.1176,0.5127,421.188,59.9,59.7,84.9,29150.0,0.0
신월1동,양천구,행정동,37.531643240116345,126.83420512614877,연립다세대,전세,83,높음,해당지역,17820.0,보증금,16831.3,13000.0,20500.0,10.33718,-0.18594,512.178,30.0,29.0,45.1,17820.0,0.0
신월1동,양천구,행정동,37.531643240116345,126.83420512614877,오피스텔,전세,24,보통,법정동,26800.0,보증금,24824.1,17550.0,29900.0,5.38012,1.2681,647.323,33.1,31.8,43.3,26800.0,0.0
신월2동,양천구,행정동,37.52283838767945,126.84628979375562,단독다가구,매매,11,보통,법정동,38000.0,매매가,42118.2,30250.0,49150.0,,,252.101,149.8,109.7,191.7,,
신월2동,양천구,행정동,37.52283838767945,126.84628979375562,아파트,매매,149,높음,해당지역,75000.0,매매가,80542.4,60400.0,105500.0,7.45075,0.87621,954.294,83.4,59.9,85.0,,
신월2동,양천구,행정동,37.52283838767945,126.84628979375562,연립다세대,매매,86,높음,해당지역,22250.0,매매가,23062.8,18500.0,27650.0,8.24469,0.46099,468.815,43.3,35.1,59.0,,
신월2동,양천구,행정동,37.52283838767945,126.84628979375562,오피스텔,매매,211,높음,자치구,46000.0,매매가,73547.9,22050.0,91500.0,3.73564,1.75584,788.664,56.2,37.8,88.9,,
신월2동,양천구,행정동,37.52283838767945,126.84628979375562,단독다가구,월세,380,높음,법정동,44.6,월환산,51.3,36.4,62.3,2.56585,0.35645,1.288,35.0,28.2,47.4,800.0,40.0
신월2동,양천구,행정동,37.52283838767945,126.84628979375562,아파트,월세,61,높음,해당지역,140.8,월환산,141.2,58.6,225.8,-0.19997,1.21903,2.236,59.9,36.8,84.8,8000.0,60.0
신월2동,양천구,행정동,37.52283838767945,126.84628979375562,연립다세대,월세,87,높음,해당지역,69.2,월환산,74.9,56.6,89.2,3.51991,0.20186,1.699,36.9,29.9,55.3,3000.0,50.0
신월2동,양천구,행정동,37.52283838767945,126.84628979375562,오피스텔,월세,47,높음,법정동,82.6,월환산,89.3,54.8,114.6,2.05493,0.68008,2.431,32.4,23.2,41.0,3000.0,70.0
신월2동,양천구,행정동,37.52283838767945,126.84628979375562,단독다가구,전세,100,높음,법정동,10000.0,보증금,9763.2,5875.0,13000.0,5.53761,0.91522,200.766,42.7,32.0,57.9,10000.0,0.0
신월2동,양천구,행정동,37.52283838767945,126.84628979375562,아파트,전세,120,높음,해당지역,49000.0,보증금,46206.0,35000.0,55150.0,7.07023,0.83918,627.116,80.7,59.8,85.0,49000.0,0.0
신월2동,양천구,행정동,37.52283838767945,126.84628979375562,연립다세대,전세,77,높음,해당지역,14000.0,보증금,14520.2,10500.0,17000.0,9.81151,-0.08219,303.9,41.0,33.7,50.8,14000.0,0.0
신월2동,양천구,행정동,37.52283838767945,126.84628979375562,오피스텔,전세,24,보통,법정동,26800.0,보증금,24824.1,17550.0,29900.0,5.38012,1.2681,647.323,33.1,31.8,43.3,26800.0,0.0
신월3동,양천구,행정동,37.5335232805124,126.82769524806038,단독다가구,매매,11,보통,법정동,38000.0,매매가,42118.2,30250.0,49150.0,,,252.101,149.8,109.7,191.7,,
신월3동,양천구,행정동,37.5335232805124,126.82769524806038,아파트,매매,19,보통,해당지역,46000.0,매매가,47507.9,40250.0,50425.0,,,588.72,84.3,74.3,84.9,,
신월3동,양천구,행정동,37.5335232805124,126.82769524806038,연립다세대,매매,36,높음,해당지역,15850.0,매매가,16320.8,12375.0,20000.0,8.78736,0.2319,373.614,40.9,31.5,48.3,,
신월3동,양천구,행정동,37.5335232805124,126.82769524806038,오피스텔,매매,211,높음,자치구,46000.0,매매가,73547.9,22050.0,91500.0,3.73564,1.75584,788.664,56.2,37.8,88.9,,
신월3동,양천구,행정동,37.5335232805124,126.82769524806038,단독다가구,월세,380,높음,법정동,44.6,월환산,51.3,36.4,62.3,2.56585,0.35645,1.288,35.0,28.2,47.4,800.0,40.0
신월3동,양천구,행정동,37.5335232805124,126.82769524806038,아파트,월세,413,높음,법정동,116.7,월환산,143.9,66.0,222.9,-2.07604,1.68706,2.064,59.2,46.0,74.6,6642.0,65.0
신월3동,양천구,행정동,37.5335232805124,126.82769524806038,연립다세대,월세,51,높음,해당지역,65.0,월환산,71.1,51.5,85.2,3.38149,0.22007,1.568,37.1,30.9,42.2,2000.0,50.0
신월3동,양천구,행정동,37.5335232805124,126.82769524806038,오피스텔,월세,47,높음,법정동,82.6,월환산,89.3,54.8,114.6,2.05493,0.68008,2.431,32.4,23.2,41.0,3000.0,70.0
신월3동,양천구,행정동,37.5335232805124,126.82769524806038,단독다가구,전세,100,높음,법정동,10000.0,보증금,9763.2,5875.0,13000.0,5.53761,0.91522,200.766,42.7,32.0,57.9,10000.0,0.0
신월3동,양천구,행정동,37.5335232805124,126.82769524806038,아파트,전세,13,보통,해당지역,34000.0,보증금,31450.0,25000.0,38000.0,,,429.665,84.9,71.2,85.0,34000.0,0.0
신월3동,양천구,행정동,37.5335232805124,126.82769524806038,연립다세대,전세,44,높음,해당지역,11500.0,보증금,12728.4,9075.0,17250.0,9.92941,-0.15873,264.177,37.4,26.9,42.2,11500.0,0.0
신월3동,양천구,행정동,37.5335232805124,126.82769524806038,오피스텔,전세,24,보통,법정동,26800.0,보증금,24824.1,17550.0,29900.0,5.38012,1.2681,647.323,33.1,31.8,43.3,26800.0,0.0
신월4동,양천구,행정동,37.522366186077086,126.83981942510047,단독다가구,매매,11,보통,법정동,38000.0,매매가,42118.2,30250.0,49150.0,,,252.101,149.8,109.7,191.7,,
신월4동,양천구,행정동,37.522366186077086,126.83981942510047,아파트,매매,99,높음,해당지역,60000.0,매매가,59140.9,50000.0,69900.0,6.42699,1.05576,818.083,76.5,60.0,84.7,,
신월4동,양천구,행정동,37.522366186077086,126.83981942510047,연립다세대,매매,50,높음,해당지역,25033.0,매매가,24138.4,20275.0,28000.0,8.19333,0.48509,519.678,48.9,39.6,57.9,,
신월4동,양천구,행정동,37.522366186077086,126.83981942510047,오피스텔,매매,211,높음,자치구,46000.0,매매가,73547.9,22050.0,91500.0,3.73564,1.75584,788.664,56.2,37.8,88.9,,
신월4동,양천구,행정동,37.522366186077086,126.83981942510047,단독다가구,월세,380,높음,법정동,44.6,월환산,51.3,36.4,62.3,2.56585,0.35645,1.288,35.0,28.2,47.4,800.0,40.0
신월4동,양천구,행정동,37.522366186077086,126.83981942510047,아파트,월세,30,높음,해당지역,176.3,월환산,172.3,154.4,200.4,5.25534,-0.03534,2.445,73.5,62.4,84.7,10500.0,117.5
신월4동,양천구,행정동,37.522366186077086,126.83981942510047,연립다세대,월세,63,높음,해당지역,85.7,월환산,86.6,66.6,102.8,4.05194,0.10004,2.272,40.0,29.8,49.0,5000.0,45.0
신월4동,양천구,행정동,37.522366186077086,126.83981942510047,오피스텔,월세,47,높음,법정동,82.6,월환산,89.3,54.8,114.6,2.05493,0.68008,2.431,32.4,23.2,41.0,3000.0,70.0
신월4동,양천구,행정동,37.522366186077086,126.83981942510047,단독다가구,전세,100,높음,법정동,10000.0,보증금,9763.2,5875.0,13000.0,5.53761,0.91522,200.766,42.7,32.0,57.9,10000.0,0.0
신월4동,양천구,행정동,37.522366186077086,126.83981942510047,아파트,전세,66,높음,해당지역,39000.0,보증금,38321.9,32125.0,43375.0,7.45178,0.72134,515.877,76.3,59.9,84.3,39000.0,0.0
신월4동,양천구,행정동,37.522366186077086,126.83981942510047,연립다세대,전세,52,높음,해당지역,17190.0,보증금,17859.6,12512.5,22425.0,10.33533,-0.17271,383.806,41.8,29.5,53.9,17190.0,0.0
신월4동,양천구,행정동,37.522366186077086,126.83981942510047,오피스텔,전세,24,보통,법정동,26800.0,보증금,24824.1,17550.0,29900.0,5.38012,1.2681,647.323,33.1,31.8,43.3,26800.0,0.0
신월5동,양천구,행정동,37.53950044888321,126.83003715690403,단독다가구,매매,11,보통,법정동,38000.0,매매가,42118.2,30250.0,49150.0,,,252.101,149.8,109.7,191.7,,
신월5동,양천구,행정동,37.53950044888321,126.83003715690403,아파트,매매,39,높음,해당지역,65000.0,매매가,68725.6,58400.0,77500.0,7.68667,0.77257,815.034,84.4,83.2,85.0,,
신월5동,양천구,행정동,37.53950044888321,126.83003715690403,연립다세대,매매,51,높음,해당지역,26500.0,매매가,25951.0,21750.0,29650.0,9.07481,0.27069,506.791,49.4,38.2,57.6,,
신월5동,양천구,행정동,37.53950044888321,126.83003715690403,오피스텔,매매,211,높음,자치구,46000.0,매매가,73547.9,22050.0,91500.0,3.73564,1.75584,788.664,56.2,37.8,88.9,,
신월5동,양천구,행정동,37.53950044888321,126.83003715690403,단독다가구,월세,380,높음,법정동,44.6,월환산,51.3,36.4,62.3,2.56585,0.35645,1.288,35.0,28.2,47.4,800.0,40.0
신월5동,양천구,행정동,37.53950044888321,126.83003715690403,아파트,월세,413,높음,법정동,116.7,월환산,143.9,66.0,222.9,-2.07604,1.68706,2.064,59.2,46.0,74.6,6642.0,65.0
신월5동,양천구,행정동,37.53950044888321,126.83003715690403,연립다세대,월세,42,높음,해당지역,77.0,월환산,80.7,66.5,89.5,5.38728,-0.29729,2.373,33.2,27.0,47.3,4337.0,41.0
신월5동,양천구,행정동,37.53950044888321,126.83003715690403,오피스텔,월세,47,높음,법정동,82.6,월환산,89.3,54.8,114.6,2.05493,0.68008,2.431,32.4,23.2,41.0,3000.0,70.0
신월5동,양천구,행정동,37.53950044888321,126.83003715690403,단독다가구,전세,100,높음,법정동,10000.0,보증금,9763.2,5875.0,13000.0,5.53761,0.91522,200.766,42.7,32.0,57.9,10000.0,0.0
신월5동,양천구,행정동,37.53950044888321,126.83003715690403,아파트,전세,32,높음,해당지역,43500.0,보증금,43528.5,39700.0,51000.0,4.22223,1.46449,523.295,84.5,75.8,85.0,43500.0,0.0
신월5동,양천구,행정동,37.53950044888321,126.83003715690403,연립다세대,전세,54,높음,해당지역,16780.0,보증금,17638.0,14125.0,20875.0,9.81252,-0.03958,522.931,33.8,29.5,42.6,16780.0,0.0
신월5동,양천구,행정동,37.53950044888321,126.83003715690403,오피스텔,전세,10,보통,해당지역,29900.0,보증금,28660.0,26800.0,29900.0,,,690.212,43.3,33.1,43.3,29900.0,0.0
신월6동,양천구,행정동,37.516348541315075,126.8434425748338,단독다가구,매매,11,보통,법정동,38000.0,매매가,42118.2,30250.0,49150.0,,,252.101,149.8,109.7,191.7,,
신월6동,양천구,행정동,37.516348541315075,126.8434425748338,아파트,매매,158,높음,해당지역,120000.0,매매가,106248.8,79375.0,129875.0,9.79527,0.40646,1529.862,84.6,59.9,85.0,,
신월6동,양천구,행정동,37.516348541315075,126.8434425748338,연립다세대,매매,386,높음,법정동,22050.0,매매가,21776.5,17000.0,26000.0,8.18227,0.46618,501.432,40.9,36.3,52.3,,
신월6동,양천구,행정동,37.516348541315075,126.8434425748338,오피스텔,매매,211,높음,자치구,46000.0,매매가,73547.9,22050.0,91500.0,3.73564,1.75584,788.664,56.2,37.8,88.9,,
신월6동,양천구,행정동,37.516348541315075,126.8434425748338,단독다가구,월세,380,높음,법정동,44.6,월환산,51.3,36.4,62.3,2.56585,0.35645,1.288,35.0,28.2,47.4,800.0,40.0
신월6동,양천구,행정동,37.516348541315075,126.8434425748338,아파트,월세,188,높음,해당지역,203.3,월환산,171.8,41.9,265.8,-4.94387,2.40101,3.113,59.7,46.0,84.2,10551.0,43.5
신월6동,양천구,행정동,37.516348541315075,126.8434425748338,연립다세대,월세,10,보통,해당지역,59.2,월환산,61.7,56.6,62.6,,,1.5,38.7,36.6,41.0,2500.0,50.0
신월6동,양천구,행정동,37.516348541315075,126.8434425748338,오피스텔,월세,47,높음,법정동,82.6,월환산,89.3,54.8,114.6,2.05493,0.68008,2.431,32.4,23.2,41.0,3000.0,70.0
신월6동,양천구,행정동,37.516348541315075,126.8434425748338,단독다가구,전세,100,높음,법정동,10000.0,보증금,9763.2,5875.0,13000.0,5.53761,0.91522,200.766,42.7,32.0,57.9,10000.0,0.0
신월6동,양천구,행정동,37.516348541315075,126.8434425748338,아파트,전세,269,높음,해당지역,57000.0,보증금,56435.7,47250.0,65000.0,8.60103,0.54373,823.723,84.0,59.7,85.0,57000.0,0.0
신월6동,양천구,행정동,37.516348541315075,126.8434425748338,연립다세대,전세,444,높음,법정동,13000.0,보증금,14339.7,10000.0,18610.0,9.79624,-0.0878,301.459,37.9,30.4,44.1,13000.0,0.0
신월6동,양천구,행정동,37.516348541315075,126.8434425748338,오피스텔,전세,24,보통,법정동,26800.0,보증금,24824.1,17550.0,29900.0,5.38012,1.2681,647.323,33.1,31.8,43.3,26800.0,0.0
신월7동,양천구,행정동,37.520117074031866,126.83305359312271,단독다가구,매매,11,보통,법정동,38000.0,매매가,42118.2,30250.0,49150.0,,,252.101,149.8,109.7,191.7,,
신월7동,양천구,행정동,37.520117074031866,126.83305359312271,아파트,매매,41,높음,해당지역,63500.0,매매가,58778.0,41000.0,74000.0,10.00571,0.22952,1381.488,50.7,47.6,59.5,,
신월7동,양천구,행정동,37.520117074031866,126.83305359312271,연립다세대,매매,101,높음,해당지역,22500.0,매매가,20684.2,16000.0,25000.0,7.15147,0.74116,552.486,38.6,36.5,41.0,,
신월7동,양천구,행정동,37.520117074031866,126.83305359312271,오피스텔,매매,211,높음,자치구,46000.0,매매가,73547.9,22050.0,91500.0,3.73564,1.75584,788.664,56.2,37.8,88.9,,
신월7동,양천구,행정동,37.520117074031866,126.83305359312271,단독다가구,월세,380,높음,법정동,44.6,월환산,51.3,36.4,62.3,2.56585,0.35645,1.288,35.0,28.2,47.4,800.0,40.0
신월7동,양천구,행정동,37.520117074031866,126.83305359312271,아파트,월세,114,높음,해당지역,88.8,월환산,89.2,72.7,100.4,0.81328,0.93508,1.85,49.8,43.2,50.7,3000.0,70.0
신월7동,양천구,행정동,37.520117074031866,126.83305359312271,연립다세대,월세,123,높음,해당지역,54.6,월환산,53.2,43.5,59.6,2.54299,0.37614,1.325,40.7,36.5,41.4,1000.0,45.0
신월7동,양천구,행정동,37.520117074031866,126.83305359312271,오피스텔,월세,12,보통,해당지역,87.8,월환산,108.5,77.6,151.3,,,3.121,37.2,19.1,68.0,4000.0,75.5
신월7동,양천구,행정동,37.520117074031866,126.83305359312271,단독다가구,전세,100,높음,법정동,10000.0,보증금,9763.2,5875.0,13000.0,5.53761,0.91522,200.766,42.7,32.0,57.9,10000.0,0.0
신월7동,양천구,행정동,37.520117074031866,126.83305359312271,아파트,전세,125,높음,해당지역,21000.0,보증금,20642.3,17000.0,24000.0,7.15823,0.70113,434.182,50.7,43.2,50.7,21000.0,0.0
신월7동,양천구,행정동,37.520117074031866,126.83305359312271,연립다세대,전세,127,높음,해당지역,10500.0,보증금,10537.0,8000.0,12400.0,4.46897,1.29404,267.38,38.2,36.6,41.1,10500.0,0.0
신월7동,양천구,행정동,37.520117074031866,126.83305359312271,오피스텔,전세,24,보통,법정동,26800.0,보증금,24824.1,17550.0,29900.0,5.38012,1.2681,647.323,33.1,31.8,43.3,26800.0,0.0
신정1동,양천구,행정동,37.518654794847585,126.85957083414206,단독다가구,매매,22,보통,법정동,141500.0,매매가,141274.5,108250.0,168125.0,9.62421,0.41731,719.722,182.9,126.1,243.6,,
신정1동,양천구,행정동,37.518654794847585,126.85957083414206,아파트,매매,47,높음,해당지역,210000.0,매매가,212689.4,183000.0,243500.0,9.41145,0.62652,2474.081,85.0,70.2,106.3,,
신정1동,양천구,행정동,37.518654794847585,126.85957083414206,연립다세대,매매,11,보통,해당지역,34400.0,매매가,31536.4,24300.0,39750.0,,,786.539,48.3,38.0,52.3,,
신정1동,양천구,행정동,37.518654794847585,126.85957083414206,오피스텔,매매,77,높음,법정동,69000.0,매매가,61495.4,33000.0,81500.0,5.76015,1.24869,929.629,59.7,45.6,79.8,,
신정1동,양천구,행정동,37.518654794847585,126.85957083414206,단독다가구,월세,595,높음,법정동,56.4,월환산,61.7,45.2,71.6,3.3441,0.19434,1.612,35.0,26.7,45.6,1000.0,50.0
신정1동,양천구,행정동,37.518654794847585,126.85957083414206,아파트,월세,120,높음,해당지역,233.1,월환산,261.6,187.1,359.2,1.62013,0.91342,3.588,70.2,53.8,85.0,30000.0,100.0
신정1동,양천구,행정동,37.518654794847585,126.85957083414206,연립다세대,월세,26,보통,해당지역,102.9,월환산,103.6,69.6,134.6,2.78622,0.52831,3.532,29.9,14.3,52.0,4000.0,61.0
신정1동,양천구,행정동,37.518654794847585,126.85957083414206,오피스텔,월세,194,높음,법정동,94.4,월환산,119.6,74.2,133.8,2.10203,0.73009,3.195,29.4,19.5,45.7,3000.0,75.0
신정1동,양천구,행정동,37.518654794847585,126.85957083414206,단독다가구,전세,124,높음,법정동,13000.0,보증금,15135.3,9300.0,18187.5,7.20291,0.58203,297.398,47.1,33.6,68.8,13000.0,0.0
신정1동,양천구,행정동,37.518654794847585,126.85957083414206,아파트,전세,261,높음,해당지역,68000.0,보증금,69687.2,50000.0,85050.0,7.04168,0.93297,836.12,71.4,60.0,105.6,68000.0,0.0
신정1동,양천구,행정동,37.518654794847585,126.85957083414206,연립다세대,전세,266,높음,법정동,20000.0,보증금,20027.5,16485.0,23575.0,9.24223,0.16796,485.278,40.5,28.4,54.7,20000.0,0.0
신정1동,양천구,행정동,37.518654794847585,126.85957083414206,오피스텔,전세,124,높음,법정동,27900.0,보증금,34341.7,23000.0,45000.0,7.31776,0.79863,731.384,45.7,28.5,68.3,27900.0,0.0
신정2동,양천구,행정동,37.51939692213532,126.87463387510343,단독다가구,매매,22,보통,법정동,141500.0,매매가,141274.5,108250.0,168125.0,9.62421,0.41731,719.722,182.9,126.1,243.6,,
신정2동,양천구,행정동,37.51939692213532,126.87463387510343,아파트,매매,78,높음,해당지역,156250.0,매매가,157656.4,141500.0,173000.0,9.03159,0.65576,1741.852,84.8,84.7,85.0,,
신정2동,양천구,행정동,37.51939692213532,126.87463387510343,연립다세대,매매,15,보통,해당지역,33500.0,매매가,35966.7,23250.0,42950.0,,,717.639,40.9,32.8,58.2,,
신정2동,양천구,행정동,37.51939692213532,126.87463387510343,오피스텔,매매,77,높음,법정동,69000.0,매매가,61495.4,33000.0,81500.0,5.76015,1.24869,929.629,59.7,45.6,79.8,,
신정2동,양천구,행정동,37.51939692213532,126.87463387510343,단독다가구,월세,595,높음,법정동,56.4,월환산,61.7,45.2,71.6,3.3441,0.19434,1.612,35.0,26.7,45.6,1000.0,50.0
신정2동,양천구,행정동,37.51939692213532,126.87463387510343,아파트,월세,73,높음,해당지역,315.0,월환산,301.7,253.8,347.9,-1.43329,1.59944,3.662,84.8,84.7,85.0,32000.0,146.0
신정2동,양천구,행정동,37.51939692213532,126.87463387510343,연립다세대,월세,14,보통,해당지역,99.8,월환산,106.1,73.5,146.0,,,2.246,41.4,36.4,47.3,7500.0,32.5
신정2동,양천구,행정동,37.51939692213532,126.87463387510343,오피스텔,월세,194,높음,법정동,94.4,월환산,119.6,74.2,133.8,2.10203,0.73009,3.195,29.4,19.5,45.7,3000.0,75.0
신정2동,양천구,행정동,37.51939692213532,126.87463387510343,단독다가구,전세,124,높음,법정동,13000.0,보증금,15135.3,9300.0,18187.5,7.20291,0.58203,297.398,47.1,33.6,68.8,13000.0,0.0
신정2동,양천구,행정동,37.51939692213532,126.87463387510343,아파트,전세,144,높음,해당지역,71000.0,보증금,74449.9,63000.0,83250.0,8.76638,0.54829,860.736,84.8,84.6,85.0,71000.0,0.0
신정2동,양천구,행정동,37.51939692213532,126.87463387510343,연립다세대,전세,11,보통,해당지역,20000.0,보증금,22079.5,12500.0,29900.0,,,457.339,37.7,36.2,61.9,20000.0,0.0
신정2동,양천구,행정동,37.51939692213532,126.87463387510343,오피스텔,전세,124,높음,법정동,27900.0,보증금,34341.7,23000.0,45000.0,7.31776,0.79863,731.384,45.7,28.5,68.3,27900.0,0.0
신정3동,양천구,행정동,37.51313070552776,126.8412692991443,단독다가구,매매,22,보통,법정동,141500.0,매매가,141274.5,108250.0,168125.0,9.62421,0.41731,719.722,182.9,126.1,243.6,,
신정3동,양천구,행정동,37.51313070552776,126.8412692991443,아파트,매매,327,높음,해당지역,80000.0,매매가,89716.2,66000.0,102000.0,7.98116,0.79762,1200.24,59.9,50.0,84.9,,
신정3동,양천구,행정동,37.51313070552776,126.8412692991443,연립다세대,매매,28,보통,해당지역,92750.0,매매가,79480.4,39375.0,105000.0,7.26307,0.98259,1694.863,53.4,40.4,69.4,,
신정3동,양천구,행정동,37.51313070552776,126.8412692991443,오피스텔,매매,11,보통,해당지역,47500.0,매매가,50081.8,43350.0,59000.0,,,639.512,80.2,71.5,93.5,,
신정3동,양천구,행정동,37.51313070552776,126.8412692991443,단독다가구,월세,595,높음,법정동,56.4,월환산,61.7,45.2,71.6,3.3441,0.19434,1.612,35.0,26.7,45.6,1000.0,50.0
신정3동,양천구,행정동,37.51313070552776,126.8412692991443,아파트,월세,641,높음,해당지역,57.9,월환산,86.7,44.2,92.3,-2.64797,1.7578,1.155,49.1,39.5,59.9,6148.0,32.0
신정3동,양천구,행정동,37.51313070552776,126.8412692991443,연립다세대,월세,17,보통,해당지역,53.5,월환산,64.4,41.4,93.8,,,1.314,41.0,36.7,47.2,3000.0,45.0
신정3동,양천구,행정동,37.51313070552776,126.8412692991443,오피스텔,월세,15,보통,해당지역,118.8,월환산,128.4,109.3,166.9,,,2.028,75.1,30.4,93.1,10000.0,50.0
신정3동,양천구,행정동,37.51313070552776,126.8412692991443,단독다가구,전세,124,높음,법정동,13000.0,보증금,15135.3,9300.0,18187.5,7.20291,0.58203,297.398,47.1,33.6,68.8,13000.0,0.0
신정3동,양천구,행정동,37.51313070552776,126.8412692991443,아파트,전세,490,높음,해당지역,39123.0,보증금,46414.9,30576.0,58375.0,7.29472,0.78601,608.962,84.5,59.7,85.0,39123.0,0.0
신정3동,양천구,행정동,37.51313070552776,126.8412692991443,연립다세대,전세,28,보통,해당지역,19040.0,보증금,18874.3,14775.0,23000.0,8.5056,0.33973,391.295,43.6,34.4,61.1,19040.0,0.0
신정3동,양천구,행정동,37.51313070552776,126.8412692991443,오피스텔,전세,19,보통,해당지역,28000.0,보증금,25986.3,13500.0,32950.0,,,433.385,71.5,22.9,77.6,28000.0,0.0
신정4동,양천구,행정동,37.524922893687126,126.85668169881714,단독다가구,매매,22,보통,법정동,141500.0,매매가,141274.5,108250.0,168125.0,9.62421,0.41731,719.722,182.9,126.1,243.6,,
신정4동,양천구,행정동,37.524922893687126,126.85668169881714,아파트,매매,37,높음,해당지역,70200.0,매매가,70863.5,55300.0,84000.0,6.81581,0.99778,919.638,81.1,66.5,84.6,,
신정4동,양천구,행정동,37.524922893687126,126.85668169881714,연립다세대,매매,201,높음,해당지역,37000.0,매매가,39297.2,29000.0,48500.0,9.43349,0.29091,958.882,41.9,29.9,53.6,,
신정4동,양천구,행정동,37.524922893687126,126.85668169881714,오피스텔,매매,77,높음,법정동,69000.0,매매가,61495.4,33000.0,81500.0,5.76015,1.24869,929.629,59.7,45.6,79.8,,
신정4동,양천구,행정동,37.524922893687126,126.85668169881714,단독다가구,월세,595,높음,법정동,56.4,월환산,61.7,45.2,71.6,3.3441,0.19434,1.612,35.0,26.7,45.6,1000.0,50.0
신정4동,양천구,행정동,37.524922893687126,126.85668169881714,아파트,월세,31,높음,해당지역,112.9,월환산,139.5,69.0,207.3,2.54023,0.61446,3.078,58.1,14.0,77.8,9000.0,63.0
신정4동,양천구,행정동,37.524922893687126,126.85668169881714,연립다세대,월세,362,높음,해당지역,85.9,월환산,85.8,66.3,104.5,3.692,0.19804,2.465,33.1,25.9,46.6,5000.0,50.0
신정4동,양천구,행정동,37.524922893687126,126.85668169881714,오피스텔,월세,89,높음,해당지역,74.2,월환산,77.3,64.8,84.2,3.56162,0.24493,3.465,19.4,17.7,29.4,1000.0,65.0
신정4동,양천구,행정동,37.524922893687126,126.85668169881714,단독다가구,전세,124,높음,법정동,13000.0,보증금,15135.3,9300.0,18187.5,7.20291,0.58203,297.398,47.1,33.6,68.8,13000.0,0.0
신정4동,양천구,행정동,37.524922893687126,126.85668169881714,아파트,전세,51,높음,해당지역,43000.0,보증금,42678.4,37275.0,47730.0,6.87155,0.86257,531.726,81.9,70.8,84.8,43000.0,0.0
신정4동,양천구,행정동,37.524922893687126,126.85668169881714,연립다세대,전세,219,높음,해당지역,20000.0,보증금,20079.2,17000.0,23500.0,9.34495,0.14349,500.351,40.2,27.1,53.6,20000.0,0.0
신정4동,양천구,행정동,37.524922893687126,126.85668169881714,오피스텔,전세,26,보통,해당지역,18000.0,보증금,20644.2,16250.0,25345.0,8.42301,0.45452,880.141,26.4,17.4,29.3,18000.0,0.0
신정6동,양천구,행정동,37.51777847981081,126.86839237518201,단독다가구,매매,22,보통,법정동,141500.0,매매가,141274.5,108250.0,168125.0,9.62421,0.41731,719.722,182.9,126.1,243.6,,
신정6동,양천구,행정동,37.51777847981081,126.86839237518201,아파트,매매,53,높음,해당지역,220000.0,매매가,221453.8,193000.0,245000.0,10.74338,0.35769,3110.42,70.7,55.0,98.6,,
신정6동,양천구,행정동,37.51777847981081,126.86839237518201,연립다세대,매매,255,높음,법정동,38500.0,매매가,43178.8,28600.0,50000.0,8.81617,0.46685,962.42,43.1,29.9,55.6,,
신정6동,양천구,행정동,37.51777847981081,126.86839237518201,오피스텔,매매,40,높음,해당지역,72500.0,매매가,67465.0,51125.0,85500.0,3.48657,1.84059,1097.184,59.2,53.2,68.7,,
신정6동,양천구,행정동,37.51777847981081,126.86839237518201,단독다가구,월세,595,높음,법정동,56.4,월환산,61.7,45.2,71.6,3.3441,0.19434,1.612,35.0,26.7,45.6,1000.0,50.0
신정6동,양천구,행정동,37.51777847981081,126.86839237518201,아파트,월세,160,높음,해당지역,231.7,월환산,267.9,191.6,322.0,0.83853,1.08338,3.435,70.7,55.0,98.6,30000.0,118.5
신정6동,양천구,행정동,37.51777847981081,126.86839237518201,연립다세대,월세,428,높음,법정동,85.9,월환산,86.6,65.8,105.7,3.60678,0.22266,2.453,35.6,26.3,47.5,5000.0,50.0
신정6동,양천구,행정동,37.51777847981081,126.86839237518201,오피스텔,월세,58,높음,해당지역,128.8,월환산,158.0,112.8,181.4,2.28942,0.72306,3.665,41.4,28.5,58.6,5000.0,100.0
신정6동,양천구,행정동,37.51777847981081,126.86839237518201,단독다가구,전세,124,높음,법정동,13000.0,보증금,15135.3,9300.0,18187.5,7.20291,0.58203,297.398,47.1,33.6,68.8,13000.0,0.0
신정6동,양천구,행정동,37.51777847981081,126.86839237518201,아파트,전세,347,높음,해당지역,54600.0,보증금,61528.4,45000.0,70500.0,6.69805,0.99467,794.237,70.7,55.0,83.9,54600.0,0.0
신정6동,양천구,행정동,37.51777847981081,126.86839237518201,연립다세대,전세,266,높음,법정동,20000.0,보증금,20027.5,16485.0,23575.0,9.24223,0.16796,485.278,40.5,28.4,54.7,20000.0,0.0
신정6동,양천구,행정동,37.51777847981081,126.86839237518201,오피스텔,전세,65,높음,해당지역,38000.0,보증금,40563.6,27000.0,57000.0,7.5421,0.77718,851.507,55.8,28.5,59.2,38000.0,0.0
신정7동,양천구,행정동,37.51140259473817,126.86240812044187,단독다가구,매매,22,보통,법정동,141500.0,매매가,141274.5,108250.0,168125.0,9.62421,0.41731,719.722,182.9,126.1,243.6,,
신정7동,양천구,행정동,37.51140259473817,126.86240812044187,아파트,매매,103,높음,해당지역,133000.0,매매가,143137.9,120500.0,171000.0,11.63842,0.04483,1471.281,85.0,66.2,104.6,,
신정7동,양천구,행정동,37.51140259473817,126.86240812044187,연립다세대,매매,255,높음,법정동,38500.0,매매가,43178.8,28600.0,50000.0,8.81617,0.46685,962.42,43.1,29.9,55.6,,
신정7동,양천구,행정동,37.51140259473817,126.86240812044187,오피스텔,매매,21,보통,해당지역,75000.0,매매가,67045.0,51000.0,86000.0,4.81404,1.4604,907.635,79.3,56.2,92.5,,
신정7동,양천구,행정동,37.51140259473817,126.86240812044187,단독다가구,월세,595,높음,법정동,56.4,월환산,61.7,45.2,71.6,3.3441,0.19434,1.612,35.0,26.7,45.6,1000.0,50.0
신정7동,양천구,행정동,37.51140259473817,126.86240812044187,아파트,월세,282,높음,해당지역,123.4,월환산,119.2,16.4,204.7,-7.51086,2.97042,2.121,51.5,33.6,70.4,3500.0,29.0
신정7동,양천구,행정동,37.51140259473817,126.86240812044187,연립다세대,월세,428,높음,법정동,85.9,월환산,86.6,65.8,105.7,3.60678,0.22266,2.453,35.6,26.3,47.5,5000.0,50.0
신정7동,양천구,행정동,37.51140259473817,126.86240812044187,오피스텔,월세,32,높음,해당지역,167.2,월환산,163.5,84.1,208.2,-0.14845,1.27455,2.432,70.2,33.6,73.9,5000.0,95.0
신정7동,양천구,행정동,37.51140259473817,126.86240812044187,단독다가구,전세,124,높음,법정동,13000.0,보증금,15135.3,9300.0,18187.5,7.20291,0.58203,297.398,47.1,33.6,68.8,13000.0,0.0
신정7동,양천구,행정동,37.51140259473817,126.86240812044187,아파트,전세,332,높음,해당지역,50000.0,보증금,52885.5,40000.0,58000.0,6.67357,0.97373,718.726,71.6,58.7,85.0,50000.0,0.0
신정7동,양천구,행정동,37.51140259473817,126.86240812044187,연립다세대,전세,266,높음,법정동,20000.0,보증금,20027.5,16485.0,23575.0,9.24223,0.16796,485.278,40.5,28.4,54.7,20000.0,0.0
신정7동,양천구,행정동,37.51140259473817,126.86240812044187,오피스텔,전세,14,보통,해당지역,46125.0,보증금,42232.1,28500.0,55650.0,,,578.008,79.8,50.5,83.4,46125.0,0.0
당산1동,영등포구,행정동,37.52351412465849,126.89687140643665,단독다가구,매매,12,보통,해당지역,88500.0,매매가,91966.7,68750.0,100150.0,,,564.588,158.7,141.1,209.1,,
당산1동,영등포구,행정동,37.52351412465849,126.89687140643665,아파트,매매,132,높음,해당지역,89350.0,매매가,99839.8,62275.0,145062.5,6.88203,1.11882,1740.244,59.4,42.3,82.8,,
당산1동,영등포구,행정동,37.52351412465849,126.89687140643665,연립다세대,매매,92,높음,해당지역,36000.0,매매가,36387.0,33225.0,39500.0,9.80329,0.21065,1332.59,28.4,24.4,29.3,,
당산1동,영등포구,행정동,37.52351412465849,126.89687140643665,오피스텔,매매,64,높음,해당지역,38500.0,매매가,41156.2,29000.0,43225.0,7.48865,0.82106,926.12,30.8,29.4,47.9,,
당산1동,영등포구,행정동,37.52351412465849,126.89687140643665,단독다가구,월세,170,높음,해당지역,72.6,월환산,76.4,57.9,92.5,3.0305,0.36214,2.366,30.0,20.0,42.3,2000.0,55.0
당산1동,영등포구,행정동,37.52351412465849,126.89687140643665,아파트,월세,235,높음,해당지역,125.7,월환산,146.8,79.6,198.1,2.59545,0.60663,3.615,36.2,31.7,60.8,11716.0,59.0
당산1동,영등포구,행정동,37.52351412465849,126.89687140643665,연립다세대,월세,173,높음,해당지역,125.8,월환산,120.4,112.2,134.5,4.10194,0.20554,4.834,27.7,18.9,29.8,22000.0,24.0
당산1동,영등포구,행정동,37.52351412465849,126.89687140643665,오피스텔,월세,245,높음,해당지역,129.7,월환산,124.5,88.1,152.5,2.90266,0.55761,4.543,28.6,22.8,30.8,11000.0,50.0
당산1동,영등포구,행정동,37.52351412465849,126.89687140643665,단독다가구,전세,41,높음,해당지역,13000.0,보증금,14316.3,9500.0,17000.0,8.0737,0.39016,362.147,37.7,25.0,49.9,13000.0,0.0
당산1동,영등포구,행정동,37.52351412465849,126.89687140643665,아파트,전세,176,높음,해당지역,54800.0,보증금,52988.8,41212.5,66125.0,7.78236,0.74285,829.867,62.4,42.0,82.8,54800.0,0.0
당산1동,영등포구,행정동,37.52351412465849,126.89687140643665,연립다세대,전세,37,높음,해당지역,26300.0,보증금,26396.2,22000.0,29000.0,8.24191,0.56752,936.768,29.1,25.3,29.7,26300.0,0.0
당산1동,영등포구,행정동,37.52351412465849,126.89687140643665,오피스텔,전세,126,높음,해당지역,31500.0,보증금,32598.2,26605.0,37725.0,7.84,0.68437,932.592,29.5,25.2,47.3,31500.0,0.0
당산2동,영등포구,행정동,37.53082569809975,126.90345211344085,단독다가구,매매,143,높음,자치구,93000.0,매매가,101700.6,72500.0,119050.0,9.99271,0.30023,687.596,146.2,102.3,176.2,,
당산2동,영등포구,행정동,37.53082569809975,126.90345211344085,아파트,매매,206,높음,해당지역,160500.0,매매가,156559.7,134625.0,187000.0,6.45241,1.2512,2005.344,84.3,59.8,85.0,,
당산2동,영등포구,행정동,37.53082569809975,126.90345211344085,연립다세대,매매,43,높음,해당지역,35000.0,매매가,46215.1,26025.0,76300.0,6.86763,1.1113,1266.281,29.1,23.6,31.4,,
당산2동,영등포구,행정동,37.53082569809975,126.90345211344085,오피스텔,매매,78,높음,해당지역,20600.0,매매가,21650.6,18912.5,23375.0,7.5478,0.72569,799.204,25.6,23.9,30.4,,
당산2동,영등포구,행정동,37.53082569809975,126.90345211344085,단독다가구,월세,99,높음,해당지역,74.6,월환산,80.7,57.3,94.7,3.21301,0.32009,2.594,29.0,19.8,40.0,3000.0,58.0
당산2동,영등포구,행정동,37.53082569809975,126.90345211344085,아파트,월세,413,높음,해당지역,182.9,월환산,212.8,79.6,305.0,1.94613,0.83831,3.945,59.8,20.5,84.5,15000.0,80.0
당산2동,영등포구,행정동,37.53082569809975,126.90345211344085,연립다세대,월세,168,높음,해당지역,94.0,월환산,99.1,67.5,128.0,3.00934,0.48392,4.24,23.3,16.4,29.1,7500.0,43.0
당산2동,영등포구,행정동,37.53082569809975,126.90345211344085,오피스텔,월세,865,높음,해당지역,93.6,월환산,92.6,71.3,104.6,2.71423,0.55481,3.77,23.9,21.0,28.2,3000.0,55.0
당산2동,영등포구,행정동,37.53082569809975,126.90345211344085,단독다가구,전세,22,보통,해당지역,16000.0,보증금,19285.2,13500.0,23750.0,8.49784,0.33077,453.797,44.5,28.6,67.8,16000.0,0.0
당산2동,영등포구,행정동,37.53082569809975,126.90345211344085,아파트,전세,441,높음,해당지역,69000.0,보증금,70368.5,56000.0,82950.0,7.59952,0.82799,959.596,72.0,59.8,84.9,69000.0,0.0
당산2동,영등포구,행정동,37.53082569809975,126.90345211344085,연립다세대,전세,82,높음,해당지역,23000.0,보증금,24786.1,19950.0,29875.0,8.43142,0.51826,1041.676,24.7,16.7,29.0,23000.0,0.0
당산2동,영등포구,행정동,37.53082569809975,126.90345211344085,오피스텔,전세,190,높음,해당지역,23000.0,보증금,25524.2,19262.5,28925.0,8.30091,0.5428,854.415,26.2,19.8,34.6,23000.0,0.0
대림1동,영등포구,행정동,37.493813600089226,126.90561301559767,단독다가구,매매,13,보통,법정동,73600.0,매매가,72353.8,65000.0,81500.0,,,389.321,180.1,161.1,197.8,,
대림1동,영등포구,행정동,37.493813600089226,126.90561301559767,아파트,매매,86,높음,해당지역,93000.0,매매가,102665.1,77125.0,139250.0,10.20792,0.29337,1115.821,84.9,60.0,85.0,,
대림1동,영등포구,행정동,37.493813600089226,126.90561301559767,연립다세대,매매,36,높음,해당지역,35000.0,매매가,35758.3,29725.0,43375.0,9.87157,0.15529,839.032,38.3,29.6,50.0,,
대림1동,영등포구,행정동,37.493813600089226,126.90561301559767,오피스텔,매매,818,높음,자치구,32000.0,매매가,45152.9,20700.0,58925.0,6.69976,1.02983,873.756,30.4,25.2,62.9,,
대림1동,영등포구,행정동,37.493813600089226,126.90561301559767,단독다가구,월세,1007,높음,법정동,51.4,월환산,54.6,40.9,64.4,2.75577,0.35537,1.91,25.0,19.0,36.5,500.0,45.0
대림1동,영등포구,행정동,37.493813600089226,126.90561301559767,아파트,월세,46,높음,해당지역,241.0,월환산,228.0,156.1,290.9,0.03714,1.2496,3.352,60.0,60.0,85.0,20000.0,124.5
대림1동,영등포구,행정동,37.493813600089226,126.90561301559767,연립다세대,월세,32,높음,해당지역,89.6,월환산,95.7,64.1,130.6,3.39367,0.29626,1.973,35.9,33.4,49.9,2500.0,55.0
대림1동,영등포구,행정동,37.493813600089226,126.90561301559767,오피스텔,월세,92,높음,법정동,62.9,월환산,68.9,52.3,70.5,1.60025,0.82376,2.867,22.6,20.0,24.1,1250.0,50.0
대림1동,영등포구,행정동,37.493813600089226,126.90561301559767,단독다가구,전세,181,높음,법정동,12000.0,보증금,12010.8,7000.0,15000.0,7.1081,0.60602,310.372,34.4,20.0,52.2,12000.0,0.0
대림1동,영등포구,행정동,37.493813600089226,126.90561301559767,아파트,전세,88,높음,해당지역,65550.0,보증금,63143.1,57500.0,73500.0,8.83153,0.50673,879.96,84.9,60.0,85.0,65550.0,0.0
대림1동,영등포구,행정동,37.493813600089226,126.90561301559767,연립다세대,전세,21,보통,해당지역,16500.0,보증금,17804.8,15000.0,20000.0,8.14409,0.43502,454.052,34.5,29.7,46.0,16500.0,0.0
대림1동,영등포구,행정동,37.493813600089226,126.90561301559767,오피스텔,전세,11,보통,법정동,17000.0,보증금,23981.8,13000.0,37000.0,,,588.817,36.0,24.3,60.0,17000.0,0.0
대림2동,영등포구,행정동,37.488751542407364,126.90082962996505,단독다가구,매매,13,보통,법정동,73600.0,매매가,72353.8,65000.0,81500.0,,,389.321,180.1,161.1,197.8,,
대림2동,영등포구,행정동,37.488751542407364,126.90082962996505,아파트,매매,56,높음,해당지역,68500.0,매매가,64041.1,61425.0,88250.0,6.51855,1.09664,1042.526,84.4,49.0,84.9,,
대림2동,영등포구,행정동,37.488751542407364,126.90082962996505,연립다세대,매매,16,보통,해당지역,24000.0,매매가,27475.0,20900.0,31450.0,,,533.06,51.9,39.2,59.4,,
대림2동,영등포구,행정동,37.488751542407364,126.90082962996505,오피스텔,매매,818,높음,자치구,32000.0,매매가,45152.9,20700.0,58925.0,6.69976,1.02983,873.756,30.4,25.2,62.9,,
대림2동,영등포구,행정동,37.488751542407364,126.90082962996505,단독다가구,월세,1007,높음,법정동,51.4,월환산,54.6,40.9,64.4,2.75577,0.35537,1.91,25.0,19.0,36.5,500.0,45.0
대림2동,영등포구,행정동,37.488751542407364,126.90082962996505,아파트,월세,79,높음,해당지역,74.6,월환산,116.3,65.5,190.8,2.11976,0.76256,4.265,16.1,16.1,49.0,3000.0,65.0
대림2동,영등포구,행정동,37.488751542407364,126.90082962996505,연립다세대,월세,61,높음,해당지역,70.3,월환산,78.0,53.5,113.1,3.21496,0.31809,2.952,26.9,19.1,36.1,2500.0,49.0
대림2동,영등포구,행정동,37.488751542407364,126.90082962996505,오피스텔,월세,53,높음,해당지역,61.9,월환산,65.7,52.4,70.6,1.93482,0.71488,2.939,20.2,20.1,22.8,1000.0,50.0
대림2동,영등포구,행정동,37.488751542407364,126.90082962996505,단독다가구,전세,181,높음,법정동,12000.0,보증금,12010.8,7000.0,15000.0,7.1081,0.60602,310.372,34.4,20.0,52.2,12000.0,0.0
대림2동,영등포구,행정동,37.488751542407364,126.90082962996505,아파트,전세,43,높음,해당지역,55000.0,보증금,47345.9,38000.0,59587.5,7.3279,0.80774,698.846,84.4,49.0,84.9,55000.0,0.0
대림2동,영등포구,행정동,37.488751542407364,126.90082962996505,연립다세대,전세,41,높음,해당지역,21000.0,보증금,20639.9,17500.0,25000.0,9.97152,-0.02044,707.071,29.5,27.7,50.1,21000.0,0.0
대림2동,영등포구,행정동,37.488751542407364,126.90082962996505,오피스텔,전세,10,보통,해당지역,23750.0,보증금,24680.0,13000.0,37000.0,,,601.188,40.7,23.5,60.0,23750.0,0.0
대림3동,영등포구,행정동,37.50069708514677,126.89653566033437,단독다가구,매매,13,보통,법정동,73600.0,매매가,72353.8,65000.0,81500.0,,,389.321,180.1,161.1,197.8,,
대림3동,영등포구,행정동,37.50069708514677,126.89653566033437,아파트,매매,222,높음,해당지역,76750.0,매매가,78132.2,60250.0,89025.0,6.76861,1.05386,1003.987,67.4,53.4,84.8,,
대림3동,영등포구,행정동,37.50069708514677,126.89653566033437,연립다세대,매매,44,높음,해당지역,30000.0,매매가,28834.4,22125.0,37000.0,6.29397,1.02789,628.703,42.1,35.0,54.0,,
대림3동,영등포구,행정동,37.50069708514677,126.89653566033437,오피스텔,매매,818,높음,자치구,32000.0,매매가,45152.9,20700.0,58925.0,6.69976,1.02983,873.756,30.4,25.2,62.9,,
대림3동,영등포구,행정동,37.50069708514677,126.89653566033437,단독다가구,월세,1007,높음,법정동,51.4,월환산,54.6,40.9,64.4,2.75577,0.35537,1.91,25.0,19.0,36.5,500.0,45.0
대림3동,영등포구,행정동,37.50069708514677,126.89653566033437,아파트,월세,95,높음,해당지역,154.2,월환산,158.0,122.1,205.8,1.70407,0.81323,2.799,59.8,43.9,84.7,10000.0,90.0
대림3동,영등포구,행정동,37.50069708514677,126.89653566033437,연립다세대,월세,112,높음,해당지역,60.5,월환산,67.9,42.9,85.2,2.69007,0.40993,1.888,29.9,28.4,42.1,3000.0,39.0
대림3동,영등포구,행정동,37.50069708514677,126.89653566033437,오피스텔,월세,39,높음,해당지역,64.7,월환산,73.2,52.3,69.9,1.07838,0.9884,2.867,24.1,18.2,28.8,2000.0,50.0
대림3동,영등포구,행정동,37.50069708514677,126.89653566033437,단독다가구,전세,181,높음,법정동,12000.0,보증금,12010.8,7000.0,15000.0,7.1081,0.60602,310.372,34.4,20.0,52.2,12000.0,0.0
대림3동,영등포구,행정동,37.50069708514677,126.89653566033437,아파트,전세,114,높음,해당지역,37400.0,보증금,41325.6,33000.0,48000.0,8.62692,0.47131,617.456,60.4,55.3,84.8,37400.0,0.0
대림3동,영등포구,행정동,37.50069708514677,126.89653566033437,연립다세대,전세,19,보통,해당지역,21000.0,보증금,20594.7,18000.0,25750.0,,,617.284,29.7,28.5,39.0,21000.0,0.0
대림3동,영등포구,행정동,37.50069708514677,126.89653566033437,오피스텔,전세,11,보통,법정동,17000.0,보증금,23981.8,13000.0,37000.0,,,588.817,36.0,24.3,60.0,17000.0,0.0
도림동,영등포구,행정동,37.50904102154706,126.8983775801048,단독다가구,매매,16,보통,해당지역,91750.0,매매가,95406.2,75250.0,100000.0,,,567.006,146.7,124.6,183.0,,
도림동,영등포구,행정동,37.50904102154706,126.8983775801048,아파트,매매,36,높음,해당지역,124500.0,매매가,118875.0,94500.0,153850.0,7.59187,0.91174,1291.326,84.9,84.8,85.0,,
도림동,영등포구,행정동,37.50904102154706,126.8983775801048,연립다세대,매매,49,높음,해당지역,54500.0,매매가,55171.4,43000.0,63500.0,9.44004,0.38501,1536.15,40.2,29.7,50.3,,
도림동,영등포구,행정동,37.50904102154706,126.8983775801048,오피스텔,매매,60,높음,해당지역,57000.0,매매가,52208.3,29850.0,70250.0,5.12428,1.36146,816.9,62.9,48.3,87.2,,
도림동,영등포구,행정동,37.50904102154706,126.8983775801048,단독다가구,월세,271,높음,해당지역,52.7,월환산,58.9,42.3,69.6,3.01855,0.2886,1.796,29.4,20.0,39.5,1000.0,45.0
도림동,영등포구,행정동,37.50904102154706,126.8983775801048,아파트,월세,69,높음,해당지역,99.6,월환산,127.0,68.8,118.8,1.9667,0.75778,3.765,37.6,16.0,51.0,7800.0,52.0
도림동,영등포구,행정동,37.50904102154706,126.8983775801048,연립다세대,월세,60,높음,해당지역,94.2,월환산,94.5,72.8,116.5,3.24537,0.35484,2.678,35.1,26.1,45.7,13000.0,41.5
도림동,영등포구,행정동,37.50904102154706,126.8983775801048,오피스텔,월세,162,높음,해당지역,118.8,월환산,124.9,86.3,157.9,1.87854,0.77001,2.574,35.8,29.6,62.3,3000.0,85.0
도림동,영등포구,행정동,37.50904102154706,126.8983775801048,단독다가구,전세,81,높음,해당지역,11000.0,보증금,11697.5,8000.0,15500.0,6.49997,0.75812,308.854,35.0,26.1,47.0,11000.0,0.0
도림동,영등포구,행정동,37.50904102154706,126.8983775801048,아파트,전세,59,높음,해당지역,56000.0,보증금,55946.1,41250.0,69300.0,6.58578,0.9966,693.4,84.9,59.9,85.0,56000.0,0.0
도림동,영등포구,행정동,37.50904102154706,126.8983775801048,연립다세대,전세,67,높음,해당지역,23100.0,보증금,22481.0,18750.0,26145.0,9.54293,0.12748,801.282,29.6,25.9,42.8,23100.0,0.0
도림동,영등포구,행정동,37.50904102154706,126.8983775801048,오피스텔,전세,107,높음,해당지역,37800.0,보증금,39213.3,31500.0,47625.0,8.5028,0.51865,737.889,58.0,29.5,62.9,37800.0,0.0
문래동,영등포구,행정동,37.51824291991681,126.88785892826739,단독다가구,매매,143,높음,자치구,93000.0,매매가,101700.6,72500.0,119050.0,9.99271,0.30023,687.596,146.2,102.3,176.2,,
문래동,영등포구,행정동,37.51824291991681,126.88785892826739,아파트,매매,211,높음,해당지역,109000.0,매매가,120123.7,94750.0,141250.0,8.42316,0.75004,1629.227,79.7,59.4,85.0,,
문래동,영등포구,행정동,37.51824291991681,126.88785892826739,연립다세대,매매,645,높음,자치구,36000.0,매매가,40203.3,28900.0,48000.0,8.89827,0.45893,1133.094,29.8,26.5,44.5,,
문래동,영등포구,행정동,37.51824291991681,126.88785892826739,오피스텔,매매,96,높음,해당지역,64250.0,매매가,70607.8,44750.0,104250.0,6.2206,1.12719,831.256,85.3,56.9,99.5,,
문래동,영등포구,행정동,37.51824291991681,126.88785892826739,단독다가구,월세,3042,높음,자치구,54.6,월환산,59.3,42.3,69.6,3.31449,0.20243,1.972,27.5,19.5,40.0,1000.0,47.0
문래동,영등포구,행정동,37.51824291991681,126.88785892826739,아파트,월세,495,높음,해당지역,179.6,월환산,191.7,164.0,183.6,1.23775,0.96655,3.048,59.9,53.9,59.9,25000.0,66.0
문래동,영등포구,행정동,37.51824291991681,126.88785892826739,연립다세대,월세,1569,높음,자치구,103.5,월환산,99.8,67.2,129.6,3.66142,0.26126,3.951,27.9,19.8,30.0,10000.0,35.0
문래동,영등포구,행정동,37.51824291991681,126.88785892826739,오피스텔,월세,182,높음,해당지역,129.0,월환산,142.5,107.0,172.8,2.39685,0.66246,2.859,30.1,27.6,65.5,10000.0,60.0
문래동,영등포구,행정동,37.51824291991681,126.88785892826739,단독다가구,전세,636,높음,자치구,13000.0,보증금,13244.6,8000.0,17000.0,7.89547,0.39227,313.253,37.9,26.4,54.5,13000.0,0.0
문래동,영등포구,행정동,37.51824291991681,126.88785892826739,아파트,전세,256,높음,해당지역,50000.0,보증금,54757.4,42000.0,67325.0,6.40256,1.03242,717.902,79.7,59.8,84.9,50000.0,0.0
문래동,영등포구,행정동,37.51824291991681,126.88785892826739,연립다세대,전세,701,높음,자치구,24000.0,보증금,23045.9,18000.0,27700.0,9.15689,0.24431,833.611,29.3,25.0,37.5,24000.0,0.0
문래동,영등포구,행정동,37.51824291991681,126.88785892826739,오피스텔,전세,180,높음,해당지역,38000.0,보증금,41492.7,31545.0,50400.0,7.81918,0.67573,640.33,65.5,34.9,84.6,38000.0,0.0
신길1동,영등포구,행정동,37.512681025522525,126.91978891967135,단독다가구,매매,85,높음,법정동,105000.0,매매가,106370.5,80000.0,125000.0,10.36451,0.23696,722.042,138.0,99.5,172.8,,
신길1동,영등포구,행정동,37.512681025522525,126.91978891967135,아파트,매매,67,높음,해당지역,122700.0,매매가,108608.2,69000.0,148000.0,6.20763,1.29212,1667.779,59.9,59.4,60.0,,
신길1동,영등포구,행정동,37.512681025522525,126.91978891967135,연립다세대,매매,59,높음,해당지역,49500.0,매매가,49732.3,38250.0,64050.0,9.95025,0.22784,1300.0,35.3,29.6,45.3,,
신길1동,영등포구,행정동,37.512681025522525,126.91978891967135,오피스텔,매매,15,보통,해당지역,15000.0,매매가,17046.7,12850.0,19150.0,,,551.934,27.7,23.0,28.3,,
신길1동,영등포구,행정동,37.512681025522525,126.91978891967135,단독다가구,월세,1126,높음,법정동,54.2,월환산,57.1,41.4,66.7,3.64592,0.09129,1.867,29.8,19.0,42.9,1000.0,45.0
신길1동,영등포구,행정동,37.512681025522525,126.91978891967135,아파트,월세,95,높음,해당지역,78.6,월환산,151.7,64.6,275.7,1.94208,0.83956,4.483,16.1,13.2,59.9,9184.0,60.0
신길1동,영등포구,행정동,37.512681025522525,126.91978891967135,연립다세대,월세,74,높음,해당지역,82.0,월환산,91.5,61.0,117.8,3.48981,0.28211,3.111,29.9,21.4,38.9,4000.0,52.0
신길1동,영등포구,행정동,37.512681025522525,126.91978891967135,오피스텔,월세,128,높음,해당지역,84.6,월환산,88.8,74.6,89.6,3.79761,0.21326,4.424,20.3,16.6,28.3,1000.0,70.0
신길1동,영등포구,행정동,37.512681025522525,126.91978891967135,단독다가구,전세,251,높음,법정동,13000.0,보증금,13171.4,8000.0,17000.0,8.44502,0.2329,300.541,39.8,28.7,60.2,13000.0,0.0
신길1동,영등포구,행정동,37.512681025522525,126.91978891967135,아파트,전세,67,높음,해당지역,55650.0,보증금,53095.4,36600.0,70000.0,6.55649,1.02991,833.889,60.0,59.4,84.9,55650.0,0.0
신길1동,영등포구,행정동,37.512681025522525,126.91978891967135,연립다세대,전세,62,높음,해당지역,24000.0,보증금,24049.1,21786.2,29300.0,8.75867,0.36129,741.039,30.0,27.6,46.6,24000.0,0.0
신길1동,영등포구,행정동,37.512681025522525,126.91978891967135,오피스텔,전세,40,높음,해당지역,19250.0,보증금,19434.2,17225.0,20000.0,9.21695,0.2149,1148.765,17.4,15.9,27.7,19250.0,0.0
신길3동,영등포구,행정동,37.50586620179164,126.90574094506869,단독다가구,매매,85,높음,법정동,105000.0,매매가,106370.5,80000.0,125000.0,10.36451,0.23696,722.042,138.0,99.5,172.8,,
신길3동,영등포구,행정동,37.50586620179164,126.90574094506869,아파트,매매,111,높음,해당지역,115000.0,매매가,110718.5,94850.0,144200.0,5.77121,1.39688,1778.978,64.4,49.6,85.0,,
신길3동,영등포구,행정동,37.50586620179164,126.90574094506869,연립다세대,매매,25,보통,해당지역,65000.0,매매가,67784.0,56500.0,74000.0,9.47004,0.46687,2106.793,28.2,25.4,29.6,,
신길3동,영등포구,행정동,37.50586620179164,126.90574094506869,오피스텔,매매,22,보통,법정동,19150.0,매매가,29459.1,13550.0,31300.0,6.44802,1.03673,676.918,28.3,27.7,40.7,,
신길3동,영등포구,행정동,37.50586620179164,126.90574094506869,단독다가구,월세,1126,높음,법정동,54.2,월환산,57.1,41.4,66.7,3.64592,0.09129,1.867,29.8,19.0,42.9,1000.0,45.0
신길3동,영등포구,행정동,37.50586620179164,126.90574094506869,아파트,월세,58,높음,해당지역,216.9,월환산,218.3,150.5,305.2,2.13165,0.78626,4.187,60.0,49.6,85.0,15000.0,105.0
신길3동,영등포구,행정동,37.50586620179164,126.90574094506869,연립다세대,월세,11,보통,해당지역,70.5,월환산,80.4,56.8,109.0,,,4.081,27.5,21.3,30.1,2500.0,43.0
신길3동,영등포구,행정동,37.50586620179164,126.90574094506869,오피스텔,월세,243,높음,법정동,94.6,월환산,105.5,79.6,134.6,2.78386,0.57342,4.472,28.3,18.6,29.5,1000.0,85.0
신길3동,영등포구,행정동,37.50586620179164,126.90574094506869,단독다가구,전세,251,높음,법정동,13000.0,보증금,13171.4,8000.0,17000.0,8.44502,0.2329,300.541,39.8,28.7,60.2,13000.0,0.0
신길3동,영등포구,행정동,37.50586620179164,126.90574094506869,아파트,전세,131,높음,해당지역,54000.0,보증금,53536.8,40897.0,65000.0,8.61304,0.53326,847.258,60.0,60.0,85.0,54000.0,0.0
신길3동,영등포구,행정동,37.50586620179164,126.90574094506869,연립다세대,전세,58,높음,해당지역,25000.0,보증금,23806.0,21125.0,26500.0,9.59616,0.1373,855.435,29.6,27.8,30.0,25000.0,0.0
신길3동,영등포구,행정동,37.50586620179164,126.90574094506869,오피스텔,전세,78,높음,법정동,20000.0,보증금,22332.6,17300.0,27512.5,8.12984,0.57988,979.596,26.7,15.9,29.8,20000.0,0.0
신길4동,영등포구,행정동,37.50524547651722,126.91261553831367,단독다가구,매매,85,높음,법정동,105000.0,매매가,106370.5,80000.0,125000.0,10.36451,0.23696,722.042,138.0,99.5,172.8,,
신길4동,영등포구,행정동,37.50524547651722,126.91261553831367,아파트,매매,59,높음,해당지역,130000.0,매매가,140242.4,117750.0,167250.0,11.97831,-0.03425,1946.739,59.9,59.9,84.9,,
신길4동,영등포구,행정동,37.50524547651722,126.91261553831367,연립다세대,매매,182,높음,법정동,42000.0,매매가,46808.2,32125.0,59650.0,10.35517,0.08877,1172.851,34.3,27.9,47.9,,
신길4동,영등포구,행정동,37.50524547651722,126.91261553831367,오피스텔,매매,22,보통,법정동,19150.0,매매가,29459.1,13550.0,31300.0,6.44802,1.03673,676.918,28.3,27.7,40.7,,
신길4동,영등포구,행정동,37.50524547651722,126.91261553831367,단독다가구,월세,1126,높음,법정동,54.2,월환산,57.1,41.4,66.7,3.64592,0.09129,1.867,29.8,19.0,42.9,1000.0,45.0
신길4동,영등포구,행정동,37.50524547651722,126.91261553831367,아파트,월세,57,높음,해당지역,228.8,월환산,210.8,54.6,306.7,-4.35192,2.30633,3.874,59.9,42.7,59.9,20000.0,95.0
신길4동,영등포구,행정동,37.50524547651722,126.91261553831367,연립다세대,월세,12,보통,해당지역,53.4,월환산,67.2,43.8,98.7,,,1.45,36.1,27.4,61.6,1000.0,42.5
신길4동,영등포구,행정동,37.50524547651722,126.91261553831367,오피스텔,월세,100,높음,해당지역,129.2,월환산,125.1,120.9,134.6,1.52191,0.99853,4.562,29.5,28.9,29.5,1000.0,120.0
신길4동,영등포구,행정동,37.50524547651722,126.91261553831367,단독다가구,전세,251,높음,법정동,13000.0,보증금,13171.4,8000.0,17000.0,8.44502,0.2329,300.541,39.8,28.7,60.2,13000.0,0.0
신길4동,영등포구,행정동,37.50524547651722,126.91261553831367,아파트,전세,78,높음,해당지역,67100.0,보증금,65731.4,55250.0,74625.0,10.65692,0.09852,1101.652,59.9,59.9,84.9,67100.0,0.0
신길4동,영등포구,행정동,37.50524547651722,126.91261553831367,연립다세대,전세,11,보통,해당지역,23500.0,보증금,21354.5,16750.0,25300.0,,,589.623,29.9,29.2,51.1,23500.0,0.0
신길4동,영등포구,행정동,37.50524547651722,126.91261553831367,오피스텔,전세,15,보통,해당지역,25000.0,보증금,21130.0,12000.0,26575.0,,,852.079,29.3,16.6,29.8,25000.0,0.0
신길5동,영등포구,행정동,37.5024697575968,126.90708616636421,단독다가구,매매,85,높음,법정동,105000.0,매매가,106370.5,80000.0,125000.0,10.36451,0.23696,722.042,138.0,99.5,172.8,,
신길5동,영등포구,행정동,37.5024697575968,126.90708616636421,아파트,매매,30,높음,해당지역,169000.0,매매가,156243.3,146625.0,185750.0,11.21297,0.16257,2206.402,83.5,60.0,85.0,,
신길5동,영등포구,행정동,37.5024697575968,126.90708616636421,연립다세대,매매,17,보통,해당지역,33500.0,매매가,33564.7,26000.0,41500.0,,,744.059,39.8,34.4,56.3,,
신길5동,영등포구,행정동,37.5024697575968,126.90708616636421,오피스텔,매매,22,보통,법정동,19150.0,매매가,29459.1,13550.0,31300.0,6.44802,1.03673,676.918,28.3,27.7,40.7,,
신길5동,영등포구,행정동,37.5024697575968,126.90708616636421,단독다가구,월세,1126,높음,법정동,54.2,월환산,57.1,41.4,66.7,3.64592,0.09129,1.867,29.8,19.0,42.9,1000.0,45.0
신길5동,영등포구,행정동,37.5024697575968,126.90708616636421,아파트,월세,63,높음,해당지역,259.2,월환산,190.3,37.2,311.6,-6.43669,2.76899,3.177,60.0,48.0,84.6,15000.0,70.0
신길5동,영등포구,행정동,37.5024697575968,126.90708616636421,연립다세대,월세,22,보통,해당지역,91.7,월환산,92.5,58.1,118.0,2.69466,0.51646,2.842,30.7,21.7,57.5,3000.0,50.0
신길5동,영등포구,행정동,37.5024697575968,126.90708616636421,오피스텔,월세,243,높음,법정동,94.6,월환산,105.5,79.6,134.6,2.78386,0.57342,4.472,28.3,18.6,29.5,1000.0,85.0
신길5동,영등포구,행정동,37.5024697575968,126.90708616636421,단독다가구,전세,251,높음,법정동,13000.0,보증금,13171.4,8000.0,17000.0,8.44502,0.2329,300.541,39.8,28.7,60.2,13000.0,0.0
신길5동,영등포구,행정동,37.5024697575968,126.90708616636421,아파트,전세,87,높음,해당지역,69300.0,보증금,68052.8,64750.0,73500.0,10.61534,0.11426,982.059,75.5,60.0,85.0,69300.0,0.0
신길5동,영등포구,행정동,37.5024697575968,126.90708616636421,연립다세대,전세,22,보통,해당지역,15550.0,보증금,16512.5,13000.0,19437.5,9.04675,0.16893,361.017,37.0,30.3,44.6,15550.0,0.0
신길5동,영등포구,행정동,37.5024697575968,126.90708616636421,오피스텔,전세,78,높음,법정동,20000.0,보증금,22332.6,17300.0,27512.5,8.12984,0.57988,979.596,26.7,15.9,29.8,20000.0,0.0
신길6동,영등포구,행정동,37.497797193031424,126.91182957868529,단독다가구,매매,85,높음,법정동,105000.0,매매가,106370.5,80000.0,125000.0,10.36451,0.23696,722.042,138.0,99.5,172.8,,
신길6동,영등포구,행정동,37.497797193031424,126.91182957868529,아파트,매매,121,높음,해당지역,130000.0,매매가,125610.3,108000.0,142500.0,10.41992,0.30023,1785.714,75.8,60.5,84.8,,
신길6동,영등포구,행정동,37.497797193031424,126.91182957868529,연립다세대,매매,40,높음,해당지역,37050.0,매매가,38142.5,32675.0,41625.0,10.01772,0.1455,1074.889,29.2,23.6,47.3,,
신길6동,영등포구,행정동,37.497797193031424,126.91182957868529,오피스텔,매매,22,보통,법정동,19150.0,매매가,29459.1,13550.0,31300.0,6.44802,1.03673,676.918,28.3,27.7,40.7,,
신길6동,영등포구,행정동,37.497797193031424,126.91182957868529,단독다가구,월세,1126,높음,법정동,54.2,월환산,57.1,41.4,66.7,3.64592,0.09129,1.867,29.8,19.0,42.9,1000.0,45.0
신길6동,영등포구,행정동,37.497797193031424,126.91182957868529,아파트,월세,96,높음,해당지역,165.8,월환산,181.9,115.8,247.0,2.35158,0.69193,3.326,60.0,52.5,74.0,20000.0,67.5
신길6동,영등포구,행정동,37.497797193031424,126.91182957868529,연립다세대,월세,56,높음,해당지역,67.4,월환산,75.0,34.6,113.4,2.39923,0.51058,1.778,27.7,26.2,29.4,2646.0,30.5
신길6동,영등포구,행정동,37.497797193031424,126.91182957868529,오피스텔,월세,243,높음,법정동,94.6,월환산,105.5,79.6,134.6,2.78386,0.57342,4.472,28.3,18.6,29.5,1000.0,85.0
신길6동,영등포구,행정동,37.497797193031424,126.91182957868529,단독다가구,전세,251,높음,법정동,13000.0,보증금,13171.4,8000.0,17000.0,8.44502,0.2329,300.541,39.8,28.7,60.2,13000.0,0.0
신길6동,영등포구,행정동,37.497797193031424,126.91182957868529,아파트,전세,115,높음,해당지역,40000.0,보증금,44323.0,31000.0,55000.0,6.73494,0.9281,598.623,64.4,59.8,84.8,40000.0,0.0
신길6동,영등포구,행정동,37.497797193031424,126.91182957868529,연립다세대,전세,25,보통,해당지역,22000.0,보증금,21960.0,17500.0,28000.0,8.94744,0.28482,637.523,29.8,20.1,51.0,22000.0,0.0
신길6동,영등포구,행정동,37.497797193031424,126.91182957868529,오피스텔,전세,78,높음,법정동,20000.0,보증금,22332.6,17300.0,27512.5,8.12984,0.57988,979.596,26.7,15.9,29.8,20000.0,0.0
신길7동,영등포구,행정동,37.50487340127255,126.91813188380306,단독다가구,매매,85,높음,법정동,105000.0,매매가,106370.5,80000.0,125000.0,10.36451,0.23696,722.042,138.0,99.5,172.8,,
신길7동,영등포구,행정동,37.50487340127255,126.91813188380306,아파트,매매,94,높음,해당지역,156250.0,매매가,153252.1,120250.0,193000.0,8.9849,0.67585,2128.804,84.8,59.9,85.0,,
신길7동,영등포구,행정동,37.50487340127255,126.91813188380306,연립다세대,매매,10,보통,해당지역,43950.0,매매가,48398.2,31278.8,64750.0,,,1498.584,40.3,31.7,44.5,,
신길7동,영등포구,행정동,37.50487340127255,126.91813188380306,오피스텔,매매,22,보통,법정동,19150.0,매매가,29459.1,13550.0,31300.0,6.44802,1.03673,676.918,28.3,27.7,40.7,,
신길7동,영등포구,행정동,37.50487340127255,126.91813188380306,단독다가구,월세,1126,높음,법정동,54.2,월환산,57.1,41.4,66.7,3.64592,0.09129,1.867,29.8,19.0,42.9,1000.0,45.0
신길7동,영등포구,행정동,37.50487340127255,126.91813188380306,아파트,월세,167,높음,해당지역,235.8,월환산,205.1,42.7,312.7,-5.21846,2.46136,3.074,60.0,50.0,84.8,10000.0,60.0
신길7동,영등포구,행정동,37.50487340127255,126.91813188380306,연립다세대,월세,28,보통,해당지역,45.4,월환산,68.1,40.5,90.3,1.00039,0.94305,1.783,23.8,23.4,27.9,500.0,41.5
신길7동,영등포구,행정동,37.50487340127255,126.91813188380306,오피스텔,월세,243,높음,법정동,94.6,월환산,105.5,79.6,134.6,2.78386,0.57342,4.472,28.3,18.6,29.5,1000.0,85.0
신길7동,영등포구,행정동,37.50487340127255,126.91813188380306,단독다가구,전세,251,높음,법정동,13000.0,보증금,13171.4,8000.0,17000.0,8.44502,0.2329,300.541,39.8,28.7,60.2,13000.0,0.0
신길7동,영등포구,행정동,37.50487340127255,126.91813188380306,아파트,전세,218,높음,해당지역,73250.0,보증금,72406.6,57880.0,82000.0,8.26315,0.6695,955.756,84.8,60.0,85.0,73250.0,0.0
신길7동,영등포구,행정동,37.50487340127255,126.91813188380306,연립다세대,전세,21,보통,해당지역,29600.0,보증금,27188.1,26000.0,30000.0,10.75333,-0.16211,1009.421,29.6,28.0,30.0,29600.0,0.0
신길7동,영등포구,행정동,37.50487340127255,126.91813188380306,오피스텔,전세,78,높음,법정동,20000.0,보증금,22332.6,17300.0,27512.5,8.12984,0.57988,979.596,26.7,15.9,29.8,20000.0,0.0
양평1동,영등포구,행정동,37.52435383848003,126.8859844122351,단독다가구,매매,143,높음,자치구,93000.0,매매가,101700.6,72500.0,119050.0,9.99271,0.30023,687.596,146.2,102.3,176.2,,
양평1동,영등포구,행정동,37.52435383848003,126.8859844122351,아파트,매매,121,높음,해당지역,99000.0,매매가,100029.8,85000.0,114500.0,9.03623,0.58386,1460.222,59.9,59.5,84.9,,
양평1동,영등포구,행정동,37.52435383848003,126.8859844122351,연립다세대,매매,645,높음,자치구,36000.0,매매가,40203.3,28900.0,48000.0,8.89827,0.45893,1133.094,29.8,26.5,44.5,,
양평1동,영등포구,행정동,37.52435383848003,126.8859844122351,오피스텔,매매,99,높음,해당지역,38000.0,매매가,38769.7,13250.0,62250.0,5.96653,1.15677,731.13,57.7,18.8,79.8,,
양평1동,영등포구,행정동,37.52435383848003,126.8859844122351,단독다가구,월세,51,높음,해당지역,63.8,월환산,66.6,47.1,81.2,2.82723,0.36804,1.63,36.6,23.7,47.0,1500.0,55.0
양평1동,영등포구,행정동,37.52435383848003,126.8859844122351,아파트,월세,95,높음,해당지역,177.9,월환산,187.2,137.9,239.6,3.40479,0.43331,3.108,59.6,50.8,61.6,10000.0,110.0
양평1동,영등포구,행정동,37.52435383848003,126.8859844122351,연립다세대,월세,65,높음,해당지역,137.4,월환산,122.1,95.1,147.9,3.80702,0.30141,5.053,22.0,18.4,29.3,17100.0,37.0
양평1동,영등포구,행정동,37.52435383848003,126.8859844122351,오피스텔,월세,363,높음,해당지역,109.4,월환산,110.3,76.9,138.7,2.20849,0.73032,3.928,25.2,18.8,29.6,5000.0,50.0
양평1동,영등포구,행정동,37.52435383848003,126.8859844122351,단독다가구,전세,636,높음,자치구,13000.0,보증금,13244.6,8000.0,17000.0,7.89547,0.39227,313.253,37.9,26.4,54.5,13000.0,0.0
양평1동,영등포구,행정동,37.52435383848003,126.8859844122351,아파트,전세,155,높음,해당지역,44500.0,보증금,47438.4,35500.0,56700.0,7.42083,0.80239,728.203,59.7,50.8,61.6,44500.0,0.0
양평1동,영등포구,행정동,37.52435383848003,126.8859844122351,연립다세대,전세,24,보통,해당지역,27750.0,보증금,26384.2,24975.0,30250.0,9.22111,0.27072,1028.261,27.7,24.4,30.0,27750.0,0.0
양평1동,영등포구,행정동,37.52435383848003,126.8859844122351,오피스텔,전세,252,높음,해당지역,28534.5,보증금,31876.9,25200.0,42000.0,7.88442,0.65536,770.615,33.5,28.6,71.5,28534.5,0.0
양평2동,영등포구,행정동,37.53848710495243,126.89306219504269,단독다가구,매매,143,높음,자치구,93000.0,매매가,101700.6,72500.0,119050.0,9.99271,0.30023,687.596,146.2,102.3,176.2,,
양평2동,영등포구,행정동,37.53848710495243,126.89306219504269,아파트,매매,128,높음,해당지역,133250.0,매매가,124903.9,114875.0,140000.0,9.19251,0.58764,1723.91,80.9,59.9,84.9,,
양평2동,영등포구,행정동,37.53848710495243,126.89306219504269,연립다세대,매매,116,높음,해당지역,27100.0,매매가,27767.7,18650.0,34050.0,7.40238,0.83165,1006.553,28.1,17.0,30.0,,
양평2동,영등포구,행정동,37.53848710495243,126.89306219504269,오피스텔,매매,44,높음,해당지역,32200.0,매매가,39967.7,28750.0,45875.0,6.95828,0.96416,959.408,34.6,28.6,65.3,,
양평2동,영등포구,행정동,37.53848710495243,126.89306219504269,단독다가구,월세,62,높음,해당지역,79.6,월환산,78.9,54.8,93.0,2.61909,0.49914,2.564,26.7,20.0,35.0,1000.0,64.0
양평2동,영등포구,행정동,37.53848710495243,126.89306219504269,아파트,월세,105,높음,해당지역,235.8,월환산,227.9,193.5,267.5,1.43202,0.92726,3.244,71.5,59.9,84.9,30000.0,120.0
양평2동,영등포구,행정동,37.53848710495243,126.89306219504269,연립다세대,월세,291,높음,해당지역,112.4,월환산,106.4,86.4,129.7,3.29805,0.39791,3.851,29.4,24.3,29.9,18900.0,28.0
양평2동,영등포구,행정동,37.53848710495243,126.89306219504269,오피스텔,월세,319,높음,해당지역,132.9,월환산,125.5,99.7,143.8,2.71097,0.60807,4.324,28.6,28.0,30.0,20000.0,30.0
양평2동,영등포구,행정동,37.53848710495243,126.89306219504269,단독다가구,전세,13,보통,해당지역,19100.0,보증금,23115.4,13000.0,31500.0,,,388.916,53.9,33.0,72.0,19100.0,0.0
양평2동,영등포구,행정동,37.53848710495243,126.89306219504269,아파트,전세,176,높음,해당지역,57000.0,보증금,56905.7,52000.0,63000.0,7.74082,0.74876,800.094,65.0,59.9,84.9,57000.0,0.0
양평2동,영등포구,행정동,37.53848710495243,126.89306219504269,연립다세대,전세,80,높음,해당지역,23731.0,보증금,22415.6,15790.0,27787.2,7.76766,0.64191,674.526,29.6,24.8,36.8,23731.0,0.0
양평2동,영등포구,행정동,37.53848710495243,126.89306219504269,오피스텔,전세,194,높음,해당지역,29725.0,보증금,31563.5,25125.0,36300.0,8.08736,0.6455,977.543,29.5,28.0,36.0,29725.0,0.0
여의동,영등포구,행정동,37.52342078849293,126.92858024289079,단독다가구,매매,143,높음,자치구,93000.0,매매가,101700.6,72500.0,119050.0,9.99271,0.30023,687.596,146.2,102.3,176.2,,
여의동,영등포구,행정동,37.52342078849293,126.92858024289079,아파트,매매,157,높음,해당지역,290000.0,매매가,295746.9,257000.0,340000.0,9.98646,0.55825,2963.088,102.2,79.2,131.6,,
여의동,영등포구,행정동,37.52342078849293,126.92858024289079,연립다세대,매매,645,높음,자치구,36000.0,매매가,40203.3,28900.0,48000.0,8.89827,0.45893,1133.094,29.8,26.5,44.5,,
여의동,영등포구,행정동,37.52342078849293,126.92858024289079,오피스텔,매매,137,높음,해당지역,51473.0,매매가,77546.0,30500.0,99000.0,6.45778,1.16541,1279.608,41.6,30.0,68.9,,
여의동,영등포구,행정동,37.52342078849293,126.92858024289079,단독다가구,월세,3042,높음,자치구,54.6,월환산,59.3,42.3,69.6,3.31449,0.20243,1.972,27.5,19.5,40.0,1000.0,47.0
여의동,영등포구,행정동,37.52342078849293,126.92858024289079,아파트,월세,267,높음,해당지역,265.8,월환산,349.7,194.1,432.1,0.26793,1.16595,2.636,102.0,89.3,133.6,20000.0,158.0
여의동,영등포구,행정동,37.52342078849293,126.92858024289079,연립다세대,월세,1569,높음,자치구,103.5,월환산,99.8,67.2,129.6,3.66142,0.26126,3.951,27.9,19.8,30.0,10000.0,35.0
여의동,영등포구,행정동,37.52342078849293,126.92858024289079,오피스텔,월세,345,높음,해당지역,114.2,월환산,145.8,97.9,163.2,1.84864,0.88864,4.313,27.0,23.6,36.5,2000.0,95.0
여의동,영등포구,행정동,37.52342078849293,126.92858024289079,단독다가구,전세,636,높음,자치구,13000.0,보증금,13244.6,8000.0,17000.0,7.89547,0.39227,313.253,37.9,26.4,54.5,13000.0,0.0
여의동,영등포구,행정동,37.52342078849293,126.92858024289079,아파트,전세,363,높음,해당지역,71000.0,보증금,84046.6,50700.0,100000.0,6.49557,1.01103,659.452,102.8,84.1,133.7,71000.0,0.0
여의동,영등포구,행정동,37.52342078849293,126.92858024289079,연립다세대,전세,701,높음,자치구,24000.0,보증금,23045.9,18000.0,27700.0,9.15689,0.24431,833.611,29.3,25.0,37.5,24000.0,0.0
여의동,영등포구,행정동,37.52342078849293,126.92858024289079,오피스텔,전세,156,높음,해당지역,49000.0,보증금,50103.0,24750.0,71100.0,7.22692,0.93196,1010.024,31.6,27.4,60.0,49000.0,0.0
영등포동,영등포구,행정동,37.52135520011564,126.90905229491483,단독다가구,매매,143,높음,자치구,93000.0,매매가,101700.6,72500.0,119050.0,9.99271,0.30023,687.596,146.2,102.3,176.2,,
영등포동,영등포구,행정동,37.52135520011564,126.90905229491483,아파트,매매,131,높음,해당지역,109500.0,매매가,108881.3,49250.0,166500.0,6.34979,1.24577,1473.05,59.9,36.8,84.8,,
영등포동,영등포구,행정동,37.52135520011564,126.90905229491483,연립다세대,매매,27,보통,해당지역,32000.0,매매가,33525.9,28750.0,36500.0,8.24004,0.62427,1085.142,29.5,27.7,36.5,,
영등포동,영등포구,행정동,37.52135520011564,126.90905229491483,오피스텔,매매,208,높음,해당지역,23350.0,매매가,26980.7,17650.0,33000.0,7.04452,0.95945,1069.741,21.7,18.7,29.5,,
영등포동,영등포구,행정동,37.52135520011564,126.90905229491483,단독다가구,월세,68,높음,해당지역,64.6,월환산,75.1,58.5,83.1,2.46798,0.52158,2.615,26.8,20.8,44.0,3000.0,50.0
영등포동,영등포구,행정동,37.52135520011564,126.90905229491483,아파트,월세,383,높음,해당지역,76.9,월환산,134.6,64.6,165.1,2.04659,0.8368,4.773,16.6,13.3,33.8,6836.0,60.0
영등포동,영등포구,행정동,37.52135520011564,126.90905229491483,연립다세대,월세,335,높음,해당지역,115.4,월환산,109.2,77.6,132.8,2.56111,0.65444,4.595,25.3,16.8,29.5,12500.0,35.0
영등포동,영등포구,행정동,37.52135520011564,126.90905229491483,오피스텔,월세,1703,높음,해당지역,88.7,월환산,96.6,71.9,112.9,2.22132,0.73246,4.202,21.4,18.1,28.1,5000.0,55.0
영등포동,영등포구,행정동,37.52135520011564,126.90905229491483,단독다가구,전세,10,보통,해당지역,20000.0,보증금,19525.0,13312.5,24250.0,,,491.419,41.3,39.2,50.8,20000.0,0.0
영등포동,영등포구,행정동,37.52135520011564,126.90905229491483,아파트,전세,239,높음,해당지역,62000.0,보증금,62181.7,40345.0,82000.0,7.24675,0.90519,1003.423,59.9,51.5,84.8,62000.0,0.0
영등포동,영등포구,행정동,37.52135520011564,126.90905229491483,연립다세대,전세,70,높음,해당지역,25000.0,보증금,22657.6,15000.0,27450.0,8.3857,0.49495,934.886,26.2,18.1,29.6,25000.0,0.0
영등포동,영등포구,행정동,37.52135520011564,126.90905229491483,오피스텔,전세,668,높음,해당지역,22500.0,보증금,23029.3,19415.0,26725.0,8.11781,0.59581,986.832,22.2,17.7,29.2,22500.0,0.0
영등포본동,영등포구,행정동,37.51323985022654,126.90860588710743,단독다가구,매매,143,높음,자치구,93000.0,매매가,101700.6,72500.0,119050.0,9.99271,0.30023,687.596,146.2,102.3,176.2,,
영등포본동,영등포구,행정동,37.51323985022654,126.90860588710743,아파트,매매,81,높음,해당지역,144000.0,매매가,128095.1,113000.0,153000.0,8.13528,0.85114,1892.776,73.1,59.9,79.8,,
영등포본동,영등포구,행정동,37.51323985022654,126.90860588710743,연립다세대,매매,60,높음,해당지역,53000.0,매매가,51976.7,28300.0,75000.0,9.8563,0.23751,1455.933,33.3,27.9,50.9,,
영등포본동,영등포구,행정동,37.51323985022654,126.90860588710743,오피스텔,매매,818,높음,자치구,32000.0,매매가,45152.9,20700.0,58925.0,6.69976,1.02983,873.756,30.4,25.2,62.9,,
영등포본동,영등포구,행정동,37.51323985022654,126.90860588710743,단독다가구,월세,136,높음,해당지역,54.6,월환산,57.2,39.6,69.0,3.40013,0.17015,1.828,27.8,19.8,37.9,1000.0,48.0
영등포본동,영등포구,행정동,37.51323985022654,126.90860588710743,아파트,월세,102,높음,해당지역,221.2,월환산,197.4,85.4,261.8,2.14799,0.76797,3.481,73.1,30.7,79.8,10000.0,110.0
영등포본동,영등포구,행정동,37.51323985022654,126.90860588710743,연립다세대,월세,66,높음,해당지역,83.8,월환산,86.0,58.4,102.6,3.46873,0.26611,2.494,29.9,21.7,51.7,7000.0,43.5
영등포본동,영등포구,행정동,37.51323985022654,126.90860588710743,오피스텔,월세,10,보통,해당지역,104.0,월환산,99.4,58.6,138.8,,,3.261,28.0,23.4,30.6,7250.0,29.0
영등포본동,영등포구,행정동,37.51323985022654,126.90860588710743,단독다가구,전세,24,보통,해당지역,10250.0,보증금,11237.5,7750.0,14250.0,7.17775,0.54708,265.05,38.3,29.4,45.1,10250.0,0.0
영등포본동,영등포구,행정동,37.51323985022654,126.90860588710743,아파트,전세,158,높음,해당지역,59800.0,보증금,56640.7,52000.0,65000.0,8.82905,0.49304,814.771,79.8,59.9,84.2,59800.0,0.0
영등포본동,영등포구,행정동,37.51323985022654,126.90860588710743,연립다세대,전세,56,높음,해당지역,24200.0,보증금,23284.2,17712.5,29550.0,9.87884,0.03286,627.956,29.5,24.9,54.8,24200.0,0.0
영등포본동,영등포구,행정동,37.51323985022654,126.90860588710743,오피스텔,전세,13,보통,해당지역,30000.0,보증금,23230.8,12000.0,31500.0,,,977.517,30.2,24.2,30.7,30000.0,0.0
남영동,용산구,행정동,37.548994992603525,126.97307609233857,단독다가구,매매,139,높음,자치구,169000.0,매매가,281672.0,100500.0,375000.0,9.06391,0.66211,1824.374,136.5,45.8,205.1,,
남영동,용산구,행정동,37.548994992603525,126.97307609233857,아파트,매매,682,높음,자치구,205000.0,매매가,239447.0,145000.0,298375.0,7.68435,1.01743,2418.534,84.9,59.9,114.9,,
남영동,용산구,행정동,37.548994992603525,126.97307609233857,연립다세대,매매,11,보통,해당지역,116500.0,매매가,121027.3,99500.0,148000.0,,,2564.556,55.1,33.1,59.1,,
남영동,용산구,행정동,37.548994992603525,126.97307609233857,오피스텔,매매,19,보통,해당지역,32500.0,매매가,37723.7,29150.0,39350.0,,,1185.309,28.3,27.4,30.0,,
남영동,용산구,행정동,37.548994992603525,126.97307609233857,단독다가구,월세,60,높음,해당지역,72.8,월환산,78.6,59.6,93.8,4.04202,0.06868,1.971,40.6,28.8,68.4,1250.0,55.0
남영동,용산구,행정동,37.548994992603525,126.97307609233857,아파트,월세,47,높음,해당지역,630.0,월환산,499.8,197.8,699.4,0.87077,1.13402,4.524,131.0,49.8,145.2,11600.0,592.0
남영동,용산구,행정동,37.548994992603525,126.97307609233857,연립다세대,월세,40,높음,해당지역,85.6,월환산,108.2,72.7,144.0,2.4884,0.54894,2.346,49.4,33.6,60.4,3000.0,70.0
남영동,용산구,행정동,37.548994992603525,126.97307609233857,오피스텔,월세,72,높음,해당지역,128.8,월환산,130.7,114.6,143.2,2.93704,0.57335,5.041,27.4,23.0,30.0,1000.0,120.0
남영동,용산구,행정동,37.548994992603525,126.97307609233857,단독다가구,전세,12,보통,해당지역,18000.0,보증금,18025.0,8750.0,22850.0,,,358.562,51.8,39.7,85.7,18000.0,0.0
남영동,용산구,행정동,37.548994992603525,126.97307609233857,아파트,전세,10,보통,해당지역,106000.0,보증금,106610.0,96775.0,115000.0,,,781.682,131.0,128.1,145.2,106000.0,0.0
남영동,용산구,행정동,37.548994992603525,126.97307609233857,연립다세대,전세,25,보통,해당지역,29000.0,보증금,29135.6,17000.0,33000.0,7.05254,0.80934,540.091,55.8,37.4,61.1,29000.0,0.0
남영동,용산구,행정동,37.548994992603525,126.97307609233857,오피스텔,전세,32,높음,해당지역,29000.0,보증금,29675.0,26000.0,29700.0,7.83902,0.72741,1039.534,27.4,25.4,28.3,29000.0,0.0
보광동,용산구,행정동,37.52540097799655,127.00060380115013,단독다가구,매매,15,보통,해당지역,550000.0,매매가,517686.7,430000.0,610000.0,,,3180.31,145.9,89.8,238.8,,
보광동,용산구,행정동,37.52540097799655,127.00060380115013,아파트,매매,14,보통,해당지역,407000.0,매매가,362071.4,290000.0,431250.0,,,4792.182,84.9,84.8,84.9,,
보광동,용산구,행정동,37.52540097799655,127.00060380115013,연립다세대,매매,580,높음,자치구,75000.0,매매가,99631.0,58000.0,100250.0,8.98547,0.62188,1945.581,41.5,28.3,59.2,,
보광동,용산구,행정동,37.52540097799655,127.00060380115013,오피스텔,매매,205,높음,자치구,42000.0,매매가,61864.8,29100.0,78000.0,5.61559,1.3998,1185.266,34.4,29.6,48.6,,
보광동,용산구,행정동,37.52540097799655,127.00060380115013,단독다가구,월세,52,높음,해당지역,69.1,월환산,79.4,52.3,99.2,1.71988,0.69269,1.835,43.9,30.0,54.4,1000.0,60.0
보광동,용산구,행정동,37.52540097799655,127.00060380115013,아파트,월세,12,보통,해당지역,275.8,월환산,258.8,222.3,314.8,,,3.26,84.7,84.7,84.9,5000.0,157.5
보광동,용산구,행정동,37.52540097799655,127.00060380115013,연립다세대,월세,1041,높음,자치구,115.8,월환산,165.9,81.9,152.9,2.21302,0.70274,3.259,39.7,26.4,60.4,3000.0,73.0
보광동,용산구,행정동,37.52540097799655,127.00060380115013,오피스텔,월세,634,높음,자치구,128.4,월환산,146.5,97.5,172.6,2.14864,0.804,4.591,29.5,24.1,38.1,3000.0,100.0
보광동,용산구,행정동,37.52540097799655,127.00060380115013,단독다가구,전세,27,보통,해당지역,15750.0,보증금,19196.7,10000.0,21500.0,4.78595,1.22846,304.26,54.2,40.5,66.0,15750.0,0.0
보광동,용산구,행정동,37.52540097799655,127.00060380115013,아파트,전세,24,보통,해당지역,56750.0,보증금,58843.8,54375.0,65000.0,9.79363,0.26731,694.69,84.9,84.7,84.9,56750.0,0.0
보광동,용산구,행정동,37.52540097799655,127.00060380115013,연립다세대,전세,1980,높음,자치구,26000.0,보증금,28134.4,21000.0,30000.0,8.58553,0.44118,856.383,29.7,25.9,48.2,26000.0,0.0
보광동,용산구,행정동,37.52540097799655,127.00060380115013,오피스텔,전세,481,높음,자치구,30900.0,보증금,34692.6,26000.0,40950.0,7.47078,0.8251,937.5,32.8,28.2,40.0,30900.0,0.0
서빙고동,용산구,행정동,37.521464672300745,126.9923928274271,단독다가구,매매,13,보통,해당지역,660000.0,매매가,630846.2,600000.0,800000.0,,,3042.456,216.9,139.3,282.0,,
서빙고동,용산구,행정동,37.521464672300745,126.9923928274271,아파트,매매,21,보통,해당지역,370000.0,매매가,366190.5,297000.0,460000.0,9.32131,0.71384,2904.539,140.8,95.7,167.0,,
서빙고동,용산구,행정동,37.521464672300745,126.9923928274271,연립다세대,매매,29,보통,해당지역,365000.0,매매가,314096.6,125000.0,420000.0,9.36233,0.76496,6055.485,55.4,43.9,71.0,,
서빙고동,용산구,행정동,37.521464672300745,126.9923928274271,오피스텔,매매,205,높음,자치구,42000.0,매매가,61864.8,29100.0,78000.0,5.61559,1.3998,1185.266,34.4,29.6,48.6,,
서빙고동,용산구,행정동,37.521464672300745,126.9923928274271,단독다가구,월세,44,높음,해당지역,66.7,월환산,78.9,52.3,109.2,0.74592,0.91598,1.702,46.8,35.2,62.8,1000.0,55.0
서빙고동,용산구,행정동,37.521464672300745,126.9923928274271,아파트,월세,40,높음,해당지역,412.7,월환산,480.7,314.0,561.9,0.14277,1.20906,3.304,140.8,95.7,156.0,20000.0,260.0
서빙고동,용산구,행정동,37.521464672300745,126.9923928274271,연립다세대,월세,33,높음,해당지역,100.0,월환산,180.9,63.0,145.0,1.53194,0.82903,1.857,53.0,25.8,78.3,5000.0,60.0
서빙고동,용산구,행정동,37.521464672300745,126.9923928274271,오피스텔,월세,634,높음,자치구,128.4,월환산,146.5,97.5,172.6,2.14864,0.804,4.591,29.5,24.1,38.1,3000.0,100.0
서빙고동,용산구,행정동,37.521464672300745,126.9923928274271,단독다가구,전세,26,보통,해당지역,15375.0,보증금,18325.0,12125.0,20000.0,3.54785,1.55486,318.14,49.9,40.1,56.0,15375.0,0.0
서빙고동,용산구,행정동,37.521464672300745,126.9923928274271,아파트,전세,48,높음,해당지역,91000.0,보증금,90298.9,70000.0,108500.0,7.78655,0.74332,710.177,140.8,95.7,141.8,91000.0,0.0
서빙고동,용산구,행정동,37.521464672300745,126.9923928274271,연립다세대,전세,73,높음,해당지역,24000.0,보증금,26469.2,15750.0,25500.0,9.59795,0.10135,568.752,36.4,20.4,63.4,24000.0,0.0
서빙고동,용산구,행정동,37.521464672300745,126.9923928274271,오피스텔,전세,481,높음,자치구,30900.0,보증금,34692.6,26000.0,40950.0,7.47078,0.8251,937.5,32.8,28.2,40.0,30900.0,0.0
용문동,용산구,행정동,37.53767926687288,126.95809106979593,단독다가구,매매,139,높음,자치구,169000.0,매매가,281672.0,100500.0,375000.0,9.06391,0.66211,1824.374,136.5,45.8,205.1,,
용문동,용산구,행정동,37.53767926687288,126.95809106979593,아파트,매매,41,높음,해당지역,178000.0,매매가,170780.5,162700.0,183500.0,8.90354,0.72233,2184.437,84.7,59.9,84.9,,
용문동,용산구,행정동,37.53767926687288,126.95809106979593,연립다세대,매매,40,높음,해당지역,64650.0,매매가,62656.2,52250.0,73000.0,9.45975,0.42955,1490.519,40.8,26.0,60.2,,
용문동,용산구,행정동,37.53767926687288,126.95809106979593,오피스텔,매매,205,높음,자치구,42000.0,매매가,61864.8,29100.0,78000.0,5.61559,1.3998,1185.266,34.4,29.6,48.6,,
용문동,용산구,행정동,37.53767926687288,126.95809106979593,단독다가구,월세,62,높음,해당지역,84.6,월환산,96.7,70.1,109.5,3.51264,0.25952,2.228,44.1,32.7,54.2,3000.0,69.0
용문동,용산구,행정동,37.53767926687288,126.95809106979593,아파트,월세,47,높음,해당지역,266.8,월환산,266.5,244.0,299.1,2.28104,0.76604,3.747,59.9,59.9,84.7,30000.0,140.0
용문동,용산구,행정동,37.53767926687288,126.95809106979593,연립다세대,월세,73,높음,해당지역,115.0,월환산,116.4,99.2,130.8,2.96556,0.51494,3.967,28.9,23.0,40.2,10000.0,64.0
용문동,용산구,행정동,37.53767926687288,126.95809106979593,오피스텔,월세,634,높음,자치구,128.4,월환산,146.5,97.5,172.6,2.14864,0.804,4.591,29.5,24.1,38.1,3000.0,100.0
용문동,용산구,행정동,37.53767926687288,126.95809106979593,단독다가구,전세,424,높음,자치구,16544.0,보증금,18702.9,12000.0,22000.0,7.15919,0.6603,386.419,45.0,33.0,60.8,16544.0,0.0
용문동,용산구,행정동,37.53767926687288,126.95809106979593,아파트,전세,84,높음,해당지역,65500.0,보증금,65357.3,61987.5,73000.0,7.39509,0.85681,930.621,59.9,59.9,84.7,65500.0,0.0
용문동,용산구,행정동,37.53767926687288,126.95809106979593,연립다세대,전세,221,높음,해당지역,26250.0,보증금,25856.2,22000.0,29000.0,8.37298,0.51752,927.175,27.9,23.1,34.5,26250.0,0.0
용문동,용산구,행정동,37.53767926687288,126.95809106979593,오피스텔,전세,481,높음,자치구,30900.0,보증금,34692.6,26000.0,40950.0,7.47078,0.8251,937.5,32.8,28.2,40.0,30900.0,0.0
용산2가동,용산구,행정동,37.543845397514964,126.98574916485559,단독다가구,매매,17,보통,해당지역,150000.0,매매가,170452.9,127500.0,190000.0,,,834.068,183.2,145.8,237.8,,
용산2가동,용산구,행정동,37.543845397514964,126.98574916485559,아파트,매매,682,높음,자치구,205000.0,매매가,239447.0,145000.0,298375.0,7.68435,1.01743,2418.534,84.9,59.9,114.9,,
용산2가동,용산구,행정동,37.543845397514964,126.98574916485559,연립다세대,매매,78,높음,해당지역,60000.0,매매가,64544.9,50000.0,73750.0,9.85444,0.31695,1824.809,37.4,26.2,51.7,,
용산2가동,용산구,행정동,37.543845397514964,126.98574916485559,오피스텔,매매,205,높음,자치구,42000.0,매매가,61864.8,29100.0,78000.0,5.61559,1.3998,1185.266,34.4,29.6,48.6,,
용산2가동,용산구,행정동,37.543845397514964,126.98574916485559,단독다가구,월세,117,높음,해당지역,82.2,월환산,94.1,66.6,104.6,1.34641,0.81624,1.987,45.0,33.0,58.4,1000.0,70.0
용산2가동,용산구,행정동,37.543845397514964,126.98574916485559,아파트,월세,2033,높음,자치구,247.5,월환산,332.7,124.0,419.2,0.01744,1.30992,3.797,59.8,39.8,100.3,13533.0,100.0
용산2가동,용산구,행정동,37.543845397514964,126.98574916485559,연립다세대,월세,62,높음,해당지역,79.2,월환산,90.8,65.8,107.7,3.15236,0.36353,2.308,37.7,23.2,50.7,2000.0,60.0
용산2가동,용산구,행정동,37.543845397514964,126.98574916485559,오피스텔,월세,634,높음,자치구,128.4,월환산,146.5,97.5,172.6,2.14864,0.804,4.591,29.5,24.1,38.1,3000.0,100.0
용산2가동,용산구,행정동,37.543845397514964,126.98574916485559,단독다가구,전세,34,높음,해당지역,17000.0,보증금,18814.2,15000.0,25000.0,5.86794,0.99152,362.405,53.3,43.0,62.6,17000.0,0.0
용산2가동,용산구,행정동,37.543845397514964,126.98574916485559,아파트,전세,1447,높음,자치구,72000.0,보증금,89000.0,57750.0,97250.0,6.89018,0.98263,963.905,84.8,59.9,104.7,72000.0,0.0
용산2가동,용산구,행정동,37.543845397514964,126.98574916485559,연립다세대,전세,126,높음,해당지역,20000.0,보증금,20677.7,15000.0,26000.0,8.55771,0.36939,494.2,40.4,26.4,52.0,20000.0,0.0
용산2가동,용산구,행정동,37.543845397514964,126.98574916485559,오피스텔,전세,481,높음,자치구,30900.0,보증금,34692.6,26000.0,40950.0,7.47078,0.8251,937.5,32.8,28.2,40.0,30900.0,0.0
원효로1동,용산구,행정동,37.53911225805412,126.96808800386263,단독다가구,매매,139,높음,자치구,169000.0,매매가,281672.0,100500.0,375000.0,9.06391,0.66211,1824.374,136.5,45.8,205.1,,
원효로1동,용산구,행정동,37.53911225805412,126.96808800386263,아파트,매매,70,높음,해당지역,165000.0,매매가,159742.9,125500.0,203750.0,7.52746,0.9929,1691.838,84.9,71.0,109.9,,
원효로1동,용산구,행정동,37.53911225805412,126.96808800386263,연립다세대,매매,28,보통,해당지역,75500.0,매매가,80760.7,60000.0,102750.0,10.62918,0.1848,2564.544,29.1,24.3,29.9,,
원효로1동,용산구,행정동,37.53911225805412,126.96808800386263,오피스텔,매매,41,높음,해당지역,39900.0,매매가,43659.8,20000.0,59900.0,6.1649,1.21774,1023.548,34.0,25.5,40.9,,
원효로1동,용산구,행정동,37.53911225805412,126.96808800386263,단독다가구,월세,69,높음,해당지역,69.2,월환산,76.0,57.3,92.9,3.59723,0.17995,2.204,33.0,22.4,47.8,2000.0,55.0
원효로1동,용산구,행정동,37.53911225805412,126.96808800386263,아파트,월세,680,높음,해당지역,125.0,월환산,173.1,62.2,160.5,-0.14755,1.3548,3.628,34.0,30.0,44.0,13533.0,66.5
원효로1동,용산구,행정동,37.53911225805412,126.96808800386263,연립다세대,월세,109,높음,해당지역,116.0,월환산,118.1,101.8,133.8,3.60534,0.3498,4.469,26.9,23.9,29.8,5000.0,75.0
원효로1동,용산구,행정동,37.53911225805412,126.96808800386263,오피스텔,월세,249,높음,해당지역,122.8,월환산,135.1,89.2,175.8,2.29735,0.76418,4.595,27.8,20.9,32.8,3000.0,95.0
원효로1동,용산구,행정동,37.53911225805412,126.96808800386263,단독다가구,전세,25,보통,해당지역,16000.0,보증금,20453.2,13000.0,21370.0,8.0324,0.44382,383.656,50.8,34.2,69.8,16000.0,0.0
원효로1동,용산구,행정동,37.53911225805412,126.96808800386263,아파트,전세,227,높음,해당지역,80850.0,보증금,79630.5,68000.0,95000.0,7.6413,0.8252,1009.381,84.9,83.9,85.0,80850.0,0.0
원효로1동,용산구,행정동,37.53911225805412,126.96808800386263,연립다세대,전세,205,높음,해당지역,26200.0,보증금,26817.2,24000.0,29500.0,8.64967,0.44701,914.236,29.4,27.0,30.0,26200.0,0.0
원효로1동,용산구,행정동,37.53911225805412,126.96808800386263,오피스텔,전세,183,높음,해당지역,33240.0,보증금,36161.8,29912.5,42000.0,8.04496,0.67221,937.447,33.6,29.3,42.7,33240.0,0.0
원효로2동,용산구,행정동,37.534257923584235,126.95335648781291,단독다가구,매매,139,높음,자치구,169000.0,매매가,281672.0,100500.0,375000.0,9.06391,0.66211,1824.374,136.5,45.8,205.1,,
원효로2동,용산구,행정동,37.534257923584235,126.95335648781291,아파트,매매,62,높음,해당지역,172250.0,매매가,180164.5,139300.0,220000.0,9.46414,0.58716,2176.291,78.1,59.6,103.7,,
원효로2동,용산구,행정동,37.534257923584235,126.95335648781291,연립다세대,매매,18,보통,해당지역,75000.0,매매가,74155.6,59000.0,90000.0,,,2011.482,29.7,22.7,53.3,,
원효로2동,용산구,행정동,37.534257923584235,126.95335648781291,오피스텔,매매,205,높음,자치구,42000.0,매매가,61864.8,29100.0,78000.0,5.61559,1.3998,1185.266,34.4,29.6,48.6,,
원효로2동,용산구,행정동,37.534257923584235,126.95335648781291,단독다가구,월세,65,높음,해당지역,67.6,월환산,72.9,52.1,90.0,1.98409,0.60947,1.762,40.5,26.4,51.1,2000.0,50.0
원효로2동,용산구,행정동,37.534257923584235,126.95335648781291,아파트,월세,77,높음,해당지역,227.5,월환산,234.3,148.8,295.2,1.30163,0.93497,3.315,78.1,59.6,86.1,20000.0,100.0
원효로2동,용산구,행정동,37.534257923584235,126.95335648781291,연립다세대,월세,55,높음,해당지역,95.8,월환산,100.8,83.2,122.3,3.12059,0.4407,3.892,27.0,19.9,29.6,3000.0,70.0
원효로2동,용산구,행정동,37.534257923584235,126.95335648781291,오피스텔,월세,15,보통,해당지역,94.6,월환산,92.6,93.5,99.2,,,5.05,18.7,17.1,21.6,1000.0,90.0
원효로2동,용산구,행정동,37.534257923584235,126.95335648781291,단독다가구,전세,31,높음,해당지역,15500.0,보증금,15887.1,11775.0,19450.0,6.27236,0.84796,366.279,43.0,34.2,53.5,15500.0,0.0
원효로2동,용산구,행정동,37.534257923584235,126.95335648781291,아파트,전세,127,높음,해당지역,58000.0,보증금,56648.4,49000.0,64750.0,9.0819,0.42111,804.155,78.1,59.6,85.0,58000.0,0.0
원효로2동,용산구,행정동,37.534257923584235,126.95335648781291,연립다세대,전세,161,높음,해당지역,22000.0,보증금,21845.1,19000.0,24675.0,8.92269,0.31435,848.956,27.0,21.5,29.8,22000.0,0.0
원효로2동,용산구,행정동,37.534257923584235,126.95335648781291,오피스텔,전세,52,높음,해당지역,24375.0,보증금,27504.3,17875.0,30000.0,6.76788,1.02525,1038.861,26.0,23.0,29.9,24375.0,0.0
이촌1동,용산구,행정동,37.52029607419268,126.97309323935168,단독다가구,매매,139,높음,자치구,169000.0,매매가,281672.0,100500.0,375000.0,9.06391,0.66211,1824.374,136.5,45.8,205.1,,
이촌1동,용산구,행정동,37.52029607419268,126.97309323935168,아파트,매매,142,높음,해당지역,277500.0,매매가,301630.5,245750.0,333750.0,10.6706,0.41643,3107.747,95.0,60.0,124.0,,
이촌1동,용산구,행정동,37.52029607419268,126.97309323935168,연립다세대,매매,13,보통,법정동,135000.0,매매가,128884.6,103500.0,140000.0,,,2347.024,54.4,48.1,59.6,,
이촌1동,용산구,행정동,37.52029607419268,126.97309323935168,오피스텔,매매,205,높음,자치구,42000.0,매매가,61864.8,29100.0,78000.0,5.61559,1.3998,1185.266,34.4,29.6,48.6,,
이촌1동,용산구,행정동,37.52029607419268,126.97309323935168,단독다가구,월세,1401,높음,자치구,74.6,월환산,92.2,59.6,104.6,2.61866,0.48897,2.284,37.4,23.9,52.8,1000.0,65.0
이촌1동,용산구,행정동,37.52029607419268,126.97309323935168,아파트,월세,331,높음,해당지역,383.3,월환산,428.0,286.7,489.3,2.1824,0.84085,4.638,85.0,59.9,114.6,20000.0,220.0
이촌1동,용산구,행정동,37.52029607419268,126.97309323935168,연립다세대,월세,14,보통,법정동,85.4,월환산,88.3,59.3,99.2,,,1.846,47.4,41.4,49.6,2000.0,68.0
이촌1동,용산구,행정동,37.52029607419268,126.97309323935168,오피스텔,월세,634,높음,자치구,128.4,월환산,146.5,97.5,172.6,2.14864,0.804,4.591,29.5,24.1,38.1,3000.0,100.0
이촌1동,용산구,행정동,37.52029607419268,126.97309323935168,단독다가구,전세,424,높음,자치구,16544.0,보증금,18702.9,12000.0,22000.0,7.15919,0.6603,386.419,45.0,33.0,60.8,16544.0,0.0
이촌1동,용산구,행정동,37.52029607419268,126.97309323935168,아파트,전세,322,높음,해당지역,75000.0,보증금,93256.7,63250.0,105000.0,8.53202,0.62635,1085.397,85.0,59.9,114.9,75000.0,0.0
이촌1동,용산구,행정동,37.52029607419268,126.97309323935168,연립다세대,전세,1980,높음,자치구,26000.0,보증금,28134.4,21000.0,30000.0,8.58553,0.44118,856.383,29.7,25.9,48.2,26000.0,0.0
이촌1동,용산구,행정동,37.52029607419268,126.97309323935168,오피스텔,전세,481,높음,자치구,30900.0,보증금,34692.6,26000.0,40950.0,7.47078,0.8251,937.5,32.8,28.2,40.0,30900.0,0.0
이촌2동,용산구,행정동,37.525468239717156,126.95591235875915,단독다가구,매매,139,높음,자치구,169000.0,매매가,281672.0,100500.0,375000.0,9.06391,0.66211,1824.374,136.5,45.8,205.1,,
이촌2동,용산구,행정동,37.525468239717156,126.95591235875915,아파트,매매,34,높음,해당지역,200250.0,매매가,186332.4,145000.0,219750.0,9.05033,0.73808,3030.305,59.6,59.5,79.7,,
이촌2동,용산구,행정동,37.525468239717156,126.95591235875915,연립다세대,매매,13,보통,해당지역,135000.0,매매가,128884.6,103500.0,140000.0,,,2347.024,54.4,48.1,59.6,,
이촌2동,용산구,행정동,37.525468239717156,126.95591235875915,오피스텔,매매,205,높음,자치구,42000.0,매매가,61864.8,29100.0,78000.0,5.61559,1.3998,1185.266,34.4,29.6,48.6,,
이촌2동,용산구,행정동,37.525468239717156,126.95591235875915,단독다가구,월세,1401,높음,자치구,74.6,월환산,92.2,59.6,104.6,2.61866,0.48897,2.284,37.4,23.9,52.8,1000.0,65.0
이촌2동,용산구,행정동,37.525468239717156,126.95591235875915,아파트,월세,89,높음,해당지역,251.7,월환산,235.6,204.8,297.9,0.49732,1.14832,3.539,59.6,59.6,84.8,12000.0,100.0
이촌2동,용산구,행정동,37.525468239717156,126.95591235875915,연립다세대,월세,14,보통,해당지역,85.4,월환산,88.3,59.3,99.2,,,1.846,47.4,41.4,49.6,2000.0,68.0
이촌2동,용산구,행정동,37.525468239717156,126.95591235875915,오피스텔,월세,634,높음,자치구,128.4,월환산,146.5,97.5,172.6,2.14864,0.804,4.591,29.5,24.1,38.1,3000.0,100.0
이촌2동,용산구,행정동,37.525468239717156,126.95591235875915,단독다가구,전세,424,높음,자치구,16544.0,보증금,18702.9,12000.0,22000.0,7.15919,0.6603,386.419,45.0,33.0,60.8,16544.0,0.0
이촌2동,용산구,행정동,37.525468239717156,126.95591235875915,아파트,전세,160,높음,해당지역,54600.0,보증금,51556.6,42987.5,63000.0,7.29105,0.82971,805.24,59.6,59.5,84.8,54600.0,0.0
이촌2동,용산구,행정동,37.525468239717156,126.95591235875915,연립다세대,전세,1980,높음,자치구,26000.0,보증금,28134.4,21000.0,30000.0,8.58553,0.44118,856.383,29.7,25.9,48.2,26000.0,0.0
이촌2동,용산구,행정동,37.525468239717156,126.95591235875915,오피스텔,전세,481,높음,자치구,30900.0,보증금,34692.6,26000.0,40950.0,7.47078,0.8251,937.5,32.8,28.2,40.0,30900.0,0.0
이태원1동,용산구,행정동,37.53318729790294,126.99310524807674,단독다가구,매매,15,보통,법정동,125000.0,매매가,198780.0,76200.0,257500.0,,,1213.335,145.3,45.2,207.7,,
이태원1동,용산구,행정동,37.53318729790294,126.99310524807674,아파트,매매,11,보통,해당지역,340000.0,매매가,346127.3,305000.0,381000.0,,,2465.879,142.7,105.9,158.6,,
이태원1동,용산구,행정동,37.53318729790294,126.99310524807674,연립다세대,매매,25,보통,해당지역,130000.0,매매가,138560.0,110000.0,165000.0,11.01256,0.18178,1840.388,74.4,59.4,93.8,,
이태원1동,용산구,행정동,37.53318729790294,126.99310524807674,오피스텔,매매,205,높음,자치구,42000.0,매매가,61864.8,29100.0,78000.0,5.61559,1.3998,1185.266,34.4,29.6,48.6,,
이태원1동,용산구,행정동,37.53318729790294,126.99310524807674,단독다가구,월세,313,높음,법정동,99.6,월환산,123.2,72.3,139.2,1.94823,0.7123,2.472,44.3,33.0,60.5,1000.0,90.0
이태원1동,용산구,행정동,37.53318729790294,126.99310524807674,아파트,월세,23,보통,해당지역,395.8,월환산,496.8,346.0,518.8,-1.01401,1.41805,2.612,142.7,142.7,174.4,10000.0,330.0
이태원1동,용산구,행정동,37.53318729790294,126.99310524807674,연립다세대,월세,43,높음,해당지역,179.2,월환산,292.5,117.9,390.2,1.15067,1.00873,3.329,59.4,48.9,116.4,3000.0,135.0
이태원1동,용산구,행정동,37.53318729790294,126.99310524807674,오피스텔,월세,634,높음,자치구,128.4,월환산,146.5,97.5,172.6,2.14864,0.804,4.591,29.5,24.1,38.1,3000.0,100.0
이태원1동,용산구,행정동,37.53318729790294,126.99310524807674,단독다가구,전세,64,높음,법정동,20000.0,보증금,20315.6,14750.0,25000.0,6.76568,0.81477,470.723,41.4,35.7,49.8,20000.0,0.0
이태원1동,용산구,행정동,37.53318729790294,126.99310524807674,아파트,전세,18,보통,해당지역,70000.0,보증금,73666.7,57187.5,85037.5,,,604.239,105.9,89.0,145.3,70000.0,0.0
이태원1동,용산구,행정동,37.53318729790294,126.99310524807674,연립다세대,전세,39,높음,해당지역,30000.0,보증금,34749.1,25000.0,40000.0,8.50169,0.50454,887.097,32.6,27.1,62.5,30000.0,0.0
이태원1동,용산구,행정동,37.53318729790294,126.99310524807674,오피스텔,전세,481,높음,자치구,30900.0,보증금,34692.6,26000.0,40950.0,7.47078,0.8251,937.5,32.8,28.2,40.0,30900.0,0.0
이태원2동,용산구,행정동,37.53938436786288,126.99059452971639,단독다가구,매매,15,보통,법정동,125000.0,매매가,198780.0,76200.0,257500.0,,,1213.335,145.3,45.2,207.7,,
이태원2동,용산구,행정동,37.53938436786288,126.99059452971639,아파트,매매,18,보통,해당지역,159000.0,매매가,154833.3,66250.0,187500.0,,,1297.055,59.9,51.3,84.8,,
이태원2동,용산구,행정동,37.53938436786288,126.99059452971639,연립다세대,매매,29,보통,해당지역,49600.0,매매가,123493.1,43500.0,62000.0,8.17438,0.78136,1427.802,37.1,27.7,58.6,,
이태원2동,용산구,행정동,37.53938436786288,126.99059452971639,오피스텔,매매,205,높음,자치구,42000.0,매매가,61864.8,29100.0,78000.0,5.61559,1.3998,1185.266,34.4,29.6,48.6,,
이태원2동,용산구,행정동,37.53938436786288,126.99059452971639,단독다가구,월세,313,높음,법정동,99.6,월환산,123.2,72.3,139.2,1.94823,0.7123,2.472,44.3,33.0,60.5,1000.0,90.0
이태원2동,용산구,행정동,37.53938436786288,126.99059452971639,아파트,월세,34,높음,해당지역,260.2,월환산,265.2,210.0,322.8,0.1738,1.23662,3.563,59.9,59.9,84.7,5000.0,190.0
이태원2동,용산구,행정동,37.53938436786288,126.99059452971639,연립다세대,월세,100,높음,해당지역,157.2,월환산,273.1,102.8,264.0,1.60604,0.88965,3.167,61.6,29.8,99.4,2000.0,132.0
이태원2동,용산구,행정동,37.53938436786288,126.99059452971639,오피스텔,월세,634,높음,자치구,128.4,월환산,146.5,97.5,172.6,2.14864,0.804,4.591,29.5,24.1,38.1,3000.0,100.0
이태원2동,용산구,행정동,37.53938436786288,126.99059452971639,단독다가구,전세,64,높음,법정동,20000.0,보증금,20315.6,14750.0,25000.0,6.76568,0.81477,470.723,41.4,35.7,49.8,20000.0,0.0
이태원2동,용산구,행정동,37.53938436786288,126.99059452971639,아파트,전세,35,높음,해당지역,55000.0,보증금,52046.6,25000.0,66500.0,4.97236,1.37008,744.153,59.9,51.3,84.7,55000.0,0.0
이태원2동,용산구,행정동,37.53938436786288,126.99059452971639,연립다세대,전세,77,높음,해당지역,30450.0,보증금,36189.9,26000.0,41000.0,8.38973,0.53832,925.926,34.3,28.7,49.8,30450.0,0.0
이태원2동,용산구,행정동,37.53938436786288,126.99059452971639,오피스텔,전세,481,높음,자치구,30900.0,보증금,34692.6,26000.0,40950.0,7.47078,0.8251,937.5,32.8,28.2,40.0,30900.0,0.0
청파동,용산구,행정동,37.54647657365015,126.96744952810344,단독다가구,매매,25,보통,해당지역,84600.0,매매가,97867.2,59000.0,120000.0,9.65409,0.42591,1752.494,37.7,21.1,136.5,,
청파동,용산구,행정동,37.54647657365015,126.96744952810344,아파트,매매,682,높음,자치구,205000.0,매매가,239447.0,145000.0,298375.0,7.68435,1.01743,2418.534,84.9,59.9,114.9,,
청파동,용산구,행정동,37.54647657365015,126.96744952810344,연립다세대,매매,136,높음,해당지역,76250.0,매매가,78306.2,60000.0,91500.0,9.47081,0.47464,1945.581,38.9,28.5,55.4,,
청파동,용산구,행정동,37.54647657365015,126.96744952810344,오피스텔,매매,205,높음,자치구,42000.0,매매가,61864.8,29100.0,78000.0,5.61559,1.3998,1185.266,34.4,29.6,48.6,,
청파동,용산구,행정동,37.54647657365015,126.96744952810344,단독다가구,월세,312,높음,해당지역,64.6,월환산,70.3,54.6,79.2,3.1977,0.31391,2.937,21.7,16.5,33.6,1000.0,58.0
청파동,용산구,행정동,37.54647657365015,126.96744952810344,아파트,월세,13,보통,해당지역,98.5,월환산,113.0,95.6,98.5,,,4.493,20.9,19.6,21.9,10800.0,49.0
청파동,용산구,행정동,37.54647657365015,126.96744952810344,연립다세대,월세,176,높음,해당지역,93.5,월환산,102.0,69.2,126.0,4.23202,0.08237,2.385,42.9,27.6,54.8,5000.0,56.5
청파동,용산구,행정동,37.54647657365015,126.96744952810344,오피스텔,월세,45,높음,해당지역,94.2,월환산,98.7,89.6,99.3,2.84615,0.5757,4.994,18.1,18.0,18.1,17000.0,30.0
청파동,용산구,행정동,37.54647657365015,126.96744952810344,단독다가구,전세,74,높음,해당지역,14500.0,보증금,15741.8,11000.0,18675.0,7.83713,0.4902,421.849,33.1,22.0,55.7,14500.0,0.0
청파동,용산구,행정동,37.54647657365015,126.96744952810344,아파트,전세,1447,높음,자치구,72000.0,보증금,89000.0,57750.0,97250.0,6.89018,0.98263,963.905,84.8,59.9,104.7,72000.0,0.0
청파동,용산구,행정동,37.54647657365015,126.96744952810344,연립다세대,전세,471,높음,해당지역,26600.0,보증금,25954.0,22000.0,30000.0,9.47004,0.18617,901.503,29.6,25.9,42.9,26600.0,0.0
청파동,용산구,행정동,37.54647657365015,126.96744952810344,오피스텔,전세,25,보통,해당지역,23500.0,보증금,23106.0,18450.0,26250.0,8.48389,0.50561,1019.9,19.5,18.1,25.8,23500.0,0.0
한강로동,용산구,행정동,37.52989051672816,126.96885790984027,단독다가구,매매,139,높음,자치구,169000.0,매매가,281672.0,100500.0,375000.0,9.06391,0.66211,1824.374,136.5,45.8,205.1,,
한강로동,용산구,행정동,37.52989051672816,126.96885790984027,아파트,매매,112,높음,해당지역,342500.0,매매가,302816.1,222250.0,381250.0,6.22238,1.35486,2815.751,114.5,99.7,125.7,,
한강로동,용산구,행정동,37.52989051672816,126.96885790984027,연립다세대,매매,19,보통,해당지역,37000.0,매매가,56202.6,29000.0,67500.0,,,1804.605,19.5,15.0,49.7,,
한강로동,용산구,행정동,37.52989051672816,126.96885790984027,오피스텔,매매,120,높음,해당지역,52850.0,매매가,75987.9,31300.0,81750.0,4.94497,1.57968,1335.032,42.4,32.2,50.4,,
한강로동,용산구,행정동,37.52989051672816,126.96885790984027,단독다가구,월세,24,보통,해당지역,64.6,월환산,74.4,54.6,82.1,3.24501,0.25036,1.63,43.3,29.6,67.3,1000.0,60.0
한강로동,용산구,행정동,37.52989051672816,126.96885790984027,아파트,월세,387,높음,해당지역,352.9,월환산,461.4,103.7,788.8,-0.83295,1.53009,4.586,84.7,39.8,124.5,16052.0,140.0
한강로동,용산구,행정동,37.52989051672816,126.96885790984027,연립다세대,월세,15,보통,해당지역,92.3,월환산,91.3,73.1,106.3,,,2.914,26.9,21.2,44.1,2000.0,71.0
한강로동,용산구,행정동,37.52989051672816,126.96885790984027,오피스텔,월세,236,높음,해당지역,147.9,월환산,175.7,119.1,229.2,1.85439,0.88563,4.192,37.3,29.8,47.6,3000.0,111.0
한강로동,용산구,행정동,37.52989051672816,126.96885790984027,단독다가구,전세,18,보통,해당지역,12060.0,보증금,12003.9,5250.0,19725.0,,,169.849,42.4,31.6,61.6,12060.0,0.0
한강로동,용산구,행정동,37.52989051672816,126.96885790984027,아파트,전세,164,높음,해당지역,150000.0,보증금,139978.7,81875.0,187500.0,5.40305,1.35997,1204.96,114.5,85.0,130.8,150000.0,0.0
한강로동,용산구,행정동,37.52989051672816,126.96885790984027,연립다세대,전세,57,높음,해당지역,21500.0,보증금,21483.9,17000.0,25000.0,8.74438,0.35433,889.123,27.0,17.9,40.3,21500.0,0.0
한강로동,용산구,행정동,37.52989051672816,126.96885790984027,오피스텔,전세,179,높음,해당지역,32400.0,보증금,37895.7,26800.0,44650.0,6.65607,1.0483,904.707,36.6,30.4,43.8,32400.0,0.0
한남동,용산구,행정동,37.53449412763246,127.00617970419277,단독다가구,매매,139,높음,자치구,169000.0,매매가,281672.0,100500.0,375000.0,9.06391,0.66211,1824.374,136.5,45.8,205.1,,
한남동,용산구,행정동,37.53449412763246,127.00617970419277,아파트,매매,92,높음,해당지역,112750.0,매매가,230959.8,87625.0,169125.0,6.14248,1.34009,1920.975,64.0,49.6,84.8,,
한남동,용산구,행정동,37.53449412763246,127.00617970419277,연립다세대,매매,18,보통,해당지역,117500.0,매매가,175161.1,91250.0,188000.0,,,1517.92,76.0,69.6,127.4,,
한남동,용산구,행정동,37.53449412763246,127.00617970419277,오피스텔,매매,205,높음,자치구,42000.0,매매가,61864.8,29100.0,78000.0,5.61559,1.3998,1185.266,34.4,29.6,48.6,,
한남동,용산구,행정동,37.53449412763246,127.00617970419277,단독다가구,월세,66,높음,해당지역,94.0,월환산,142.0,70.7,152.4,1.27882,0.93545,2.698,38.6,25.0,53.4,1500.0,75.0
한남동,용산구,행정동,37.53449412763246,127.00617970419277,아파트,월세,137,높음,해당지역,352.3,월환산,655.5,272.9,805.0,0.64391,1.23687,5.485,66.0,49.7,127.2,10000.0,300.0
한남동,용산구,행정동,37.53449412763246,127.00617970419277,연립다세대,월세,96,높음,해당지역,307.6,월환산,441.2,197.1,645.8,1.27588,1.03758,4.219,76.4,54.8,145.1,3000.0,280.0
한남동,용산구,행정동,37.53449412763246,127.00617970419277,오피스텔,월세,634,높음,자치구,128.4,월환산,146.5,97.5,172.6,2.14864,0.804,4.591,29.5,24.1,38.1,3000.0,100.0
한남동,용산구,행정동,37.53449412763246,127.00617970419277,단독다가구,전세,17,보통,해당지역,17000.0,보증금,24147.1,12000.0,25000.0,,,438.596,51.8,35.0,58.1,17000.0,0.0
한남동,용산구,행정동,37.53449412763246,127.00617970419277,아파트,전세,99,높음,해당지역,76000.0,보증금,172242.9,61975.0,194500.0,5.42509,1.36703,1167.744,66.8,59.5,160.4,76000.0,0.0
한남동,용산구,행정동,37.53449412763246,127.00617970419277,연립다세대,전세,47,높음,해당지역,45000.0,보증금,100940.4,36000.0,130000.0,6.76505,1.02297,940.394,63.6,35.5,111.8,45000.0,0.0
한남동,용산구,행정동,37.53449412763246,127.00617970419277,오피스텔,전세,481,높음,자치구,30900.0,보증금,34692.6,26000.0,40950.0,7.47078,0.8251,937.5,32.8,28.2,40.0,30900.0,0.0
효창동,용산구,행정동,37.54198793753997,126.96171455686151,단독다가구,매매,139,높음,자치구,169000.0,매매가,281672.0,100500.0,375000.0,9.06391,0.66211,1824.374,136.5,45.8,205.1,,
효창동,용산구,행정동,37.54198793753997,126.96171455686151,아파트,매매,39,높음,해당지역,170000.0,매매가,171576.9,144000.0,205000.0,11.73568,0.06517,2522.202,84.4,59.8,84.9,,
효창동,용산구,행정동,37.54198793753997,126.96171455686151,연립다세대,매매,60,높음,해당지역,66500.0,매매가,76722.5,58750.0,90000.0,9.91508,0.34997,1917.137,34.5,28.9,55.6,,
효창동,용산구,행정동,37.54198793753997,126.96171455686151,오피스텔,매매,205,높음,자치구,42000.0,매매가,61864.8,29100.0,78000.0,5.61559,1.3998,1185.266,34.4,29.6,48.6,,
효창동,용산구,행정동,37.54198793753997,126.96171455686151,단독다가구,월세,46,높음,해당지역,83.5,월환산,88.7,69.1,111.4,3.89983,0.14147,1.944,40.0,32.3,58.9,3000.0,65.0
효창동,용산구,행정동,37.54198793753997,126.96171455686151,아파트,월세,96,높음,해당지역,305.8,월환산,275.1,128.2,366.0,0.62119,1.15913,4.906,59.8,56.0,84.4,20000.0,130.0
효창동,용산구,행정동,37.54198793753997,126.96171455686151,연립다세대,월세,73,높음,해당지역,118.3,월환산,106.7,69.6,132.1,3.25595,0.38995,3.59,29.3,24.2,46.8,3000.0,60.0
효창동,용산구,행정동,37.54198793753997,126.96171455686151,오피스텔,월세,634,높음,자치구,128.4,월환산,146.5,97.5,172.6,2.14864,0.804,4.591,29.5,24.1,38.1,3000.0,100.0
효창동,용산구,행정동,37.54198793753997,126.96171455686151,단독다가구,전세,12,보통,해당지역,17000.0,보증금,21700.0,10875.0,31125.0,,,419.655,56.6,22.6,97.6,17000.0,0.0
효창동,용산구,행정동,37.54198793753997,126.96171455686151,아파트,전세,107,높음,해당지역,84000.0,보증금,81887.3,73500.0,92200.0,9.79611,0.34867,1184.133,73.1,59.8,84.9,84000.0,0.0
효창동,용산구,행정동,37.54198793753997,126.96171455686151,연립다세대,전세,230,높음,해당지역,28000.0,보증금,28949.4,24237.5,32375.0,8.71794,0.42837,853.574,29.4,26.1,48.1,28000.0,0.0
효창동,용산구,행정동,37.54198793753997,126.96171455686151,오피스텔,전세,481,높음,자치구,30900.0,보증금,34692.6,26000.0,40950.0,7.47078,0.8251,937.5,32.8,28.2,40.0,30900.0,0.0
후암동,용산구,행정동,37.54943724383777,126.9792603830537,단독다가구,매매,23,보통,해당지역,145000.0,매매가,157204.3,101500.0,182500.0,9.63188,0.48967,1449.525,82.7,51.1,170.4,,
후암동,용산구,행정동,37.54943724383777,126.9792603830537,아파트,매매,14,보통,해당지역,104500.0,매매가,118250.0,99625.0,127750.0,,,1595.276,63.6,62.3,77.5,,
후암동,용산구,행정동,37.54943724383777,126.9792603830537,연립다세대,매매,70,높음,해당지역,80000.0,매매가,84507.1,61625.0,96500.0,9.43827,0.49578,1956.639,43.7,29.3,60.8,,
후암동,용산구,행정동,37.54943724383777,126.9792603830537,오피스텔,매매,205,높음,자치구,42000.0,매매가,61864.8,29100.0,78000.0,5.61559,1.3998,1185.266,34.4,29.6,48.6,,
후암동,용산구,행정동,37.54943724383777,126.9792603830537,단독다가구,월세,167,높음,해당지역,72.6,월환산,82.6,50.7,94.0,2.23844,0.56939,2.054,36.5,24.0,48.6,1000.0,58.0
후암동,용산구,행정동,37.54943724383777,126.9792603830537,아파트,월세,15,보통,해당지역,122.9,월환산,155.1,104.8,174.8,,,1.885,64.9,63.0,72.8,10000.0,84.0
후암동,용산구,행정동,37.54943724383777,126.9792603830537,연립다세대,월세,144,높음,해당지역,123.3,월환산,129.1,94.5,148.4,2.86052,0.50807,2.685,47.7,29.7,65.7,5000.0,78.5
후암동,용산구,행정동,37.54943724383777,126.9792603830537,오피스텔,월세,634,높음,자치구,128.4,월환산,146.5,97.5,172.6,2.14864,0.804,4.591,29.5,24.1,38.1,3000.0,100.0
후암동,용산구,행정동,37.54943724383777,126.9792603830537,단독다가구,전세,76,높음,해당지역,18250.0,보증금,20493.3,13000.0,25625.0,6.73257,0.7995,411.255,48.9,34.9,68.2,18250.0,0.0
후암동,용산구,행정동,37.54943724383777,126.9792603830537,아파트,전세,14,보통,해당지역,33000.0,보증금,45114.3,29625.0,43100.0,,,521.153,63.1,62.4,82.6,33000.0,0.0
후암동,용산구,행정동,37.54943724383777,126.9792603830537,연립다세대,전세,238,높음,해당지역,26200.0,보증금,27443.7,22000.0,31000.0,8.24761,0.52188,654.126,32.5,29.1,57.4,26200.0,0.0
후암동,용산구,행정동,37.54943724383777,126.9792603830537,오피스텔,전세,481,높음,자치구,30900.0,보증금,34692.6,26000.0,40950.0,7.47078,0.8251,937.5,32.8,28.2,40.0,30900.0,0.0
갈현1동,은평구,행정동,37.624462021407446,126.91684634994431,단독다가구,매매,44,높음,자치구,94378.5,매매가,112719.5,73500.0,124700.0,8.67794,0.55148,525.656,168.8,112.6,230.5,,
갈현1동,은평구,행정동,37.624462021407446,126.91684634994431,아파트,매매,43,높음,해당지역,60500.0,매매가,60408.1,53700.0,68800.0,8.54663,0.5882,889.451,59.2,47.7,84.9,,
갈현1동,은평구,행정동,37.624462021407446,126.91684634994431,연립다세대,매매,100,높음,해당지역,26250.0,매매가,28065.2,22375.0,33237.5,8.83659,0.36044,664.852,43.0,30.0,52.2,,
갈현1동,은평구,행정동,37.624462021407446,126.91684634994431,오피스텔,매매,184,높음,자치구,14450.0,매매가,20107.3,12300.0,26550.0,6.5783,0.9568,589.491,26.0,21.9,31.2,,
갈현1동,은평구,행정동,37.624462021407446,126.91684634994431,단독다가구,월세,279,높음,법정동,59.5,월환산,64.6,48.4,77.2,3.444,0.17632,1.614,39.8,23.0,55.4,2000.0,50.0
갈현1동,은평구,행정동,37.624462021407446,126.91684634994431,아파트,월세,25,보통,해당지역,64.0,월환산,93.0,59.6,77.0,2.47308,0.59477,3.553,16.8,16.8,17.1,10000.0,50.0
갈현1동,은평구,행정동,37.624462021407446,126.91684634994431,연립다세대,월세,112,높음,해당지역,87.0,월환산,85.1,69.2,99.6,3.42426,0.26993,2.324,36.9,29.0,48.7,7800.0,40.0
갈현1동,은평구,행정동,37.624462021407446,126.91684634994431,오피스텔,월세,1452,높음,자치구,67.3,월환산,70.9,62.6,72.6,3.04306,0.37627,2.944,22.7,19.1,26.2,1000.0,60.0
갈현1동,은평구,행정동,37.624462021407446,126.91684634994431,단독다가구,전세,65,높음,법정동,10500.0,보증금,13080.8,8000.0,15000.0,7.76287,0.40198,262.5,40.0,31.4,66.2,10500.0,0.0
갈현1동,은평구,행정동,37.624462021407446,126.91684634994431,아파트,전세,21,보통,해당지역,24100.0,보증금,26695.2,20750.0,30000.0,7.75594,0.62923,567.089,59.2,25.1,60.0,24100.0,0.0
갈현1동,은평구,행정동,37.624462021407446,126.91684634994431,연립다세대,전세,70,높음,해당지역,18000.0,보증금,17206.1,13000.0,20957.5,7.58057,0.56101,366.386,43.3,29.9,58.3,18000.0,0.0
갈현1동,은평구,행정동,37.624462021407446,126.91684634994431,오피스텔,전세,353,높음,자치구,18690.0,보증금,20819.3,14438.0,24000.0,7.82107,0.60555,658.117,24.9,18.8,44.9,18690.0,0.0
갈현2동,은평구,행정동,37.61681099235501,126.91461092685243,단독다가구,매매,44,높음,자치구,94378.5,매매가,112719.5,73500.0,124700.0,8.67794,0.55148,525.656,168.8,112.6,230.5,,
갈현2동,은평구,행정동,37.61681099235501,126.91461092685243,아파트,매매,27,보통,해당지역,56000.0,매매가,56714.8,45750.0,62700.0,8.37866,0.5878,725.726,79.1,59.6,85.0,,
갈현2동,은평구,행정동,37.61681099235501,126.91461092685243,연립다세대,매매,212,높음,해당지역,26000.0,매매가,26167.1,19500.0,32275.0,7.42161,0.7012,532.175,45.2,36.0,59.7,,
갈현2동,은평구,행정동,37.61681099235501,126.91461092685243,오피스텔,매매,184,높음,자치구,14450.0,매매가,20107.3,12300.0,26550.0,6.5783,0.9568,589.491,26.0,21.9,31.2,,
갈현2동,은평구,행정동,37.61681099235501,126.91461092685243,단독다가구,월세,279,높음,법정동,59.5,월환산,64.6,48.4,77.2,3.444,0.17632,1.614,39.8,23.0,55.4,2000.0,50.0
갈현2동,은평구,행정동,37.61681099235501,126.91461092685243,아파트,월세,88,높음,해당지역,71.9,월환산,91.3,70.9,78.4,2.38604,0.64195,3.949,19.2,17.9,19.9,7800.0,39.0
갈현2동,은평구,행정동,37.61681099235501,126.91461092685243,연립다세대,월세,220,높음,해당지역,88.1,월환산,88.5,68.5,110.0,3.39299,0.2786,2.118,37.3,29.7,50.2,6000.0,40.0
갈현2동,은평구,행정동,37.61681099235501,126.91461092685243,오피스텔,월세,1452,높음,자치구,67.3,월환산,70.9,62.6,72.6,3.04306,0.37627,2.944,22.7,19.1,26.2,1000.0,60.0
갈현2동,은평구,행정동,37.61681099235501,126.91461092685243,단독다가구,전세,65,높음,법정동,10500.0,보증금,13080.8,8000.0,15000.0,7.76287,0.40198,262.5,40.0,31.4,66.2,10500.0,0.0
갈현2동,은평구,행정동,37.61681099235501,126.91461092685243,아파트,전세,43,높음,해당지역,46000.0,보증금,45163.4,41000.0,54200.0,9.67421,0.24587,801.776,56.7,56.7,59.6,46000.0,0.0
갈현2동,은평구,행정동,37.61681099235501,126.91461092685243,연립다세대,전세,117,높음,해당지역,19500.0,보증금,19532.1,15000.0,23600.0,8.01887,0.4767,445.493,42.6,29.9,56.1,19500.0,0.0
갈현2동,은평구,행정동,37.61681099235501,126.91461092685243,오피스텔,전세,353,높음,자치구,18690.0,보증금,20819.3,14438.0,24000.0,7.82107,0.60555,658.117,24.9,18.8,44.9,18690.0,0.0
구산동,은평구,행정동,37.61058742528303,126.91056461593098,단독다가구,매매,44,높음,자치구,94378.5,매매가,112719.5,73500.0,124700.0,8.67794,0.55148,525.656,168.8,112.6,230.5,,
구산동,은평구,행정동,37.61058742528303,126.91056461593098,아파트,매매,70,높음,해당지역,59450.0,매매가,57653.6,47725.0,65000.0,8.65506,0.52072,728.85,84.7,84.1,85.0,,
구산동,은평구,행정동,37.61058742528303,126.91056461593098,연립다세대,매매,173,높음,해당지역,22500.0,매매가,23351.4,17500.0,29500.0,7.84806,0.56203,495.805,45.1,30.7,57.5,,
구산동,은평구,행정동,37.61058742528303,126.91056461593098,오피스텔,매매,184,높음,자치구,14450.0,매매가,20107.3,12300.0,26550.0,6.5783,0.9568,589.491,26.0,21.9,31.2,,
구산동,은평구,행정동,37.61058742528303,126.91056461593098,단독다가구,월세,84,높음,해당지역,62.8,월환산,70.5,49.3,82.7,2.5323,0.43716,1.507,39.5,30.8,50.3,2000.0,50.0
구산동,은평구,행정동,37.61058742528303,126.91056461593098,아파트,월세,103,높음,해당지역,63.3,월환산,84.6,63.3,104.7,1.50333,0.78696,3.055,29.6,17.6,34.0,5300.0,39.0
구산동,은평구,행정동,37.61058742528303,126.91056461593098,연립다세대,월세,168,높음,해당지역,71.6,월환산,74.7,47.4,98.9,2.05202,0.59785,1.809,35.5,28.7,48.1,3000.0,39.5
구산동,은평구,행정동,37.61058742528303,126.91056461593098,오피스텔,월세,1452,높음,자치구,67.3,월환산,70.9,62.6,72.6,3.04306,0.37627,2.944,22.7,19.1,26.2,1000.0,60.0
구산동,은평구,행정동,37.61058742528303,126.91056461593098,단독다가구,전세,19,보통,해당지역,13000.0,보증금,13178.9,8500.0,17500.0,,,302.245,48.0,35.0,64.5,13000.0,0.0
구산동,은평구,행정동,37.61058742528303,126.91056461593098,아파트,전세,30,높음,해당지역,42000.0,보증금,40635.0,35625.0,45000.0,9.32582,0.28956,510.686,84.7,84.6,85.0,42000.0,0.0
구산동,은평구,행정동,37.61058742528303,126.91056461593098,연립다세대,전세,64,높음,해당지역,19500.0,보증금,18994.7,14770.0,23125.0,7.928,0.48022,371.038,50.3,38.0,59.8,19500.0,0.0
구산동,은평구,행정동,37.61058742528303,126.91056461593098,오피스텔,전세,353,높음,자치구,18690.0,보증금,20819.3,14438.0,24000.0,7.82107,0.60555,658.117,24.9,18.8,44.9,18690.0,0.0
녹번동,은평구,행정동,37.60450474513858,126.93119934487096,단독다가구,매매,44,높음,자치구,94378.5,매매가,112719.5,73500.0,124700.0,8.67794,0.55148,525.656,168.8,112.6,230.5,,
녹번동,은평구,행정동,37.60450474513858,126.93119934487096,아파트,매매,182,높음,해당지역,113750.0,매매가,101989.6,76625.0,125000.0,9.08374,0.55756,1358.983,84.9,60.0,85.0,,
녹번동,은평구,행정동,37.60450474513858,126.93119934487096,연립다세대,매매,165,높음,해당지역,33000.0,매매가,34095.2,27000.0,40000.0,9.22518,0.30939,776.336,41.6,30.3,53.8,,
녹번동,은평구,행정동,37.60450474513858,126.93119934487096,오피스텔,매매,184,높음,자치구,14450.0,매매가,20107.3,12300.0,26550.0,6.5783,0.9568,589.491,26.0,21.9,31.2,,
녹번동,은평구,행정동,37.60450474513858,126.93119934487096,단독다가구,월세,201,높음,해당지역,58.8,월환산,61.8,46.6,74.2,2.62575,0.39551,1.528,38.8,30.0,48.1,1000.0,50.0
녹번동,은평구,행정동,37.60450474513858,126.93119934487096,아파트,월세,117,높음,해당지역,187.7,월환산,196.2,116.0,272.1,0.24466,1.20338,3.196,59.9,42.3,84.9,17760.0,64.0
녹번동,은평구,행정동,37.60450474513858,126.93119934487096,연립다세대,월세,237,높음,해당지역,89.2,월환산,89.5,64.6,109.2,3.15455,0.35238,2.155,36.7,29.4,51.6,4000.0,50.0
녹번동,은평구,행정동,37.60450474513858,126.93119934487096,오피스텔,월세,115,높음,해당지역,62.6,월환산,65.5,62.4,68.8,4.14488,0.00704,3.051,20.5,20.5,27.6,1000.0,58.0
녹번동,은평구,행정동,37.60450474513858,126.93119934487096,단독다가구,전세,40,높음,해당지역,14750.0,보증금,15002.1,8000.0,20000.0,5.54926,0.9955,247.666,49.3,33.8,65.9,14750.0,0.0
녹번동,은평구,행정동,37.60450474513858,126.93119934487096,아파트,전세,175,높음,해당지역,61000.0,보증금,58528.9,48307.5,68650.0,8.28039,0.61685,802.835,84.9,59.9,85.0,61000.0,0.0
녹번동,은평구,행정동,37.60450474513858,126.93119934487096,연립다세대,전세,220,높음,해당지역,21000.0,보증금,20716.5,16000.0,24025.0,8.42546,0.3945,500.157,39.6,29.6,51.1,21000.0,0.0
녹번동,은평구,행정동,37.60450474513858,126.93119934487096,오피스텔,전세,29,보통,해당지역,20000.0,보증금,21644.8,17300.0,23300.0,8.28984,0.49266,811.359,22.7,18.7,44.9,20000.0,0.0
대조동,은평구,행정동,37.613132061503144,126.92402319057042,단독다가구,매매,44,높음,자치구,94378.5,매매가,112719.5,73500.0,124700.0,8.67794,0.55148,525.656,168.8,112.6,230.5,,
대조동,은평구,행정동,37.613132061503144,126.92402319057042,아파트,매매,115,높음,해당지역,26000.0,매매가,31186.6,12500.0,49000.0,6.70458,1.0433,978.97,24.4,14.9,48.8,,
대조동,은평구,행정동,37.613132061503144,126.92402319057042,연립다세대,매매,180,높음,해당지역,32000.0,매매가,32871.4,25500.0,39000.0,8.87646,0.39364,756.907,43.0,34.0,52.5,,
대조동,은평구,행정동,37.613132061503144,126.92402319057042,오피스텔,매매,184,높음,자치구,14450.0,매매가,20107.3,12300.0,26550.0,6.5783,0.9568,589.491,26.0,21.9,31.2,,
대조동,은평구,행정동,37.613132061503144,126.92402319057042,단독다가구,월세,219,높음,해당지역,54.6,월환산,60.4,42.3,69.6,2.24889,0.50127,1.597,36.2,29.5,46.0,1000.0,45.0
대조동,은평구,행정동,37.613132061503144,126.92402319057042,아파트,월세,378,높음,해당지역,73.2,월환산,75.5,58.3,83.4,3.36951,0.28167,3.277,22.0,14.7,36.2,8050.0,29.0
대조동,은평구,행정동,37.613132061503144,126.92402319057042,연립다세대,월세,208,높음,해당지역,90.4,월환산,88.4,64.5,108.9,2.63682,0.5027,2.516,37.7,29.1,47.7,9650.0,34.0
대조동,은평구,행정동,37.613132061503144,126.92402319057042,오피스텔,월세,169,높음,해당지역,69.6,월환산,72.1,63.4,77.2,3.80259,0.14734,3.768,17.4,17.1,21.8,1000.0,57.0
대조동,은평구,행정동,37.613132061503144,126.92402319057042,단독다가구,전세,31,높음,해당지역,12000.0,보증금,12161.3,9000.0,13250.0,3.95386,1.36239,256.59,45.0,38.5,60.5,12000.0,0.0
대조동,은평구,행정동,37.613132061503144,126.92402319057042,아파트,전세,79,높음,해당지역,15000.0,보증금,20767.5,9650.0,30100.0,7.13769,0.83281,690.236,16.6,14.0,40.8,15000.0,0.0
대조동,은평구,행정동,37.613132061503144,126.92402319057042,연립다세대,전세,170,높음,해당지역,20850.0,보증금,19786.1,16150.0,24112.5,8.01031,0.48516,426.345,42.9,30.0,54.0,20850.0,0.0
대조동,은평구,행정동,37.613132061503144,126.92402319057042,오피스텔,전세,58,높음,해당지역,14700.0,보증금,16125.7,13625.0,19750.0,9.47491,0.0566,802.217,17.1,17.1,25.5,14700.0,0.0
불광1동,은평구,행정동,37.61630479968877,126.92915844838939,단독다가구,매매,44,높음,자치구,94378.5,매매가,112719.5,73500.0,124700.0,8.67794,0.55148,525.656,168.8,112.6,230.5,,
불광1동,은평구,행정동,37.61630479968877,126.92915844838939,아파트,매매,270,높음,해당지역,94000.0,매매가,93670.4,84500.0,104000.0,9.00542,0.56122,1229.45,84.4,60.0,85.0,,
불광1동,은평구,행정동,37.61630479968877,126.92915844838939,연립다세대,매매,134,높음,해당지역,43000.0,매매가,43082.1,34250.0,51650.0,8.89261,0.44898,887.321,45.7,36.3,56.8,,
불광1동,은평구,행정동,37.61630479968877,126.92915844838939,오피스텔,매매,11,보통,해당지역,28000.0,매매가,27809.1,22850.0,35500.0,,,685.064,33.6,28.1,51.8,,
불광1동,은평구,행정동,37.61630479968877,126.92915844838939,단독다가구,월세,381,높음,법정동,54.6,월환산,58.2,43.2,69.4,2.88298,0.31064,1.478,38.1,30.0,47.5,1000.0,45.0
불광1동,은평구,행정동,37.61630479968877,126.92915844838939,아파트,월세,266,높음,해당지역,97.4,월환산,117.7,66.1,169.2,2.00128,0.74939,3.196,35.6,17.1,60.0,7382.0,47.0
불광1동,은평구,행정동,37.61630479968877,126.92915844838939,연립다세대,월세,156,높음,해당지역,76.7,월환산,75.6,48.5,97.2,3.00835,0.35121,2.3,32.1,26.1,44.0,3000.0,41.0
불광1동,은평구,행정동,37.61630479968877,126.92915844838939,오피스텔,월세,36,높음,해당지역,89.8,월환산,87.2,69.5,100.1,3.80268,0.18865,2.967,27.3,21.6,37.4,3000.0,52.0
불광1동,은평구,행정동,37.61630479968877,126.92915844838939,단독다가구,전세,97,높음,법정동,12000.0,보증금,12516.7,8000.0,16000.0,7.12006,0.57188,251.467,44.2,35.3,63.3,12000.0,0.0
불광1동,은평구,행정동,37.61630479968877,126.92915844838939,아파트,전세,210,높음,해당지역,50000.0,보증금,48884.1,40000.0,57750.0,8.95843,0.41613,648.534,84.6,60.0,85.0,50000.0,0.0
불광1동,은평구,행정동,37.61630479968877,126.92915844838939,연립다세대,전세,165,높음,해당지역,19500.0,보증금,19163.3,14000.0,24000.0,8.1842,0.42702,415.692,43.1,29.9,54.0,19500.0,0.0
불광1동,은평구,행정동,37.61630479968877,126.92915844838939,오피스텔,전세,27,보통,해당지역,21000.0,보증금,21850.7,17500.0,26700.0,7.39466,0.71852,619.452,36.5,28.2,48.5,21000.0,0.0
불광2동,은평구,행정동,37.623623790136286,126.92486576810605,단독다가구,매매,44,높음,자치구,94378.5,매매가,112719.5,73500.0,124700.0,8.67794,0.55148,525.656,168.8,112.6,230.5,,
불광2동,은평구,행정동,37.623623790136286,126.92486576810605,아파트,매매,27,보통,해당지역,60000.0,매매가,57540.7,35900.0,70000.0,8.45207,0.61715,1005.193,59.8,36.0,84.7,,
불광2동,은평구,행정동,37.623623790136286,126.92486576810605,연립다세대,매매,178,높음,해당지역,28250.0,매매가,29694.7,23000.0,35000.0,8.68618,0.42182,686.709,40.8,29.9,50.0,,
불광2동,은평구,행정동,37.623623790136286,126.92486576810605,오피스텔,매매,14,보통,법정동,27600.0,매매가,27178.6,23200.0,33875.0,,,711.232,32.5,29.2,50.5,,
불광2동,은평구,행정동,37.623623790136286,126.92486576810605,단독다가구,월세,381,높음,법정동,54.6,월환산,58.2,43.2,69.4,2.88298,0.31064,1.478,38.1,30.0,47.5,1000.0,45.0
불광2동,은평구,행정동,37.623623790136286,126.92486576810605,아파트,월세,19,보통,해당지역,106.7,월환산,116.1,93.2,133.9,,,4.092,24.2,21.3,44.3,10650.0,42.0
불광2동,은평구,행정동,37.623623790136286,126.92486576810605,연립다세대,월세,171,높음,해당지역,78.6,월환산,80.0,65.0,97.2,3.26497,0.28985,2.012,37.6,29.6,47.7,7000.0,31.0
불광2동,은평구,행정동,37.623623790136286,126.92486576810605,오피스텔,월세,40,높음,법정동,88.3,월환산,83.8,60.4,96.7,3.23018,0.35298,3.207,23.8,20.6,32.7,3000.0,51.0
불광2동,은평구,행정동,37.623623790136286,126.92486576810605,단독다가구,전세,97,높음,법정동,12000.0,보증금,12516.7,8000.0,16000.0,7.12006,0.57188,251.467,44.2,35.3,63.3,12000.0,0.0
불광2동,은평구,행정동,37.623623790136286,126.92486576810605,아파트,전세,18,보통,해당지역,34550.0,보증금,32444.4,25950.0,39000.0,,,593.663,59.8,33.2,76.7,34550.0,0.0
불광2동,은평구,행정동,37.623623790136286,126.92486576810605,연립다세대,전세,211,높음,해당지역,19000.0,보증금,19325.3,14995.0,24000.0,8.171,0.43847,442.708,41.3,30.9,51.8,19000.0,0.0
불광2동,은평구,행정동,37.623623790136286,126.92486576810605,오피스텔,전세,34,높음,법정동,19950.0,보증금,21010.9,18050.0,25817.5,7.90881,0.58445,654.291,29.4,20.1,42.0,19950.0,0.0
수색동,은평구,행정동,37.58443044877579,126.89538771610907,단독다가구,매매,44,높음,자치구,94378.5,매매가,112719.5,73500.0,124700.0,8.67794,0.55148,525.656,168.8,112.6,230.5,,
수색동,은평구,행정동,37.58443044877579,126.89538771610907,아파트,매매,240,높음,해당지역,115500.0,매매가,109896.9,84650.0,130000.0,9.85666,0.40177,1590.597,74.9,60.0,85.0,,
수색동,은평구,행정동,37.58443044877579,126.89538771610907,연립다세대,매매,1883,높음,자치구,28500.0,매매가,30210.1,22000.0,36000.0,8.38419,0.48925,650.503,44.0,33.6,55.9,,
수색동,은평구,행정동,37.58443044877579,126.89538771610907,오피스텔,매매,184,높음,자치구,14450.0,매매가,20107.3,12300.0,26550.0,6.5783,0.9568,589.491,26.0,21.9,31.2,,
수색동,은평구,행정동,37.58443044877579,126.89538771610907,단독다가구,월세,19,보통,해당지역,74.6,월환산,79.8,63.8,89.2,,,1.516,47.0,32.4,101.8,1000.0,65.0
수색동,은평구,행정동,37.58443044877579,126.89538771610907,아파트,월세,208,높음,해당지역,225.8,월환산,198.6,49.9,297.5,-3.81434,2.13709,3.203,60.0,49.5,84.9,10000.0,110.0
수색동,은평구,행정동,37.58443044877579,126.89538771610907,연립다세대,월세,22,보통,해당지역,73.3,월환산,81.4,53.1,111.7,2.21887,0.63037,2.958,29.9,19.3,37.8,3500.0,51.0
수색동,은평구,행정동,37.58443044877579,126.89538771610907,오피스텔,월세,1452,높음,자치구,67.3,월환산,70.9,62.6,72.6,3.04306,0.37627,2.944,22.7,19.1,26.2,1000.0,60.0
수색동,은평구,행정동,37.58443044877579,126.89538771610907,단독다가구,전세,459,높음,자치구,12000.0,보증금,13000.7,8000.0,16000.0,6.75943,0.66495,252.525,43.5,34.0,61.9,12000.0,0.0
수색동,은평구,행정동,37.58443044877579,126.89538771610907,아파트,전세,245,높음,해당지역,65000.0,보증금,63067.2,50000.0,73500.0,8.65384,0.55155,868.779,78.3,60.0,85.0,65000.0,0.0
수색동,은평구,행정동,37.58443044877579,126.89538771610907,연립다세대,전세,34,높음,해당지역,21000.0,보증금,19790.9,15500.0,23000.0,8.03734,0.51835,620.717,28.5,25.2,38.5,21000.0,0.0
수색동,은평구,행정동,37.58443044877579,126.89538771610907,오피스텔,전세,353,높음,자치구,18690.0,보증금,20819.3,14438.0,24000.0,7.82107,0.60555,658.117,24.9,18.8,44.9,18690.0,0.0
신사1동,은평구,행정동,37.598373706564715,126.91023364687977,단독다가구,매매,44,높음,자치구,94378.5,매매가,112719.5,73500.0,124700.0,8.67794,0.55148,525.656,168.8,112.6,230.5,,
신사1동,은평구,행정동,37.598373706564715,126.91023364687977,아파트,매매,104,높음,해당지역,63200.0,매매가,63171.6,50000.0,76500.0,8.80818,0.51231,792.842,83.0,60.0,84.8,,
신사1동,은평구,행정동,37.598373706564715,126.91023364687977,연립다세대,매매,121,높음,해당지역,24400.0,매매가,25876.0,19900.0,30500.0,8.22444,0.4953,534.135,45.7,36.9,57.9,,
신사1동,은평구,행정동,37.598373706564715,126.91023364687977,오피스텔,매매,184,높음,자치구,14450.0,매매가,20107.3,12300.0,26550.0,6.5783,0.9568,589.491,26.0,21.9,31.2,,
신사1동,은평구,행정동,37.598373706564715,126.91023364687977,단독다가구,월세,212,높음,법정동,53.8,월환산,56.0,42.3,64.6,2.93314,0.29568,1.648,33.4,20.0,43.9,1000.0,45.0
신사1동,은평구,행정동,37.598373706564715,126.91023364687977,아파트,월세,50,높음,해당지역,183.1,월환산,179.2,148.2,220.1,6.80162,-0.39751,2.395,71.5,50.0,83.8,10000.0,110.0
신사1동,은평구,행정동,37.598373706564715,126.91023364687977,연립다세대,월세,147,높음,해당지역,84.6,월환산,86.7,60.5,105.9,2.40663,0.52961,1.913,43.5,29.9,55.1,5000.0,35.0
신사1동,은평구,행정동,37.598373706564715,126.91023364687977,오피스텔,월세,41,높음,해당지역,78.3,월환산,84.9,66.2,83.8,2.46984,0.60432,3.369,20.3,18.6,25.9,3000.0,60.0
신사1동,은평구,행정동,37.598373706564715,126.91023364687977,단독다가구,전세,41,높음,법정동,10000.0,보증금,11825.9,7000.0,15000.0,5.75988,0.91849,241.896,44.0,38.5,55.4,10000.0,0.0
신사1동,은평구,행정동,37.598373706564715,126.91023364687977,아파트,전세,119,높음,해당지역,42000.0,보증금,41863.1,35000.0,49000.0,9.36204,0.30274,609.045,59.9,50.0,84.6,42000.0,0.0
신사1동,은평구,행정동,37.598373706564715,126.91023364687977,연립다세대,전세,82,높음,해당지역,18850.0,보증금,18515.9,14250.0,22140.0,9.3028,0.11984,359.078,50.0,36.4,58.7,18850.0,0.0
신사1동,은평구,행정동,37.598373706564715,126.91023364687977,오피스텔,전세,22,보통,해당지역,19445.0,보증금,26755.2,13875.0,33800.0,6.67502,0.89833,492.009,36.4,29.0,70.6,19445.0,0.0
신사2동,은평구,행정동,37.59254161652368,126.90788237907367,단독다가구,매매,44,높음,자치구,94378.5,매매가,112719.5,73500.0,124700.0,8.67794,0.55148,525.656,168.8,112.6,230.5,,
신사2동,은평구,행정동,37.59254161652368,126.90788237907367,아파트,매매,83,높음,해당지역,59300.0,매매가,58181.9,54000.0,62650.0,9.74295,0.28291,753.573,83.3,63.5,84.2,,
신사2동,은평구,행정동,37.59254161652368,126.90788237907367,연립다세대,매매,79,높음,해당지역,29500.0,매매가,28625.3,20250.0,36450.0,8.31943,0.48873,625.823,48.6,34.9,58.3,,
신사2동,은평구,행정동,37.59254161652368,126.90788237907367,오피스텔,매매,184,높음,자치구,14450.0,매매가,20107.3,12300.0,26550.0,6.5783,0.9568,589.491,26.0,21.9,31.2,,
신사2동,은평구,행정동,37.59254161652368,126.90788237907367,단독다가구,월세,212,높음,법정동,53.8,월환산,56.0,42.3,64.6,2.93314,0.29568,1.648,33.4,20.0,43.9,1000.0,45.0
신사2동,은평구,행정동,37.59254161652368,126.90788237907367,아파트,월세,40,높음,해당지역,157.5,월환산,188.4,131.7,277.3,0.02164,1.20209,2.283,71.8,63.5,85.0,16500.0,110.0
신사2동,은평구,행정동,37.59254161652368,126.90788237907367,연립다세대,월세,92,높음,해당지역,85.5,월환산,88.1,67.2,111.8,3.82474,0.1599,2.201,35.6,29.3,51.2,2864.0,50.0
신사2동,은평구,행정동,37.59254161652368,126.90788237907367,오피스텔,월세,14,보통,해당지역,94.4,월환산,91.6,89.7,94.6,,,5.089,17.7,17.2,33.2,1250.0,90.0
신사2동,은평구,행정동,37.59254161652368,126.90788237907367,단독다가구,전세,41,높음,법정동,10000.0,보증금,11825.9,7000.0,15000.0,5.75988,0.91849,241.896,44.0,38.5,55.4,10000.0,0.0
신사2동,은평구,행정동,37.59254161652368,126.90788237907367,아파트,전세,99,높음,해당지역,36750.0,보증금,40688.7,31000.0,50000.0,8.24184,0.54018,503.699,83.3,63.5,84.9,36750.0,0.0
신사2동,은평구,행정동,37.59254161652368,126.90788237907367,연립다세대,전세,62,높음,해당지역,17675.0,보증금,18139.0,11250.0,23750.0,7.76806,0.51578,382.997,40.8,36.1,55.0,17675.0,0.0
신사2동,은평구,행정동,37.59254161652368,126.90788237907367,오피스텔,전세,25,보통,법정동,17900.0,보증금,25492.6,15000.0,33500.0,6.64354,0.9051,510.031,33.2,29.4,70.6,17900.0,0.0
역촌동,은평구,행정동,37.604529845980124,126.9161445851277,단독다가구,매매,44,높음,자치구,94378.5,매매가,112719.5,73500.0,124700.0,8.67794,0.55148,525.656,168.8,112.6,230.5,,
역촌동,은평구,행정동,37.604529845980124,126.9161445851277,아파트,매매,46,높음,해당지역,59250.0,매매가,59811.3,49000.0,76925.0,6.31616,1.05831,801.132,83.8,62.1,84.9,,
역촌동,은평구,행정동,37.604529845980124,126.9161445851277,연립다세대,매매,282,높음,해당지역,26325.0,매매가,26858.2,20000.0,33000.0,8.27156,0.49275,588.353,44.5,34.5,54.1,,
역촌동,은평구,행정동,37.604529845980124,126.9161445851277,오피스텔,매매,12,보통,해당지역,21500.0,매매가,20047.5,13492.5,25750.0,,,397.79,46.2,38.8,59.4,,
역촌동,은평구,행정동,37.604529845980124,126.9161445851277,단독다가구,월세,272,높음,해당지역,54.6,월환산,61.0,45.1,73.0,2.50511,0.43624,1.636,36.9,26.2,42.3,1000.0,50.0
역촌동,은평구,행정동,37.604529845980124,126.9161445851277,아파트,월세,25,보통,해당지역,152.9,월환산,149.3,103.3,190.4,-0.10698,1.20303,2.033,60.0,52.3,83.2,11000.0,61.0
역촌동,은평구,행정동,37.604529845980124,126.9161445851277,연립다세대,월세,305,높음,해당지역,86.6,월환산,86.7,67.9,105.8,2.40759,0.5353,1.932,41.4,29.9,55.3,5000.0,40.0
역촌동,은평구,행정동,37.604529845980124,126.9161445851277,오피스텔,월세,25,보통,해당지역,69.6,월환산,73.7,64.6,82.1,2.87691,0.42559,2.782,23.5,16.5,34.0,1000.0,60.0
역촌동,은평구,행정동,37.604529845980124,126.9161445851277,단독다가구,전세,48,높음,해당지역,12500.0,보증금,12888.5,7950.0,16000.0,6.79629,0.69616,301.515,40.0,26.9,60.9,12500.0,0.0
역촌동,은평구,행정동,37.604529845980124,126.9161445851277,아파트,전세,42,높음,해당지역,44500.0,보증금,45598.8,41000.0,51087.5,9.56762,0.26685,623.742,82.4,57.4,85.0,44500.0,0.0
역촌동,은평구,행정동,37.604529845980124,126.9161445851277,연립다세대,전세,163,높음,해당지역,19600.0,보증금,19670.4,16000.0,23450.0,8.99397,0.22435,415.617,44.6,29.9,57.8,19600.0,0.0
역촌동,은평구,행정동,37.604529845980124,126.9161445851277,오피스텔,전세,39,높음,해당지역,21000.0,보증금,21164.6,19750.0,23500.0,8.86334,0.31496,784.379,29.0,20.8,44.1,21000.0,0.0
응암1동,은평구,행정동,37.599272847320016,126.92591430174562,단독다가구,매매,44,높음,자치구,94378.5,매매가,112719.5,73500.0,124700.0,8.67794,0.55148,525.656,168.8,112.6,230.5,,
응암1동,은평구,행정동,37.599272847320016,126.92591430174562,아파트,매매,187,높음,해당지역,95000.0,매매가,96834.2,58200.0,132000.0,7.11158,1.02046,1350.225,60.0,59.7,84.9,,
응암1동,은평구,행정동,37.599272847320016,126.92591430174562,연립다세대,매매,82,높음,해당지역,29600.0,매매가,28241.5,22100.0,34725.0,7.43519,0.72104,583.681,45.7,36.0,57.9,,
응암1동,은평구,행정동,37.599272847320016,126.92591430174562,오피스텔,매매,17,보통,해당지역,13100.0,매매가,18614.7,12300.0,18500.0,,,499.195,27.4,24.8,41.1,,
응암1동,은평구,행정동,37.599272847320016,126.92591430174562,단독다가구,월세,427,높음,법정동,54.6,월환산,59.5,42.3,69.6,2.78718,0.34903,1.61,35.0,27.1,45.0,1000.0,47.0
응암1동,은평구,행정동,37.599272847320016,126.92591430174562,아파트,월세,196,높음,해당지역,211.0,월환산,192.7,107.4,265.8,1.645,0.90289,3.911,59.9,40.0,60.0,13088.0,94.0
응암1동,은평구,행정동,37.599272847320016,126.92591430174562,연립다세대,월세,119,높음,해당지역,88.3,월환산,88.8,57.0,112.5,2.89799,0.43055,2.659,36.0,26.4,47.3,5500.0,40.0
응암1동,은평구,행정동,37.599272847320016,126.92591430174562,오피스텔,월세,223,높음,해당지역,64.6,월환산,70.7,59.5,70.5,2.38595,0.56147,2.6,23.9,20.1,31.3,1000.0,55.0
응암1동,은평구,행정동,37.599272847320016,126.92591430174562,단독다가구,전세,100,높음,법정동,10995.0,보증금,12224.2,8000.0,15000.0,6.69362,0.66108,241.394,42.4,35.3,60.1,10995.0,0.0
응암1동,은평구,행정동,37.599272847320016,126.92591430174562,아파트,전세,283,높음,해당지역,60900.0,보증금,60156.9,51000.0,68600.0,8.66416,0.54996,941.398,60.0,60.0,84.9,60900.0,0.0
응암1동,은평구,행정동,37.599272847320016,126.92591430174562,연립다세대,전세,67,높음,해당지역,20500.0,보증금,20032.0,16750.0,24000.0,9.54235,0.07466,427.35,41.4,30.8,55.4,20500.0,0.0
응암1동,은평구,행정동,37.599272847320016,126.92591430174562,오피스텔,전세,65,높음,해당지역,18200.0,보증금,21314.2,17800.0,23000.0,8.02967,0.56547,930.356,18.8,18.8,39.6,18200.0,0.0
응암2동,은평구,행정동,37.59279954509625,126.92228544054439,단독다가구,매매,44,높음,자치구,94378.5,매매가,112719.5,73500.0,124700.0,8.67794,0.55148,525.656,168.8,112.6,230.5,,
응암2동,은평구,행정동,37.59279954509625,126.92228544054439,아파트,매매,317,높음,해당지역,90500.0,매매가,91586.0,83500.0,100000.0,9.81668,0.37169,1288.213,84.3,59.9,84.9,,
응암2동,은평구,행정동,37.59279954509625,126.92228544054439,연립다세대,매매,32,높음,해당지역,22200.0,매매가,23475.0,17750.0,27775.0,8.43934,0.4253,579.147,41.1,29.8,49.4,,
응암2동,은평구,행정동,37.59279954509625,126.92228544054439,오피스텔,매매,55,높음,법정동,24908.0,매매가,24161.4,18800.0,27690.0,7.41449,0.75237,877.159,28.0,26.0,30.5,,
응암2동,은평구,행정동,37.59279954509625,126.92228544054439,단독다가구,월세,427,높음,법정동,54.6,월환산,59.5,42.3,69.6,2.78718,0.34903,1.61,35.0,27.1,45.0,1000.0,47.0
응암2동,은평구,행정동,37.59279954509625,126.92228544054439,아파트,월세,202,높음,해당지역,211.5,월환산,187.4,99.3,246.1,-1.0298,1.49395,2.936,59.9,43.1,84.4,15000.0,80.0
응암2동,은평구,행정동,37.59279954509625,126.92228544054439,연립다세대,월세,51,높음,해당지역,93.8,월환산,90.7,71.1,107.1,4.71969,-0.07937,2.847,33.2,29.0,42.6,5000.0,50.0
응암2동,은평구,행정동,37.59279954509625,126.92228544054439,오피스텔,월세,321,높음,법정동,64.6,월환산,73.2,58.8,86.4,2.45969,0.54179,2.586,24.5,19.9,34.5,2000.0,55.0
응암2동,은평구,행정동,37.59279954509625,126.92228544054439,단독다가구,전세,100,높음,법정동,10995.0,보증금,12224.2,8000.0,15000.0,6.69362,0.66108,241.394,42.4,35.3,60.1,10995.0,0.0
응암2동,은평구,행정동,37.59279954509625,126.92228544054439,아파트,전세,306,높음,해당지역,54250.0,보증금,53142.1,48300.0,59000.0,8.80699,0.48106,752.869,60.0,59.9,84.7,54250.0,0.0
응암2동,은평구,행정동,37.59279954509625,126.92228544054439,연립다세대,전세,13,보통,해당지역,18700.0,보증금,18892.3,16000.0,23000.0,,,369.887,45.2,31.4,60.1,18700.0,0.0
응암2동,은평구,행정동,37.59279954509625,126.92228544054439,오피스텔,전세,117,높음,법정동,18200.0,보증금,20056.8,14500.0,23000.0,7.79169,0.60914,638.664,21.9,18.8,40.7,18200.0,0.0
응암3동,은평구,행정동,37.58995034007577,126.9172989409388,단독다가구,매매,44,높음,자치구,94378.5,매매가,112719.5,73500.0,124700.0,8.67794,0.55148,525.656,168.8,112.6,230.5,,
응암3동,은평구,행정동,37.58995034007577,126.9172989409388,아파트,매매,39,높음,해당지역,48000.0,매매가,48646.2,44500.0,54150.0,8.24216,0.62169,777.202,59.4,51.3,70.9,,
응암3동,은평구,행정동,37.58995034007577,126.9172989409388,연립다세대,매매,90,높음,해당지역,29000.0,매매가,28552.2,22925.0,35000.0,8.8931,0.34669,618.209,44.7,30.0,54.4,,
응암3동,은평구,행정동,37.58995034007577,126.9172989409388,오피스텔,매매,38,높음,해당지역,25376.0,매매가,26642.8,23275.0,28080.0,8.71952,0.42025,893.289,28.9,26.7,29.8,,
응암3동,은평구,행정동,37.58995034007577,126.9172989409388,단독다가구,월세,427,높음,법정동,54.6,월환산,59.5,42.3,69.6,2.78718,0.34903,1.61,35.0,27.1,45.0,1000.0,47.0
응암3동,은평구,행정동,37.58995034007577,126.9172989409388,아파트,월세,405,높음,법정동,208.3,월환산,189.2,106.0,255.5,1.27355,0.96309,3.316,59.9,40.7,74.9,13656.0,85.0
응암3동,은평구,행정동,37.58995034007577,126.9172989409388,연립다세대,월세,170,높음,해당지역,73.2,월환산,76.4,54.3,93.5,3.48798,0.21763,1.967,34.5,27.7,45.6,3000.0,38.5
응암3동,은평구,행정동,37.58995034007577,126.9172989409388,오피스텔,월세,89,높음,해당지역,84.6,월환산,77.7,44.6,95.0,2.64259,0.48841,2.398,28.0,18.0,37.4,2000.0,40.0
응암3동,은평구,행정동,37.58995034007577,126.9172989409388,단독다가구,전세,100,높음,법정동,10995.0,보증금,12224.2,8000.0,15000.0,6.69362,0.66108,241.394,42.4,35.3,60.1,10995.0,0.0
응암3동,은평구,행정동,37.58995034007577,126.9172989409388,아파트,전세,20,보통,해당지역,33250.0,보증금,34385.0,29750.0,36725.0,7.89191,0.60864,513.904,64.6,59.4,75.9,33250.0,0.0
응암3동,은평구,행정동,37.58995034007577,126.9172989409388,연립다세대,전세,99,높음,해당지역,17000.0,보증금,17262.1,10000.0,23250.0,8.03173,0.45371,418.934,34.3,29.4,46.9,17000.0,0.0
응암3동,은평구,행정동,37.58995034007577,126.9172989409388,오피스텔,전세,44,높음,해당지역,17250.0,보증금,18580.0,10750.0,24950.0,7.13666,0.75865,508.732,29.8,18.0,52.3,17250.0,0.0
증산동,은평구,행정동,37.58149209027166,126.90489178674126,단독다가구,매매,44,높음,자치구,94378.5,매매가,112719.5,73500.0,124700.0,8.67794,0.55148,525.656,168.8,112.6,230.5,,
증산동,은평구,행정동,37.58149209027166,126.90489178674126,아파트,매매,97,높음,해당지역,119000.0,매매가,119756.7,84700.0,161000.0,7.0564,1.07196,1966.744,72.8,59.9,84.9,,
증산동,은평구,행정동,37.58149209027166,126.90489178674126,연립다세대,매매,39,높음,해당지역,65800.0,매매가,58886.6,37250.0,75975.0,9.26863,0.42255,1144.599,50.7,41.2,59.2,,
증산동,은평구,행정동,37.58149209027166,126.90489178674126,오피스텔,매매,184,높음,자치구,14450.0,매매가,20107.3,12300.0,26550.0,6.5783,0.9568,589.491,26.0,21.9,31.2,,
증산동,은평구,행정동,37.58149209027166,126.90489178674126,단독다가구,월세,31,높음,해당지역,49.6,월환산,53.1,42.3,59.6,3.57122,0.09318,1.262,39.4,24.2,58.1,1000.0,45.0
증산동,은평구,행정동,37.58149209027166,126.90489178674126,아파트,월세,114,높음,해당지역,199.4,월환산,202.3,78.1,321.9,1.22289,0.98227,3.716,59.9,39.5,84.9,10000.0,60.0
증산동,은평구,행정동,37.58149209027166,126.90489178674126,연립다세대,월세,39,높음,해당지역,72.9,월환산,73.1,45.9,94.1,4.83517,-0.1727,1.402,38.2,30.0,49.0,2000.0,50.0
증산동,은평구,행정동,37.58149209027166,126.90489178674126,오피스텔,월세,1452,높음,자치구,67.3,월환산,70.9,62.6,72.6,3.04306,0.37627,2.944,22.7,19.1,26.2,1000.0,60.0
증산동,은평구,행정동,37.58149209027166,126.90489178674126,단독다가구,전세,459,높음,자치구,12000.0,보증금,13000.7,8000.0,16000.0,6.75943,0.66495,252.525,43.5,34.0,61.9,12000.0,0.0
증산동,은평구,행정동,37.58149209027166,126.90489178674126,아파트,전세,180,높음,해당지역,73500.0,보증금,68878.0,55000.0,81900.0,9.72314,0.31846,939.431,84.9,60.0,85.0,73500.0,0.0
증산동,은평구,행정동,37.58149209027166,126.90489178674126,연립다세대,전세,35,높음,해당지역,23000.0,보증금,24218.7,18700.0,29200.0,9.16896,0.2299,655.738,45.7,32.7,55.8,23000.0,0.0
증산동,은평구,행정동,37.58149209027166,126.90489178674126,오피스텔,전세,353,높음,자치구,18690.0,보증금,20819.3,14438.0,24000.0,7.82107,0.60555,658.117,24.9,18.8,44.9,18690.0,0.0
진관동,은평구,행정동,37.63728654672127,126.92217085039171,단독다가구,매매,44,높음,자치구,94378.5,매매가,112719.5,73500.0,124700.0,8.67794,0.55148,525.656,168.8,112.6,230.5,,
진관동,은평구,행정동,37.63728654672127,126.92217085039171,아파트,매매,309,높음,해당지역,91000.0,매매가,92712.0,80000.0,105000.0,8.47201,0.66241,1065.861,84.8,60.0,101.8,,
진관동,은평구,행정동,37.63728654672127,126.92217085039171,연립다세대,매매,1883,높음,자치구,28500.0,매매가,30210.1,22000.0,36000.0,8.38419,0.48925,650.503,44.0,33.6,55.9,,
진관동,은평구,행정동,37.63728654672127,126.92217085039171,오피스텔,매매,84,높음,해당지역,12300.0,매매가,13585.1,11500.0,13000.0,6.19031,1.04641,570.676,23.0,19.8,24.9,,
진관동,은평구,행정동,37.63728654672127,126.92217085039171,단독다가구,월세,2129,높음,자치구,55.2,월환산,61.0,44.6,71.2,2.87828,0.32335,1.57,37.3,27.0,47.6,1000.0,48.0
진관동,은평구,행정동,37.63728654672127,126.92217085039171,아파트,월세,489,높음,해당지역,71.0,월환산,115.7,49.0,199.7,-0.48209,1.22936,1.201,59.4,39.9,60.0,8583.0,37.0
진관동,은평구,행정동,37.63728654672127,126.92217085039171,연립다세대,월세,2220,높음,자치구,83.8,월환산,84.4,62.2,103.8,2.97085,0.38451,2.091,37.2,29.3,49.6,5000.0,40.0
진관동,은평구,행정동,37.63728654672127,126.92217085039171,오피스텔,월세,719,높음,해당지역,67.6,월환산,68.3,64.3,69.6,2.73163,0.47524,2.974,22.8,19.8,24.9,1000.0,62.0
진관동,은평구,행정동,37.63728654672127,126.92217085039171,단독다가구,전세,459,높음,자치구,12000.0,보증금,13000.7,8000.0,16000.0,6.75943,0.66495,252.525,43.5,34.0,61.9,12000.0,0.0
진관동,은평구,행정동,37.63728654672127,126.92217085039171,아파트,전세,856,높음,해당지역,39771.0,보증금,40870.1,25117.0,55000.0,5.47615,1.14418,470.718,84.8,84.0,84.9,39771.0,0.0
진관동,은평구,행정동,37.63728654672127,126.92217085039171,연립다세대,전세,10,보통,해당지역,57375.0,보증금,59600.0,55162.5,62000.0,,,677.31,84.4,84.4,84.7,57375.0,0.0
진관동,은평구,행정동,37.63728654672127,126.92217085039171,오피스텔,전세,42,높음,해당지역,15026.5,보증금,24178.6,12500.0,38637.5,6.20662,1.06488,629.816,25.6,20.0,56.7,15026.5,0.0
가회동,종로구,행정동,37.582145462138584,126.98802035167469,단독다가구,매매,14,보통,해당지역,214000.0,매매가,230688.6,126000.0,286500.0,,,1680.158,106.0,52.5,178.4,,
가회동,종로구,행정동,37.582145462138584,126.98802035167469,아파트,매매,390,높음,자치구,95250.0,매매가,112419.9,63075.0,141750.0,6.19378,1.23953,1267.465,79.9,54.7,84.9,,
가회동,종로구,행정동,37.582145462138584,126.98802035167469,연립다세대,매매,374,높음,자치구,47500.0,매매가,56657.0,36000.0,63000.0,6.94702,0.92234,765.231,59.8,48.6,84.0,,
가회동,종로구,행정동,37.582145462138584,126.98802035167469,오피스텔,매매,268,높음,자치구,25700.0,매매가,33777.5,19000.0,35775.0,6.04809,1.18637,806.922,32.4,25.1,39.6,,
가회동,종로구,행정동,37.582145462138584,126.98802035167469,단독다가구,월세,34,높음,해당지역,111.5,월환산,142.2,84.7,201.8,1.98149,0.74121,2.731,43.7,30.6,68.1,4500.0,92.5
가회동,종로구,행정동,37.582145462138584,126.98802035167469,아파트,월세,730,높음,자치구,143.3,월환산,209.8,74.6,309.2,1.88588,0.86252,4.114,41.1,18.4,80.1,7415.0,88.5
가회동,종로구,행정동,37.582145462138584,126.98802035167469,연립다세대,월세,43,높음,해당지역,89.2,월환산,191.8,64.6,125.4,0.61266,1.08087,2.567,43.0,25.7,58.8,3000.0,60.0
가회동,종로구,행정동,37.582145462138584,126.98802035167469,오피스텔,월세,967,높음,자치구,89.2,월환산,94.5,69.6,113.7,2.23875,0.69354,3.332,24.0,20.1,30.4,1000.0,70.0
가회동,종로구,행정동,37.582145462138584,126.98802035167469,단독다가구,전세,203,높음,자치구,15000.0,보증금,19821.2,11000.0,25000.0,7.1576,0.66017,375.0,45.0,30.0,65.8,15000.0,0.0
가회동,종로구,행정동,37.582145462138584,126.98802035167469,아파트,전세,411,높음,자치구,65000.0,보증금,71101.4,43000.0,95000.0,6.67826,1.00954,824.907,84.6,59.9,84.9,65000.0,0.0
가회동,종로구,행정동,37.582145462138584,126.98802035167469,연립다세대,전세,10,보통,해당지역,24750.0,보증금,23980.0,24000.0,25750.0,,,498.545,54.4,39.4,59.1,24750.0,0.0
가회동,종로구,행정동,37.582145462138584,126.98802035167469,오피스텔,전세,255,높음,자치구,23500.0,보증금,23962.6,20000.0,26450.0,7.97743,0.63582,909.504,24.8,19.8,31.9,23500.0,0.0
교남동,종로구,행정동,37.571247511147014,126.96357131443652,단독다가구,매매,116,높음,자치구,131000.0,매매가,156555.1,77875.0,207500.0,9.17587,0.54981,1252.668,100.7,49.9,223.1,,
교남동,종로구,행정동,37.571247511147014,126.96357131443652,아파트,매매,49,높음,해당지역,209000.0,매매가,189167.3,100000.0,260000.0,7.79675,1.02637,3029.709,59.9,45.9,84.8,,
교남동,종로구,행정동,37.571247511147014,126.96357131443652,연립다세대,매매,13,보통,해당지역,43000.0,매매가,46923.1,34000.0,60000.0,,,987.798,51.9,37.0,57.0,,
교남동,종로구,행정동,37.571247511147014,126.96357131443652,오피스텔,매매,268,높음,자치구,25700.0,매매가,33777.5,19000.0,35775.0,6.04809,1.18637,806.922,32.4,25.1,39.6,,
교남동,종로구,행정동,37.571247511147014,126.96357131443652,단독다가구,월세,36,높음,해당지역,64.4,월환산,70.8,49.6,79.8,2.83439,0.35928,1.865,34.6,26.8,42.3,1000.0,50.0
교남동,종로구,행정동,37.571247511147014,126.96357131443652,아파트,월세,152,높음,해당지역,402.1,월환산,357.8,185.6,491.7,-1.03444,1.64399,5.877,59.9,39.1,84.7,20000.0,165.0
교남동,종로구,행정동,37.571247511147014,126.96357131443652,연립다세대,월세,46,높음,해당지역,83.5,월환산,87.9,64.6,111.1,1.46045,0.79862,2.064,44.3,32.6,55.6,3000.0,60.0
교남동,종로구,행정동,37.571247511147014,126.96357131443652,오피스텔,월세,14,보통,해당지역,114.6,월환산,119.1,109.6,124.6,,,4.422,25.9,25.7,25.9,1000.0,105.0
교남동,종로구,행정동,37.571247511147014,126.96357131443652,단독다가구,전세,203,높음,자치구,15000.0,보증금,19821.2,11000.0,25000.0,7.1576,0.66017,375.0,45.0,30.0,65.8,15000.0,0.0
교남동,종로구,행정동,37.571247511147014,126.96357131443652,아파트,전세,92,높음,해당지역,112675.0,보증금,106225.7,92375.0,124250.0,7.59502,0.92114,1441.891,84.6,59.9,84.8,112675.0,0.0
교남동,종로구,행정동,37.571247511147014,126.96357131443652,연립다세대,전세,28,보통,해당지역,20000.0,보증금,21171.8,18000.0,25000.0,7.16531,0.70478,372.869,52.4,42.6,59.3,20000.0,0.0
교남동,종로구,행정동,37.571247511147014,126.96357131443652,오피스텔,전세,255,높음,자치구,23500.0,보증금,23962.6,20000.0,26450.0,7.97743,0.63582,909.504,24.8,19.8,31.9,23500.0,0.0
무악동,종로구,행정동,37.57593391332178,126.95929187095894,단독다가구,매매,116,높음,자치구,131000.0,매매가,156555.1,77875.0,207500.0,9.17587,0.54981,1252.668,100.7,49.9,223.1,,
무악동,종로구,행정동,37.57593391332178,126.95929187095894,아파트,매매,48,높음,해당지역,153500.0,매매가,151898.5,143735.0,159937.8,10.12005,0.40217,1743.832,84.9,84.9,84.9,,
무악동,종로구,행정동,37.57593391332178,126.95929187095894,연립다세대,매매,374,높음,자치구,47500.0,매매가,56657.0,36000.0,63000.0,6.94702,0.92234,765.231,59.8,48.6,84.0,,
무악동,종로구,행정동,37.57593391332178,126.95929187095894,오피스텔,매매,268,높음,자치구,25700.0,매매가,33777.5,19000.0,35775.0,6.04809,1.18637,806.922,32.4,25.1,39.6,,
무악동,종로구,행정동,37.57593391332178,126.95929187095894,단독다가구,월세,1499,높음,자치구,64.6,월환산,77.3,52.3,83.8,3.13568,0.32169,2.641,26.4,18.0,42.1,1000.0,55.0
무악동,종로구,행정동,37.57593391332178,126.95929187095894,아파트,월세,49,높음,해당지역,298.8,월환산,294.0,266.1,340.0,5.21693,0.09399,3.503,84.9,84.9,84.9,15000.0,190.0
무악동,종로구,행정동,37.57593391332178,126.95929187095894,연립다세대,월세,839,높음,자치구,74.6,월환산,104.1,60.8,118.8,2.42051,0.56522,2.342,39.5,23.0,55.6,2000.0,60.0
무악동,종로구,행정동,37.57593391332178,126.95929187095894,오피스텔,월세,967,높음,자치구,89.2,월환산,94.5,69.6,113.7,2.23875,0.69354,3.332,24.0,20.1,30.4,1000.0,70.0
무악동,종로구,행정동,37.57593391332178,126.95929187095894,단독다가구,전세,203,높음,자치구,15000.0,보증금,19821.2,11000.0,25000.0,7.1576,0.66017,375.0,45.0,30.0,65.8,15000.0,0.0
무악동,종로구,행정동,37.57593391332178,126.95929187095894,아파트,전세,69,높음,해당지역,79800.0,보증금,78437.5,70000.0,82000.0,8.81109,0.54698,883.184,84.9,84.9,84.9,79800.0,0.0
무악동,종로구,행정동,37.57593391332178,126.95929187095894,연립다세대,전세,369,높음,자치구,25000.0,보증금,28793.1,16000.0,34200.0,6.80882,0.83448,470.963,52.2,35.3,70.1,25000.0,0.0
무악동,종로구,행정동,37.57593391332178,126.95929187095894,오피스텔,전세,255,높음,자치구,23500.0,보증금,23962.6,20000.0,26450.0,7.97743,0.63582,909.504,24.8,19.8,31.9,23500.0,0.0
부암동,종로구,행정동,37.599498940951214,126.96203454055082,단독다가구,매매,10,보통,해당지역,167250.0,매매가,184508.7,100750.0,261646.8,,,1104.037,176.1,95.4,261.2,,
부암동,종로구,행정동,37.599498940951214,126.96203454055082,아파트,매매,390,높음,자치구,95250.0,매매가,112419.9,63075.0,141750.0,6.19378,1.23953,1267.465,79.9,54.7,84.9,,
부암동,종로구,행정동,37.599498940951214,126.96203454055082,연립다세대,매매,49,높음,해당지역,52000.0,매매가,60500.0,38500.0,63000.0,6.82115,0.91769,658.446,83.0,66.6,102.3,,
부암동,종로구,행정동,37.599498940951214,126.96203454055082,오피스텔,매매,268,높음,자치구,25700.0,매매가,33777.5,19000.0,35775.0,6.04809,1.18637,806.922,32.4,25.1,39.6,,
부암동,종로구,행정동,37.599498940951214,126.96203454055082,단독다가구,월세,53,높음,해당지역,63.8,월환산,80.3,54.6,88.8,2.55435,0.48982,2.061,34.6,19.5,61.7,2000.0,50.0
부암동,종로구,행정동,37.599498940951214,126.96203454055082,아파트,월세,730,높음,자치구,143.3,월환산,209.8,74.6,309.2,1.88588,0.86252,4.114,41.1,18.4,80.1,7415.0,88.5
부암동,종로구,행정동,37.599498940951214,126.96203454055082,연립다세대,월세,58,높음,해당지역,103.8,월환산,122.8,78.0,142.1,2.50026,0.55877,2.172,49.5,34.0,74.4,10000.0,56.5
부암동,종로구,행정동,37.599498940951214,126.96203454055082,오피스텔,월세,16,보통,해당지역,65.2,월환산,67.7,59.5,70.8,,,2.1,31.3,24.5,38.4,1000.0,60.0
부암동,종로구,행정동,37.599498940951214,126.96203454055082,단독다가구,전세,10,보통,해당지역,30000.0,보증금,33697.5,27250.0,34750.0,,,490.024,65.6,45.3,81.6,30000.0,0.0
부암동,종로구,행정동,37.599498940951214,126.96203454055082,아파트,전세,411,높음,자치구,65000.0,보증금,71101.4,43000.0,95000.0,6.67826,1.00954,824.907,84.6,59.9,84.9,65000.0,0.0
부암동,종로구,행정동,37.599498940951214,126.96203454055082,연립다세대,전세,36,높음,해당지역,32275.0,보증금,31870.3,19975.0,37575.0,6.53374,0.91653,449.131,60.1,47.6,77.9,32275.0,0.0
부암동,종로구,행정동,37.599498940951214,126.96203454055082,오피스텔,전세,255,높음,자치구,23500.0,보증금,23962.6,20000.0,26450.0,7.97743,0.63582,909.504,24.8,19.8,31.9,23500.0,0.0
사직동,종로구,행정동,37.57368806329355,126.97125133445991,단독다가구,매매,11,보통,해당지역,152000.0,매매가,148840.9,101375.0,188000.0,,,1377.772,109.1,43.0,143.9,,
사직동,종로구,행정동,37.57368806329355,126.97125133445991,아파트,매매,26,보통,해당지역,240000.0,매매가,279750.0,199375.0,269250.0,4.96871,1.52105,1699.354,146.9,117.6,156.7,,
사직동,종로구,행정동,37.57368806329355,126.97125133445991,연립다세대,매매,15,보통,해당지역,64000.0,매매가,84570.0,41500.0,132475.0,,,917.085,66.8,54.5,123.3,,
사직동,종로구,행정동,37.57368806329355,126.97125133445991,오피스텔,매매,82,높음,해당지역,32000.0,매매가,47048.8,28162.5,40700.0,5.06158,1.48599,889.775,37.5,33.2,42.3,,
사직동,종로구,행정동,37.57368806329355,126.97125133445991,단독다가구,월세,30,높음,해당지역,69.6,월환산,102.2,59.3,89.4,2.31532,0.57915,2.403,31.5,21.2,48.3,1250.0,60.0
사직동,종로구,행정동,37.57368806329355,126.97125133445991,아파트,월세,41,높음,해당지역,449.2,월환산,470.7,325.8,564.2,0.7074,1.12719,3.958,117.3,94.5,149.0,20000.0,240.0
사직동,종로구,행정동,37.57368806329355,126.97125133445991,연립다세대,월세,15,보통,해당지역,88.8,월환산,113.7,71.9,110.8,,,2.188,33.5,25.1,61.9,3000.0,60.0
사직동,종로구,행정동,37.57368806329355,126.97125133445991,오피스텔,월세,119,높음,해당지역,112.5,월환산,123.8,104.6,124.6,0.57534,1.16878,3.216,37.5,32.0,39.5,1000.0,105.0
사직동,종로구,행정동,37.57368806329355,126.97125133445991,단독다가구,전세,203,높음,자치구,15000.0,보증금,19821.2,11000.0,25000.0,7.1576,0.66017,375.0,45.0,30.0,65.8,15000.0,0.0
사직동,종로구,행정동,37.57368806329355,126.97125133445991,아파트,전세,37,높음,해당지역,115500.0,보증금,105829.7,65000.0,135000.0,4.77475,1.4018,882.493,123.1,102.9,149.0,115500.0,0.0
사직동,종로구,행정동,37.57368806329355,126.97125133445991,연립다세대,전세,11,보통,해당지역,33570.0,보증금,36308.2,31000.0,49000.0,,,557.567,69.0,55.8,77.4,33570.0,0.0
사직동,종로구,행정동,37.57368806329355,126.97125133445991,오피스텔,전세,38,높음,해당지역,25000.0,보증금,26925.0,23500.0,27375.0,5.65213,1.26706,716.332,34.9,33.0,37.6,25000.0,0.0
삼청동,종로구,행정동,37.579152335756504,126.98375176827926,단독다가구,매매,116,높음,자치구,131000.0,매매가,156555.1,77875.0,207500.0,9.17587,0.54981,1252.668,100.7,49.9,223.1,,
삼청동,종로구,행정동,37.579152335756504,126.98375176827926,아파트,매매,390,높음,자치구,95250.0,매매가,112419.9,63075.0,141750.0,6.19378,1.23953,1267.465,79.9,54.7,84.9,,
삼청동,종로구,행정동,37.579152335756504,126.98375176827926,연립다세대,매매,374,높음,자치구,47500.0,매매가,56657.0,36000.0,63000.0,6.94702,0.92234,765.231,59.8,48.6,84.0,,
삼청동,종로구,행정동,37.579152335756504,126.98375176827926,오피스텔,매매,268,높음,자치구,25700.0,매매가,33777.5,19000.0,35775.0,6.04809,1.18637,806.922,32.4,25.1,39.6,,
삼청동,종로구,행정동,37.579152335756504,126.98375176827926,단독다가구,월세,17,보통,해당지역,88.8,월환산,108.7,72.1,132.9,,,1.794,50.0,43.0,85.3,5000.0,70.0
삼청동,종로구,행정동,37.579152335756504,126.98375176827926,아파트,월세,730,높음,자치구,143.3,월환산,209.8,74.6,309.2,1.88588,0.86252,4.114,41.1,18.4,80.1,7415.0,88.5
삼청동,종로구,행정동,37.579152335756504,126.98375176827926,연립다세대,월세,839,높음,자치구,74.6,월환산,104.1,60.8,118.8,2.42051,0.56522,2.342,39.5,23.0,55.6,2000.0,60.0
삼청동,종로구,행정동,37.579152335756504,126.98375176827926,오피스텔,월세,967,높음,자치구,89.2,월환산,94.5,69.6,113.7,2.23875,0.69354,3.332,24.0,20.1,30.4,1000.0,70.0
삼청동,종로구,행정동,37.579152335756504,126.98375176827926,단독다가구,전세,203,높음,자치구,15000.0,보증금,19821.2,11000.0,25000.0,7.1576,0.66017,375.0,45.0,30.0,65.8,15000.0,0.0
삼청동,종로구,행정동,37.579152335756504,126.98375176827926,아파트,전세,411,높음,자치구,65000.0,보증금,71101.4,43000.0,95000.0,6.67826,1.00954,824.907,84.6,59.9,84.9,65000.0,0.0
삼청동,종로구,행정동,37.579152335756504,126.98375176827926,연립다세대,전세,369,높음,자치구,25000.0,보증금,28793.1,16000.0,34200.0,6.80882,0.83448,470.963,52.2,35.3,70.1,25000.0,0.0
삼청동,종로구,행정동,37.579152335756504,126.98375176827926,오피스텔,전세,255,높음,자치구,23500.0,보증금,23962.6,20000.0,26450.0,7.97743,0.63582,909.504,24.8,19.8,31.9,23500.0,0.0
숭인1동,종로구,행정동,37.57681749106942,127.01643322398684,단독다가구,매매,116,높음,자치구,131000.0,매매가,156555.1,77875.0,207500.0,9.17587,0.54981,1252.668,100.7,49.9,223.1,,
숭인1동,종로구,행정동,37.57681749106942,127.01643322398684,아파트,매매,18,보통,해당지역,116000.0,매매가,114305.6,105250.0,122500.0,,,1442.534,84.9,59.9,111.7,,
숭인1동,종로구,행정동,37.57681749106942,127.01643322398684,연립다세대,매매,44,높음,법정동,35250.0,매매가,34258.0,26125.0,44625.0,6.87605,0.91629,690.61,47.9,36.9,59.0,,
숭인1동,종로구,행정동,37.57681749106942,127.01643322398684,오피스텔,매매,16,보통,해당지역,25450.0,매매가,27200.0,21500.0,28750.0,,,642.677,39.6,39.6,39.6,,
숭인1동,종로구,행정동,37.57681749106942,127.01643322398684,단독다가구,월세,144,높음,법정동,58.8,월환산,65.7,43.8,79.6,3.33386,0.2199,1.912,33.0,22.8,43.0,1000.0,50.0
숭인1동,종로구,행정동,37.57681749106942,127.01643322398684,아파트,월세,246,높음,법정동,69.2,월환산,92.9,63.0,108.4,2.52997,0.62381,4.163,17.4,15.1,24.5,2000.0,57.5
숭인1동,종로구,행정동,37.57681749106942,127.01643322398684,연립다세대,월세,17,보통,해당지역,51.8,월환산,71.5,43.4,114.2,,,1.694,43.0,29.8,44.6,2479.0,39.0
숭인1동,종로구,행정동,37.57681749106942,127.01643322398684,오피스텔,월세,43,높음,해당지역,94.6,월환산,95.3,92.7,99.6,0.21167,1.185,2.388,39.6,39.6,39.6,1000.0,90.0
숭인1동,종로구,행정동,37.57681749106942,127.01643322398684,단독다가구,전세,16,보통,법정동,13000.0,보증금,13368.8,9750.0,17750.0,,,371.189,36.1,21.6,49.0,13000.0,0.0
숭인1동,종로구,행정동,37.57681749106942,127.01643322398684,아파트,전세,24,보통,해당지역,60000.0,보증금,61352.1,49837.5,75675.0,7.75872,0.73838,753.582,76.8,59.9,111.9,60000.0,0.0
숭인1동,종로구,행정동,37.57681749106942,127.01643322398684,연립다세대,전세,15,보통,해당지역,26500.0,보증금,24646.7,21000.0,29200.0,,,608.57,43.7,36.6,53.6,26500.0,0.0
숭인1동,종로구,행정동,37.57681749106942,127.01643322398684,오피스텔,전세,125,높음,법정동,23100.0,보증금,22806.5,18500.0,26500.0,7.16844,0.88454,931.195,24.0,21.0,27.0,23100.0,0.0
숭인2동,종로구,행정동,37.57371049769774,127.02077883251495,단독다가구,매매,116,높음,자치구,131000.0,매매가,156555.1,77875.0,207500.0,9.17587,0.54981,1252.668,100.7,49.9,223.1,,
숭인2동,종로구,행정동,37.57371049769774,127.02077883251495,아파트,매매,40,높음,해당지역,12950.0,매매가,39275.0,11450.0,63350.0,5.67403,1.31775,728.122,19.5,15.9,59.9,,
숭인2동,종로구,행정동,37.57371049769774,127.02077883251495,연립다세대,매매,36,높음,해당지역,34250.0,매매가,32523.6,21875.0,40675.0,6.61845,0.96625,634.522,49.2,36.9,59.3,,
숭인2동,종로구,행정동,37.57371049769774,127.02077883251495,오피스텔,매매,75,높음,해당지역,19340.0,매매가,18226.1,12700.0,21985.0,6.5443,1.00312,769.292,27.1,21.7,27.9,,
숭인2동,종로구,행정동,37.57371049769774,127.02077883251495,단독다가구,월세,144,높음,법정동,58.8,월환산,65.7,43.8,79.6,3.33386,0.2199,1.912,33.0,22.8,43.0,1000.0,50.0
숭인2동,종로구,행정동,37.57371049769774,127.02077883251495,아파트,월세,240,높음,해당지역,68.8,월환산,89.9,62.9,105.2,2.55497,0.6152,4.203,17.0,15.1,21.9,2000.0,56.5
숭인2동,종로구,행정동,37.57371049769774,127.02077883251495,연립다세대,월세,54,높음,해당지역,73.2,월환산,81.0,57.8,107.1,3.10089,0.34375,1.997,36.6,21.7,55.2,2000.0,55.0
숭인2동,종로구,행정동,37.57371049769774,127.02077883251495,오피스텔,월세,522,높음,해당지역,73.1,월환산,86.0,65.3,104.6,1.97395,0.76591,3.324,22.4,19.7,25.7,1000.0,66.0
숭인2동,종로구,행정동,37.57371049769774,127.02077883251495,단독다가구,전세,16,보통,법정동,13000.0,보증금,13368.8,9750.0,17750.0,,,371.189,36.1,21.6,49.0,13000.0,0.0
숭인2동,종로구,행정동,37.57371049769774,127.02077883251495,아파트,전세,17,보통,해당지역,35000.0,보증금,34364.7,22500.0,50000.0,,,729.867,51.1,27.3,78.8,35000.0,0.0
숭인2동,종로구,행정동,37.57371049769774,127.02077883251495,연립다세대,전세,26,보통,해당지역,22000.0,보증금,22000.0,16150.0,29875.0,5.90891,1.01826,393.507,55.1,43.2,68.3,22000.0,0.0
숭인2동,종로구,행정동,37.57371049769774,127.02077883251495,오피스텔,전세,123,높음,해당지역,23000.0,보증금,22738.3,18400.0,26500.0,6.9084,0.96875,931.264,24.0,20.8,27.0,23000.0,0.0
이화동,종로구,행정동,37.57973802771642,127.00329635799082,단독다가구,매매,116,높음,자치구,131000.0,매매가,156555.1,77875.0,207500.0,9.17587,0.54981,1252.668,100.7,49.9,223.1,,
이화동,종로구,행정동,37.57973802771642,127.00329635799082,아파트,매매,390,높음,자치구,95250.0,매매가,112419.9,63075.0,141750.0,6.19378,1.23953,1267.465,79.9,54.7,84.9,,
이화동,종로구,행정동,37.57973802771642,127.00329635799082,연립다세대,매매,14,보통,해당지역,39200.0,매매가,52699.3,25875.0,56875.0,,,640.334,56.2,41.4,81.6,,
이화동,종로구,행정동,37.57973802771642,127.00329635799082,오피스텔,매매,268,높음,자치구,25700.0,매매가,33777.5,19000.0,35775.0,6.04809,1.18637,806.922,32.4,25.1,39.6,,
이화동,종로구,행정동,37.57973802771642,127.00329635799082,단독다가구,월세,126,높음,해당지역,69.6,월환산,77.8,52.9,93.8,2.74242,0.45999,2.784,28.0,20.0,34.0,1000.0,57.5
이화동,종로구,행정동,37.57973802771642,127.00329635799082,아파트,월세,19,보통,해당지역,91.6,월환산,94.9,89.6,97.1,,,5.276,17.0,17.0,18.4,1000.0,85.0
이화동,종로구,행정동,37.57973802771642,127.00329635799082,연립다세대,월세,119,높음,해당지역,65.6,월환산,79.3,54.6,90.0,2.57785,0.49348,2.44,29.2,20.0,44.9,3000.0,50.0
이화동,종로구,행정동,37.57973802771642,127.00329635799082,오피스텔,월세,11,보통,해당지역,83.6,월환산,80.1,73.6,84.6,,,3.001,26.5,26.5,26.5,1000.0,75.0
이화동,종로구,행정동,37.57973802771642,127.00329635799082,단독다가구,전세,21,보통,해당지역,15000.0,보증금,16273.8,9000.0,25000.0,7.87354,0.46625,347.759,31.5,27.3,45.3,15000.0,0.0
이화동,종로구,행정동,37.57973802771642,127.00329635799082,아파트,전세,411,높음,자치구,65000.0,보증금,71101.4,43000.0,95000.0,6.67826,1.00954,824.907,84.6,59.9,84.9,65000.0,0.0
이화동,종로구,행정동,37.57973802771642,127.00329635799082,연립다세대,전세,25,보통,해당지역,16500.0,보증금,18150.0,9400.0,23000.0,5.5009,1.13063,380.585,38.1,28.3,50.0,16500.0,0.0
이화동,종로구,행정동,37.57973802771642,127.00329635799082,오피스텔,전세,255,높음,자치구,23500.0,보증금,23962.6,20000.0,26450.0,7.97743,0.63582,909.504,24.8,19.8,31.9,23500.0,0.0
종로1.2.3.4가동,종로구,행정동,37.57319641065186,126.99113195803409,단독다가구,매매,116,높음,자치구,131000.0,매매가,156555.1,77875.0,207500.0,9.17587,0.54981,1252.668,100.7,49.9,223.1,,
종로1.2.3.4가동,종로구,행정동,37.57319641065186,126.99113195803409,아파트,매매,18,보통,해당지역,49400.0,매매가,69744.4,42750.0,101250.0,,,1026.635,48.5,44.6,84.0,,
종로1.2.3.4가동,종로구,행정동,37.57319641065186,126.99113195803409,연립다세대,매매,374,높음,자치구,47500.0,매매가,56657.0,36000.0,63000.0,6.94702,0.92234,765.231,59.8,48.6,84.0,,
종로1.2.3.4가동,종로구,행정동,37.57319641065186,126.99113195803409,오피스텔,매매,71,높음,해당지역,29800.0,매매가,37888.2,17600.0,47500.0,6.38395,1.08913,852.485,36.2,23.1,54.9,,
종로1.2.3.4가동,종로구,행정동,37.57319641065186,126.99113195803409,단독다가구,월세,40,높음,해당지역,67.6,월환산,84.8,61.6,74.8,2.78588,0.51055,3.965,16.5,13.2,24.3,500.0,65.0
종로1.2.3.4가동,종로구,행정동,37.57319641065186,126.99113195803409,아파트,월세,38,높음,해당지역,167.7,월환산,221.8,104.6,293.8,1.74515,0.85062,3.317,48.5,40.5,90.9,3000.0,125.0
종로1.2.3.4가동,종로구,행정동,37.57319641065186,126.99113195803409,연립다세대,월세,839,높음,자치구,74.6,월환산,104.1,60.8,118.8,2.42051,0.56522,2.342,39.5,23.0,55.6,2000.0,60.0
종로1.2.3.4가동,종로구,행정동,37.57319641065186,126.99113195803409,오피스텔,월세,59,높음,해당지역,84.9,월환산,90.2,75.6,104.1,3.42348,0.33441,3.563,23.1,19.1,24.8,1000.0,75.0
종로1.2.3.4가동,종로구,행정동,37.57319641065186,126.99113195803409,단독다가구,전세,203,높음,자치구,15000.0,보증금,19821.2,11000.0,25000.0,7.1576,0.66017,375.0,45.0,30.0,65.8,15000.0,0.0
종로1.2.3.4가동,종로구,행정동,37.57319641065186,126.99113195803409,아파트,전세,12,보통,해당지역,32750.0,보증금,46241.7,29850.0,69750.0,,,678.117,64.7,48.3,86.9,32750.0,0.0
종로1.2.3.4가동,종로구,행정동,37.57319641065186,126.99113195803409,연립다세대,전세,369,높음,자치구,25000.0,보증금,28793.1,16000.0,34200.0,6.80882,0.83448,470.963,52.2,35.3,70.1,25000.0,0.0
종로1.2.3.4가동,종로구,행정동,37.57319641065186,126.99113195803409,오피스텔,전세,20,보통,해당지역,23150.0,보증금,26297.5,22000.0,25250.0,8.55443,0.4653,758.053,28.2,19.3,40.1,23150.0,0.0
종로5.6가동,종로구,행정동,37.573535360512324,127.00227915241686,단독다가구,매매,116,높음,자치구,131000.0,매매가,156555.1,77875.0,207500.0,9.17587,0.54981,1252.668,100.7,49.9,223.1,,
종로5.6가동,종로구,행정동,37.573535360512324,127.00227915241686,아파트,매매,12,보통,해당지역,15175.0,매매가,25854.2,14200.0,20625.0,,,903.198,19.6,16.7,22.2,,
종로5.6가동,종로구,행정동,37.573535360512324,127.00227915241686,연립다세대,매매,374,높음,자치구,47500.0,매매가,56657.0,36000.0,63000.0,6.94702,0.92234,765.231,59.8,48.6,84.0,,
종로5.6가동,종로구,행정동,37.573535360512324,127.00227915241686,오피스텔,매매,11,보통,해당지역,22000.0,매매가,22621.9,16500.0,26250.0,,,1041.667,20.5,18.8,28.2,,
종로5.6가동,종로구,행정동,37.573535360512324,127.00227915241686,단독다가구,월세,54,높음,해당지역,71.7,월환산,77.4,49.3,93.3,3.81725,0.10208,2.17,33.5,25.8,50.7,2000.0,60.0
종로5.6가동,종로구,행정동,37.573535360512324,127.00227915241686,아파트,월세,88,높음,해당지역,129.6,월환산,162.6,91.9,159.2,2.249,0.8257,5.614,20.9,17.7,26.6,2000.0,99.5
종로5.6가동,종로구,행정동,37.573535360512324,127.00227915241686,연립다세대,월세,14,보통,해당지역,42.3,월환산,57.4,36.5,57.7,,,2.146,17.1,17.1,21.5,60.0,39.5
종로5.6가동,종로구,행정동,37.573535360512324,127.00227915241686,오피스텔,월세,119,높음,해당지역,86.8,월환산,86.8,74.5,99.1,3.00299,0.45102,4.124,20.2,18.7,26.1,1000.0,73.0
종로5.6가동,종로구,행정동,37.573535360512324,127.00227915241686,단독다가구,전세,16,보통,해당지역,13000.0,보증금,14443.2,9540.0,16050.0,,,300.157,47.1,31.1,62.8,13000.0,0.0
종로5.6가동,종로구,행정동,37.573535360512324,127.00227915241686,아파트,전세,12,보통,해당지역,81500.0,보증금,69350.0,32400.0,96250.0,,,1177.094,70.0,26.1,85.0,81500.0,0.0
종로5.6가동,종로구,행정동,37.573535360512324,127.00227915241686,연립다세대,전세,15,보통,해당지역,30000.0,보증금,27586.7,26250.0,30000.0,,,1079.914,27.8,26.8,29.8,30000.0,0.0
종로5.6가동,종로구,행정동,37.573535360512324,127.00227915241686,오피스텔,전세,46,높음,해당지역,22500.0,보증금,21942.0,19586.2,24112.5,10.76545,-0.26134,1162.362,19.0,18.7,20.5,22500.0,0.0
창신1동,종로구,행정동,37.573325967134934,127.01426485059424,단독다가구,매매,116,높음,자치구,131000.0,매매가,156555.1,77875.0,207500.0,9.17587,0.54981,1252.668,100.7,49.9,223.1,,
창신1동,종로구,행정동,37.573325967134934,127.01426485059424,아파트,매매,29,보통,해당지역,90500.0,매매가,89348.3,86000.0,107000.0,,,1393.404,60.0,60.0,84.9,,
창신1동,종로구,행정동,37.573325967134934,127.01426485059424,연립다세대,매매,40,높음,법정동,42750.0,매매가,44667.0,34000.0,55750.0,8.20446,0.63606,1060.997,45.6,34.6,57.2,,
창신1동,종로구,행정동,37.573325967134934,127.01426485059424,오피스텔,매매,268,높음,자치구,25700.0,매매가,33777.5,19000.0,35775.0,6.04809,1.18637,806.922,32.4,25.1,39.6,,
창신1동,종로구,행정동,37.573325967134934,127.01426485059424,단독다가구,월세,183,높음,법정동,51.8,월환산,57.0,41.4,66.4,3.48291,0.13302,1.764,34.8,22.7,56.5,500.0,45.0
창신1동,종로구,행정동,37.573325967134934,127.01426485059424,아파트,월세,23,보통,해당지역,172.9,월환산,152.4,69.6,184.4,-1.0324,1.48137,2.884,60.0,51.3,60.0,5000.0,137.0
창신1동,종로구,행정동,37.573325967134934,127.01426485059424,연립다세대,월세,20,보통,해당지역,84.6,월환산,83.1,64.4,105.0,3.12974,0.36376,2.471,34.4,19.4,40.9,3350.0,41.5
창신1동,종로구,행정동,37.573325967134934,127.01426485059424,오피스텔,월세,11,보통,해당지역,104.6,월환산,91.7,83.9,104.6,,,5.408,19.3,17.8,19.3,1000.0,100.0
창신1동,종로구,행정동,37.573325967134934,127.01426485059424,단독다가구,전세,23,보통,법정동,13000.0,보증금,13669.6,11500.0,15500.0,8.88832,0.135,246.731,47.8,39.4,100.3,13000.0,0.0
창신1동,종로구,행정동,37.573325967134934,127.01426485059424,아파트,전세,17,보통,해당지역,46200.0,보증금,41523.5,41500.0,53000.0,,,697.248,60.0,60.0,60.0,46200.0,0.0
창신1동,종로구,행정동,37.573325967134934,127.01426485059424,연립다세대,전세,17,보통,해당지역,19950.0,보증금,19554.1,18000.0,21920.0,,,798.057,28.8,20.2,40.9,19950.0,0.0
창신1동,종로구,행정동,37.573325967134934,127.01426485059424,오피스텔,전세,11,보통,해당지역,21000.0,보증금,20635.8,20000.0,21497.0,,,842.912,24.9,18.6,25.6,21000.0,0.0
창신2동,종로구,행정동,37.575827162773756,127.00968872438327,단독다가구,매매,116,높음,자치구,131000.0,매매가,156555.1,77875.0,207500.0,9.17587,0.54981,1252.668,100.7,49.9,223.1,,
창신2동,종로구,행정동,37.575827162773756,127.00968872438327,아파트,매매,102,높음,법정동,81500.0,매매가,80485.3,71700.0,91525.0,8.59592,0.63269,1159.023,64.7,59.1,84.3,,
창신2동,종로구,행정동,37.575827162773756,127.00968872438327,연립다세대,매매,36,높음,해당지역,41500.0,매매가,44255.0,34000.0,55750.0,8.07631,0.66382,1060.997,46.4,34.6,57.2,,
창신2동,종로구,행정동,37.575827162773756,127.00968872438327,오피스텔,매매,268,높음,자치구,25700.0,매매가,33777.5,19000.0,35775.0,6.04809,1.18637,806.922,32.4,25.1,39.6,,
창신2동,종로구,행정동,37.575827162773756,127.00968872438327,단독다가구,월세,183,높음,법정동,51.8,월환산,57.0,41.4,66.4,3.48291,0.13302,1.764,34.8,22.7,56.5,500.0,45.0
창신2동,종로구,행정동,37.575827162773756,127.00968872438327,아파트,월세,63,높음,법정동,172.9,월환산,168.7,142.9,194.2,0.10115,1.1886,2.552,64.7,58.1,79.9,10000.0,120.0
창신2동,종로구,행정동,37.575827162773756,127.00968872438327,연립다세대,월세,26,보통,해당지역,63.7,월환산,67.7,52.9,76.0,1.35869,0.7545,1.515,42.3,37.4,47.2,1250.0,50.0
창신2동,종로구,행정동,37.575827162773756,127.00968872438327,오피스텔,월세,11,보통,법정동,104.6,월환산,91.7,83.9,104.6,,,5.408,19.3,17.8,19.3,1000.0,100.0
창신2동,종로구,행정동,37.575827162773756,127.00968872438327,단독다가구,전세,23,보통,법정동,13000.0,보증금,13669.6,11500.0,15500.0,8.88832,0.135,246.731,47.8,39.4,100.3,13000.0,0.0
창신2동,종로구,행정동,37.575827162773756,127.00968872438327,아파트,전세,12,보통,해당지역,25500.0,보증금,25666.7,23750.0,27500.0,,,399.921,59.3,59.0,65.9,25500.0,0.0
창신2동,종로구,행정동,37.575827162773756,127.00968872438327,연립다세대,전세,41,높음,해당지역,15750.0,보증금,17158.5,11000.0,22000.0,9.48502,0.04346,341.649,41.2,36.3,53.6,15750.0,0.0
창신2동,종로구,행정동,37.575827162773756,127.00968872438327,오피스텔,전세,11,보통,법정동,21000.0,보증금,20635.8,20000.0,21497.0,,,842.912,24.9,18.6,25.6,21000.0,0.0
창신3동,종로구,행정동,37.579984999614204,127.012914975612,단독다가구,매매,116,높음,자치구,131000.0,매매가,156555.1,77875.0,207500.0,9.17587,0.54981,1252.668,100.7,49.9,223.1,,
창신3동,종로구,행정동,37.579984999614204,127.012914975612,아파트,매매,65,높음,해당지역,78000.0,매매가,79418.5,72800.0,89000.0,9.62363,0.38498,1126.046,79.9,54.7,79.9,,
창신3동,종로구,행정동,37.579984999614204,127.012914975612,연립다세대,매매,40,높음,법정동,42750.0,매매가,44667.0,34000.0,55750.0,8.20446,0.63606,1060.997,45.6,34.6,57.2,,
창신3동,종로구,행정동,37.579984999614204,127.012914975612,오피스텔,매매,268,높음,자치구,25700.0,매매가,33777.5,19000.0,35775.0,6.04809,1.18637,806.922,32.4,25.1,39.6,,
창신3동,종로구,행정동,37.579984999614204,127.012914975612,단독다가구,월세,183,높음,법정동,51.8,월환산,57.0,41.4,66.4,3.48291,0.13302,1.764,34.8,22.7,56.5,500.0,45.0
창신3동,종로구,행정동,37.579984999614204,127.012914975612,아파트,월세,37,높음,해당지역,182.9,월환산,183.1,157.9,196.2,1.67051,0.82431,2.452,79.9,64.7,79.9,15000.0,100.0
창신3동,종로구,행정동,37.579984999614204,127.012914975612,연립다세대,월세,51,높음,법정동,65.1,월환산,73.7,57.8,89.0,3.35968,0.247,1.71,38.6,31.5,44.6,2000.0,50.0
창신3동,종로구,행정동,37.579984999614204,127.012914975612,오피스텔,월세,11,보통,법정동,104.6,월환산,91.7,83.9,104.6,,,5.408,19.3,17.8,19.3,1000.0,100.0
창신3동,종로구,행정동,37.579984999614204,127.012914975612,단독다가구,전세,23,보통,법정동,13000.0,보증금,13669.6,11500.0,15500.0,8.88832,0.135,246.731,47.8,39.4,100.3,13000.0,0.0
창신3동,종로구,행정동,37.579984999614204,127.012914975612,아파트,전세,73,높음,해당지역,42000.0,보증금,43488.8,36750.0,49000.0,7.58496,0.72173,603.291,64.7,54.7,79.9,42000.0,0.0
창신3동,종로구,행정동,37.579984999614204,127.012914975612,연립다세대,전세,62,높음,법정동,16000.0,보증금,17522.4,12250.0,21980.0,10.03484,-0.09524,368.959,39.9,34.1,52.2,16000.0,0.0
창신3동,종로구,행정동,37.579984999614204,127.012914975612,오피스텔,전세,11,보통,법정동,21000.0,보증금,20635.8,20000.0,21497.0,,,842.912,24.9,18.6,25.6,21000.0,0.0
청운효자동,종로구,행정동,37.58211631606066,126.96741114633089,단독다가구,매매,22,보통,해당지역,117500.0,매매가,144927.3,79500.0,167500.0,9.31818,0.56072,1968.334,68.2,40.2,116.0,,
청운효자동,종로구,행정동,37.58211631606066,126.96741114633089,아파트,매매,390,높음,자치구,95250.0,매매가,112419.9,63075.0,141750.0,6.19378,1.23953,1267.465,79.9,54.7,84.9,,
청운효자동,종로구,행정동,37.58211631606066,126.96741114633089,연립다세대,매매,63,높음,해당지역,43000.0,매매가,51523.8,32000.0,61925.0,4.93896,1.39455,725.738,59.7,53.3,68.8,,
청운효자동,종로구,행정동,37.58211631606066,126.96741114633089,오피스텔,매매,268,높음,자치구,25700.0,매매가,33777.5,19000.0,35775.0,6.04809,1.18637,806.922,32.4,25.1,39.6,,
청운효자동,종로구,행정동,37.58211631606066,126.96741114633089,단독다가구,월세,68,높음,해당지역,107.0,월환산,120.6,70.8,141.6,2.26012,0.65627,2.807,39.7,27.9,56.4,5000.0,65.0
청운효자동,종로구,행정동,37.58211631606066,126.96741114633089,아파트,월세,730,높음,자치구,143.3,월환산,209.8,74.6,309.2,1.88588,0.86252,4.114,41.1,18.4,80.1,7415.0,88.5
청운효자동,종로구,행정동,37.58211631606066,126.96741114633089,연립다세대,월세,85,높음,해당지역,122.5,월환산,128.5,74.6,161.7,1.17536,0.92916,2.4,53.9,32.2,59.8,11000.0,50.0
청운효자동,종로구,행정동,37.58211631606066,126.96741114633089,오피스텔,월세,967,높음,자치구,89.2,월환산,94.5,69.6,113.7,2.23875,0.69354,3.332,24.0,20.1,30.4,1000.0,70.0
청운효자동,종로구,행정동,37.58211631606066,126.96741114633089,단독다가구,전세,15,보통,해당지역,22000.0,보증금,22850.0,16875.0,27000.0,,,369.891,53.8,39.2,60.0,22000.0,0.0
청운효자동,종로구,행정동,37.58211631606066,126.96741114633089,아파트,전세,411,높음,자치구,65000.0,보증금,71101.4,43000.0,95000.0,6.67826,1.00954,824.907,84.6,59.9,84.9,65000.0,0.0
청운효자동,종로구,행정동,37.58211631606066,126.96741114633089,연립다세대,전세,40,높음,해당지역,30000.0,보증금,36893.8,24800.0,37000.0,5.53972,1.1776,505.141,59.9,56.9,69.0,30000.0,0.0
청운효자동,종로구,행정동,37.58211631606066,126.96741114633089,오피스텔,전세,255,높음,자치구,23500.0,보증금,23962.6,20000.0,26450.0,7.97743,0.63582,909.504,24.8,19.8,31.9,23500.0,0.0
평창동,종로구,행정동,37.608045192750446,126.96552697053978,단독다가구,매매,116,높음,자치구,131000.0,매매가,156555.1,77875.0,207500.0,9.17587,0.54981,1252.668,100.7,49.9,223.1,,
평창동,종로구,행정동,37.608045192750446,126.96552697053978,아파트,매매,44,높음,해당지역,50500.0,매매가,74942.8,39520.5,96750.0,7.08348,0.95741,1054.065,58.1,36.8,103.1,,
평창동,종로구,행정동,37.608045192750446,126.96552697053978,연립다세대,매매,69,높음,해당지역,63900.0,매매가,77550.0,51700.0,88000.0,7.33484,0.8407,768.687,84.7,72.0,119.8,,
평창동,종로구,행정동,37.608045192750446,126.96552697053978,오피스텔,매매,268,높음,자치구,25700.0,매매가,33777.5,19000.0,35775.0,6.04809,1.18637,806.922,32.4,25.1,39.6,,
평창동,종로구,행정동,37.608045192750446,126.96552697053978,단독다가구,월세,47,높음,해당지역,94.2,월환산,138.8,59.6,142.9,1.67439,0.75744,2.054,45.4,33.2,87.3,5000.0,60.0
평창동,종로구,행정동,37.608045192750446,126.96552697053978,아파트,월세,15,보통,해당지역,182.9,월환산,190.1,69.6,272.5,,,2.284,60.0,32.5,97.8,10000.0,70.0
평창동,종로구,행정동,37.608045192750446,126.96552697053978,연립다세대,월세,58,높음,해당지역,193.1,월환산,209.4,128.8,284.0,1.04299,0.93499,2.122,84.8,69.5,130.4,10750.0,112.5
평창동,종로구,행정동,37.608045192750446,126.96552697053978,오피스텔,월세,967,높음,자치구,89.2,월환산,94.5,69.6,113.7,2.23875,0.69354,3.332,24.0,20.1,30.4,1000.0,70.0
평창동,종로구,행정동,37.608045192750446,126.96552697053978,단독다가구,전세,11,보통,해당지역,30000.0,보증금,47327.3,22250.0,72000.0,,,445.996,83.3,55.8,126.2,30000.0,0.0
평창동,종로구,행정동,37.608045192750446,126.96552697053978,아파트,전세,22,보통,해당지역,43050.0,보증금,52963.9,36875.0,66250.0,6.14865,1.0523,633.481,74.0,59.9,104.1,43050.0,0.0
평창동,종로구,행정동,37.608045192750446,126.96552697053978,연립다세대,전세,53,높음,해당지역,45000.0,보증금,52113.9,36000.0,68000.0,7.35744,0.7428,501.154,85.0,77.2,139.4,45000.0,0.0
평창동,종로구,행정동,37.608045192750446,126.96552697053978,오피스텔,전세,255,높음,자치구,23500.0,보증금,23962.6,20000.0,26450.0,7.97743,0.63582,909.504,24.8,19.8,31.9,23500.0,0.0
혜화동,종로구,행정동,37.58729404870975,126.99846715014027,단독다가구,매매,10,보통,해당지역,100250.0,매매가,124630.0,51250.0,151500.0,,,478.653,230.7,83.8,304.8,,
혜화동,종로구,행정동,37.58729404870975,126.99846715014027,아파트,매매,26,보통,해당지역,113150.0,매매가,105923.1,99000.0,120000.0,8.15736,0.77686,1396.587,84.9,84.8,84.9,,
혜화동,종로구,행정동,37.58729404870975,126.99846715014027,연립다세대,매매,53,높음,해당지역,47000.0,매매가,49860.4,38000.0,60000.0,7.87542,0.70664,805.768,57.0,48.8,70.7,,
혜화동,종로구,행정동,37.58729404870975,126.99846715014027,오피스텔,매매,268,높음,자치구,25700.0,매매가,33777.5,19000.0,35775.0,6.04809,1.18637,806.922,32.4,25.1,39.6,,
혜화동,종로구,행정동,37.58729404870975,126.99846715014027,단독다가구,월세,659,높음,해당지역,63.8,월환산,70.7,52.3,77.4,3.10908,0.3417,3.092,20.0,15.0,30.0,1000.0,55.0
혜화동,종로구,행정동,37.58729404870975,126.99846715014027,아파트,월세,15,보통,해당지역,243.8,월환산,235.5,155.8,304.4,,,3.294,65.8,49.0,84.9,20000.0,110.0
혜화동,종로구,행정동,37.58729404870975,126.99846715014027,연립다세대,월세,264,높음,해당지역,74.6,월환산,84.1,59.6,89.6,3.72196,0.18195,2.898,31.5,17.2,46.8,1000.0,68.0
혜화동,종로구,행정동,37.58729404870975,126.99846715014027,오피스텔,월세,53,높음,해당지역,138.8,월환산,139.3,133.8,138.8,2.63292,0.7035,5.352,25.4,25.0,26.7,3000.0,125.0
혜화동,종로구,행정동,37.58729404870975,126.99846715014027,단독다가구,전세,49,높음,해당지역,15000.0,보증금,17321.4,11000.0,21000.0,7.34118,0.64131,442.684,32.4,22.0,47.2,15000.0,0.0
혜화동,종로구,행정동,37.58729404870975,126.99846715014027,아파트,전세,19,보통,해당지역,68000.0,보증금,60884.2,57000.0,75500.0,,,856.132,84.8,60.2,84.9,68000.0,0.0
혜화동,종로구,행정동,37.58729404870975,126.99846715014027,연립다세대,전세,47,높음,해당지역,22000.0,보증금,23168.1,11500.0,30000.0,6.77329,0.83842,559.18,40.5,26.9,51.7,22000.0,0.0
혜화동,종로구,행정동,37.58729404870975,126.99846715014027,오피스텔,전세,255,높음,자치구,23500.0,보증금,23962.6,20000.0,26450.0,7.97743,0.63582,909.504,24.8,19.8,31.9,23500.0,0.0
광희동,중구,행정동,37.56423933495772,127.00039746641167,단독다가구,매매,69,높음,자치구,128000.0,매매가,154654.7,75000.0,200000.0,9.41458,0.49425,1181.928,112.3,49.6,229.5,,
광희동,중구,행정동,37.56423933495772,127.00039746641167,아파트,매매,40,높음,해당지역,41250.0,매매가,66248.8,36375.0,88125.0,7.08086,1.00953,1311.324,37.6,28.4,73.4,,
광희동,중구,행정동,37.56423933495772,127.00039746641167,연립다세대,매매,249,높음,자치구,40000.0,매매가,52511.2,29900.0,72000.0,8.15578,0.68569,1056.803,42.8,29.2,59.1,,
광희동,중구,행정동,37.56423933495772,127.00039746641167,오피스텔,매매,47,높음,해당지역,27434.0,매매가,25990.2,22750.0,33442.0,9.84016,0.08533,1529.127,21.9,17.9,22.8,,
광희동,중구,행정동,37.56423933495772,127.00039746641167,단독다가구,월세,50,높음,해당지역,65.9,월환산,78.9,52.3,102.9,3.61428,0.17063,1.824,42.7,25.4,82.5,1000.0,62.5
광희동,중구,행정동,37.56423933495772,127.00039746641167,아파트,월세,180,높음,해당지역,152.9,월환산,164.0,122.7,162.9,2.72305,0.65814,5.361,28.4,24.6,29.5,5000.0,125.0
광희동,중구,행정동,37.56423933495772,127.00039746641167,연립다세대,월세,12,보통,해당지역,105.3,월환산,102.3,75.3,129.2,,,4.53,26.8,21.3,28.9,2000.0,77.5
광희동,중구,행정동,37.56423933495772,127.00039746641167,오피스텔,월세,102,높음,해당지역,108.0,월환산,109.6,89.6,136.8,2.92077,0.5528,4.692,23.0,18.5,27.8,2000.0,85.0
광희동,중구,행정동,37.56423933495772,127.00039746641167,단독다가구,전세,147,높음,자치구,16170.0,보증금,18349.4,12000.0,22000.0,7.44816,0.58859,402.661,41.0,31.9,57.5,16170.0,0.0
광희동,중구,행정동,37.56423933495772,127.00039746641167,아파트,전세,62,높음,해당지역,33500.0,보증금,44071.5,28000.0,43000.0,8.16683,0.63565,1053.82,29.5,24.6,81.9,33500.0,0.0
광희동,중구,행정동,37.56423933495772,127.00039746641167,연립다세대,전세,16,보통,해당지역,27750.0,보증금,27712.5,27000.0,29000.0,,,1033.392,26.9,26.5,51.4,27750.0,0.0
광희동,중구,행정동,37.56423933495772,127.00039746641167,오피스텔,전세,42,높음,해당지역,21100.0,보증금,21220.0,18925.0,24250.0,8.12241,0.58356,950.645,20.0,18.3,25.2,21100.0,0.0
다산동,중구,행정동,37.55510705858081,127.00831692338346,단독다가구,매매,33,높음,법정동,130800.0,매매가,154259.1,85000.0,220000.0,9.24334,0.51772,958.48,131.9,74.5,258.6,,
다산동,중구,행정동,37.55510705858081,127.00831692338346,아파트,매매,18,보통,해당지역,41000.0,매매가,67822.2,30750.0,80625.0,,,692.664,59.1,49.8,82.3,,
다산동,중구,행정동,37.55510705858081,127.00831692338346,연립다세대,매매,100,높음,해당지역,35000.0,매매가,44329.5,29375.0,49250.0,7.91527,0.68681,790.903,51.9,30.0,59.2,,
다산동,중구,행정동,37.55510705858081,127.00831692338346,오피스텔,매매,12,보통,법정동,26500.0,매매가,29391.7,17275.0,34250.0,,,823.926,32.0,21.3,36.0,,
다산동,중구,행정동,37.55510705858081,127.00831692338346,단독다가구,월세,508,높음,법정동,67.3,월환산,76.5,52.3,89.6,3.07054,0.32758,2.187,33.0,23.1,46.8,1000.0,60.0
다산동,중구,행정동,37.55510705858081,127.00831692338346,아파트,월세,349,높음,법정동,251.7,월환산,236.3,167.8,305.8,1.40232,0.95136,3.536,65.4,57.6,84.9,12000.0,130.0
다산동,중구,행정동,37.55510705858081,127.00831692338346,연립다세대,월세,153,높음,해당지역,92.5,월환산,110.7,73.0,128.8,2.596,0.55253,2.667,37.8,27.9,51.3,5000.0,58.0
다산동,중구,행정동,37.55510705858081,127.00831692338346,오피스텔,월세,37,높음,해당지역,90.6,월환산,88.1,77.6,97.6,2.37751,0.65924,3.701,22.8,18.8,26.4,3000.0,73.0
다산동,중구,행정동,37.55510705858081,127.00831692338346,단독다가구,전세,108,높음,법정동,17250.0,보증금,19361.7,12900.0,25000.0,7.14201,0.67713,406.945,41.3,33.4,64.6,17250.0,0.0
다산동,중구,행정동,37.55510705858081,127.00831692338346,아파트,전세,385,높음,법정동,63000.0,보증금,64197.9,55000.0,75000.0,7.81015,0.74366,836.475,84.8,59.9,85.0,63000.0,0.0
다산동,중구,행정동,37.55510705858081,127.00831692338346,연립다세대,전세,96,높음,해당지역,26330.0,보증금,34539.4,17750.0,34000.0,7.75425,0.64194,615.756,37.1,28.8,58.8,26330.0,0.0
다산동,중구,행정동,37.55510705858081,127.00831692338346,오피스텔,전세,43,높음,법정동,21000.0,보증금,22648.6,18700.0,22000.0,7.85326,0.6707,983.284,20.3,19.5,31.5,21000.0,0.0
동화동,중구,행정동,37.560434416683975,127.01895828016946,단독다가구,매매,33,높음,법정동,130800.0,매매가,154259.1,85000.0,220000.0,9.24334,0.51772,958.48,131.9,74.5,258.6,,
동화동,중구,행정동,37.560434416683975,127.01895828016946,아파트,매매,54,높음,해당지역,140000.0,매매가,139575.0,115750.0,167500.0,10.5497,0.28417,1647.467,84.4,77.5,85.0,,
동화동,중구,행정동,37.560434416683975,127.01895828016946,연립다세대,매매,199,높음,법정동,44500.0,매매가,56920.4,32725.0,81850.0,8.3756,0.63587,1076.555,49.9,29.8,59.9,,
동화동,중구,행정동,37.560434416683975,127.01895828016946,오피스텔,매매,12,보통,법정동,26500.0,매매가,29391.7,17275.0,34250.0,,,823.926,32.0,21.3,36.0,,
동화동,중구,행정동,37.560434416683975,127.01895828016946,단독다가구,월세,508,높음,법정동,67.3,월환산,76.5,52.3,89.6,3.07054,0.32758,2.187,33.0,23.1,46.8,1000.0,60.0
동화동,중구,행정동,37.560434416683975,127.01895828016946,아파트,월세,58,높음,해당지역,285.2,월환산,279.8,212.0,320.9,2.72644,0.65653,3.506,84.4,66.6,85.0,20000.0,177.0
동화동,중구,행정동,37.560434416683975,127.01895828016946,연립다세대,월세,305,높음,법정동,95.2,월환산,106.2,73.0,127.3,2.71569,0.5242,2.838,30.0,25.5,49.8,5000.0,58.0
동화동,중구,행정동,37.560434416683975,127.01895828016946,오피스텔,월세,121,높음,법정동,90.6,월환산,92.9,83.3,94.6,2.62822,0.60896,4.273,21.3,18.7,24.0,1000.0,80.0
동화동,중구,행정동,37.560434416683975,127.01895828016946,단독다가구,전세,108,높음,법정동,17250.0,보증금,19361.7,12900.0,25000.0,7.14201,0.67713,406.945,41.3,33.4,64.6,17250.0,0.0
동화동,중구,행정동,37.560434416683975,127.01895828016946,아파트,전세,75,높음,해당지역,64000.0,보증금,68806.0,55000.0,83000.0,9.07738,0.45366,714.541,84.4,79.1,85.0,64000.0,0.0
동화동,중구,행정동,37.560434416683975,127.01895828016946,연립다세대,전세,12,보통,해당지역,28500.0,보증금,30258.3,26150.0,30500.0,,,879.068,31.5,29.4,37.5,28500.0,0.0
동화동,중구,행정동,37.560434416683975,127.01895828016946,오피스텔,전세,43,높음,법정동,21000.0,보증금,22648.6,18700.0,22000.0,7.85326,0.6707,983.284,20.3,19.5,31.5,21000.0,0.0
명동,중구,행정동,37.56108661991906,126.98717513688025,단독다가구,매매,69,높음,자치구,128000.0,매매가,154654.7,75000.0,200000.0,9.41458,0.49425,1181.928,112.3,49.6,229.5,,
명동,중구,행정동,37.56108661991906,126.98717513688025,아파트,매매,603,높음,자치구,130000.0,매매가,121214.2,86900.0,160500.0,6.67573,1.16936,1651.652,60.0,57.6,84.9,,
명동,중구,행정동,37.56108661991906,126.98717513688025,연립다세대,매매,249,높음,자치구,40000.0,매매가,52511.2,29900.0,72000.0,8.15578,0.68569,1056.803,42.8,29.2,59.1,,
명동,중구,행정동,37.56108661991906,126.98717513688025,오피스텔,매매,341,높음,자치구,31500.0,매매가,33199.2,24800.0,38000.0,7.37056,0.85775,1001.565,30.0,22.3,40.3,,
명동,중구,행정동,37.56108661991906,126.98717513688025,단독다가구,월세,14,보통,해당지역,52.2,월환산,67.0,49.6,55.1,,,2.635,19.6,17.2,36.1,450.0,50.0
명동,중구,행정동,37.56108661991906,126.98717513688025,아파트,월세,11,보통,해당지역,758.3,월환산,734.2,622.9,811.5,,,4.858,159.0,139.8,166.2,50000.0,450.0
명동,중구,행정동,37.56108661991906,126.98717513688025,연립다세대,월세,15,보통,해당지역,83.3,월환산,121.1,82.9,150.0,,,5.388,15.7,15.4,28.8,5000.0,60.0
명동,중구,행정동,37.56108661991906,126.98717513688025,오피스텔,월세,33,높음,해당지역,99.6,월환산,108.4,92.9,104.6,2.08535,0.8452,4.968,18.6,18.6,20.3,1500.0,87.0
명동,중구,행정동,37.56108661991906,126.98717513688025,단독다가구,전세,147,높음,자치구,16170.0,보증금,18349.4,12000.0,22000.0,7.44816,0.58859,402.661,41.0,31.9,57.5,16170.0,0.0
명동,중구,행정동,37.56108661991906,126.98717513688025,아파트,전세,792,높음,자치구,65000.0,보증금,64346.3,51000.0,78000.0,7.83639,0.75193,907.975,72.5,57.6,85.0,65000.0,0.0
명동,중구,행정동,37.56108661991906,126.98717513688025,연립다세대,전세,354,높음,자치구,27000.0,보증금,28095.9,20817.5,30000.0,8.32985,0.49613,791.201,29.9,26.6,54.5,27000.0,0.0
명동,중구,행정동,37.56108661991906,126.98717513688025,오피스텔,전세,12,보통,해당지역,20000.0,보증금,21908.3,18875.0,20900.0,,,1050.215,18.6,17.6,20.4,20000.0,0.0
소공동,중구,행정동,37.56350778942806,126.97073382872223,단독다가구,매매,69,높음,자치구,128000.0,매매가,154654.7,75000.0,200000.0,9.41458,0.49425,1181.928,112.3,49.6,229.5,,
소공동,중구,행정동,37.56350778942806,126.97073382872223,아파트,매매,12,보통,해당지역,73000.0,매매가,87500.0,51000.0,126875.0,,,1498.033,64.9,38.1,83.0,,
소공동,중구,행정동,37.56350778942806,126.97073382872223,연립다세대,매매,249,높음,자치구,40000.0,매매가,52511.2,29900.0,72000.0,8.15578,0.68569,1056.803,42.8,29.2,59.1,,
소공동,중구,행정동,37.56350778942806,126.97073382872223,오피스텔,매매,11,보통,해당지역,35000.0,매매가,44876.4,32200.0,49850.0,,,838.132,41.6,40.7,53.7,,
소공동,중구,행정동,37.56350778942806,126.97073382872223,단독다가구,월세,851,높음,자치구,66.9,월환산,77.8,52.3,89.6,3.11326,0.31714,2.236,33.0,20.0,49.6,1000.0,60.0
소공동,중구,행정동,37.56350778942806,126.97073382872223,아파트,월세,59,높음,해당지역,259.2,월환산,287.8,163.2,377.8,2.61587,0.76075,5.416,56.3,23.1,82.3,5000.0,190.0
소공동,중구,행정동,37.56350778942806,126.97073382872223,연립다세대,월세,625,높음,자치구,82.9,월환산,97.8,62.2,122.9,2.82057,0.47761,2.919,29.6,20.4,44.8,3000.0,55.0
소공동,중구,행정동,37.56350778942806,126.97073382872223,오피스텔,월세,54,높음,해당지역,141.3,월환산,147.5,131.8,154.6,3.50685,0.40155,3.594,38.8,36.2,41.1,1000.0,130.0
소공동,중구,행정동,37.56350778942806,126.97073382872223,단독다가구,전세,147,높음,자치구,16170.0,보증금,18349.4,12000.0,22000.0,7.44816,0.58859,402.661,41.0,31.9,57.5,16170.0,0.0
소공동,중구,행정동,37.56350778942806,126.97073382872223,아파트,전세,29,보통,해당지역,37000.0,보증금,49641.4,35000.0,66150.0,8.20496,0.68248,1237.23,45.0,22.1,69.5,37000.0,0.0
소공동,중구,행정동,37.56350778942806,126.97073382872223,연립다세대,전세,354,높음,자치구,27000.0,보증금,28095.9,20817.5,30000.0,8.32985,0.49613,791.201,29.9,26.6,54.5,27000.0,0.0
소공동,중구,행정동,37.56350778942806,126.97073382872223,오피스텔,전세,19,보통,해당지역,37000.0,보증금,45025.7,33486.5,53500.0,,,850.754,41.1,38.3,72.9,37000.0,0.0
신당5동,중구,행정동,37.56386349329236,127.02278929934535,단독다가구,매매,33,높음,법정동,130800.0,매매가,154259.1,85000.0,220000.0,9.24334,0.51772,958.48,131.9,74.5,258.6,,
신당5동,중구,행정동,37.56386349329236,127.02278929934535,아파트,매매,30,높음,해당지역,149500.0,매매가,135800.0,120500.0,163375.0,6.97397,1.12989,1957.831,60.0,59.8,85.0,,
신당5동,중구,행정동,37.56386349329236,127.02278929934535,연립다세대,매매,199,높음,법정동,44500.0,매매가,56920.4,32725.0,81850.0,8.3756,0.63587,1076.555,49.9,29.8,59.9,,
신당5동,중구,행정동,37.56386349329236,127.02278929934535,오피스텔,매매,12,보통,법정동,26500.0,매매가,29391.7,17275.0,34250.0,,,823.926,32.0,21.3,36.0,,
신당5동,중구,행정동,37.56386349329236,127.02278929934535,단독다가구,월세,508,높음,법정동,67.3,월환산,76.5,52.3,89.6,3.07054,0.32758,2.187,33.0,23.1,46.8,1000.0,60.0
신당5동,중구,행정동,37.56386349329236,127.02278929934535,아파트,월세,94,높음,해당지역,94.8,월환산,163.2,78.7,270.5,0.68335,1.11759,3.227,30.5,24.4,59.7,4112.0,76.0
신당5동,중구,행정동,37.56386349329236,127.02278929934535,연립다세대,월세,30,높음,해당지역,66.3,월환산,78.0,38.1,113.5,2.55377,0.49829,2.418,29.3,20.1,30.0,2242.0,45.0
신당5동,중구,행정동,37.56386349329236,127.02278929934535,오피스텔,월세,71,높음,해당지역,89.6,월환산,95.4,84.0,94.2,1.42064,1.03061,4.63,18.8,18.7,21.3,1000.0,82.0
신당5동,중구,행정동,37.56386349329236,127.02278929934535,단독다가구,전세,108,높음,법정동,17250.0,보증금,19361.7,12900.0,25000.0,7.14201,0.67713,406.945,41.3,33.4,64.6,17250.0,0.0
신당5동,중구,행정동,37.56386349329236,127.02278929934535,아파트,전세,33,높음,해당지역,73000.0,보증금,69324.2,60000.0,75075.0,9.26437,0.43315,910.759,84.2,60.0,85.0,73000.0,0.0
신당5동,중구,행정동,37.56386349329236,127.02278929934535,연립다세대,전세,201,높음,법정동,27190.0,보증금,30875.7,20000.0,32500.0,8.23084,0.51499,618.429,41.8,28.8,60.2,27190.0,0.0
신당5동,중구,행정동,37.56386349329236,127.02278929934535,오피스텔,전세,23,보통,해당지역,20600.0,보증금,24112.6,16100.0,31025.0,6.12353,1.23197,934.959,20.2,18.0,31.9,20600.0,0.0
신당동,중구,행정동,37.56533241462024,127.01498658056798,단독다가구,매매,69,높음,자치구,128000.0,매매가,154654.7,75000.0,200000.0,9.41458,0.49425,1181.928,112.3,49.6,229.5,,
신당동,중구,행정동,37.56533241462024,127.01498658056798,아파트,매매,19,보통,해당지역,65000.0,매매가,75681.6,26500.0,141000.0,,,945.338,75.4,40.1,115.6,,
신당동,중구,행정동,37.56533241462024,127.01498658056798,연립다세대,매매,26,보통,해당지역,58900.0,매매가,56440.4,39000.0,68750.0,9.57197,0.38245,2026.257,30.8,17.7,33.3,,
신당동,중구,행정동,37.56533241462024,127.01498658056798,오피스텔,매매,13,보통,해당지역,37500.0,매매가,28776.9,16900.0,38000.0,,,821.977,46.2,24.8,46.7,,
신당동,중구,행정동,37.56533241462024,127.01498658056798,단독다가구,월세,16,보통,해당지역,73.2,월환산,75.4,66.6,82.9,,,2.669,29.9,18.0,33.5,2000.0,65.0
신당동,중구,행정동,37.56533241462024,127.01498658056798,아파트,월세,48,높음,해당지역,94.6,월환산,120.1,79.6,116.9,2.36906,0.72848,4.938,23.8,15.6,25.0,1000.0,87.5
신당동,중구,행정동,37.56533241462024,127.01498658056798,연립다세대,월세,18,보통,해당지역,104.2,월환산,103.1,70.1,121.4,,,3.728,29.7,18.6,34.7,2000.0,60.5
신당동,중구,행정동,37.56533241462024,127.01498658056798,오피스텔,월세,82,높음,해당지역,80.6,월환산,91.2,77.6,93.3,2.13896,0.73241,3.539,22.9,20.1,25.2,1000.0,76.0
신당동,중구,행정동,37.56533241462024,127.01498658056798,단독다가구,전세,147,높음,자치구,16170.0,보증금,18349.4,12000.0,22000.0,7.44816,0.58859,402.661,41.0,31.9,57.5,16170.0,0.0
신당동,중구,행정동,37.56533241462024,127.01498658056798,아파트,전세,12,보통,해당지역,25250.0,보증금,33283.3,17225.0,27125.0,,,1049.538,23.8,16.6,23.8,25250.0,0.0
신당동,중구,행정동,37.56533241462024,127.01498658056798,연립다세대,전세,25,보통,해당지역,27000.0,보증금,26001.6,23000.0,32500.0,7.60765,0.68687,702.165,30.0,22.2,71.6,27000.0,0.0
신당동,중구,행정동,37.56533241462024,127.01498658056798,오피스텔,전세,12,보통,해당지역,21845.0,보증금,24995.6,18300.0,27100.0,,,770.837,24.7,23.7,31.0,21845.0,0.0
약수동,중구,행정동,37.55020850317629,127.01003791643524,단독다가구,매매,33,높음,법정동,130800.0,매매가,154259.1,85000.0,220000.0,9.24334,0.51772,958.48,131.9,74.5,258.6,,
약수동,중구,행정동,37.55020850317629,127.01003791643524,아파트,매매,104,높음,해당지역,161950.0,매매가,159545.2,150000.0,173000.0,8.60157,0.77464,2055.844,84.9,59.9,84.9,,
약수동,중구,행정동,37.55020850317629,127.01003791643524,연립다세대,매매,52,높음,해당지역,99750.0,매매가,88282.7,71525.0,107250.0,8.429,0.7113,1531.174,63.1,51.7,69.9,,
약수동,중구,행정동,37.55020850317629,127.01003791643524,오피스텔,매매,12,보통,법정동,26500.0,매매가,29391.7,17275.0,34250.0,,,823.926,32.0,21.3,36.0,,
약수동,중구,행정동,37.55020850317629,127.01003791643524,단독다가구,월세,508,높음,법정동,67.3,월환산,76.5,52.3,89.6,3.07054,0.32758,2.187,33.0,23.1,46.8,1000.0,60.0
약수동,중구,행정동,37.55020850317629,127.01003791643524,아파트,월세,117,높음,해당지역,267.5,월환산,265.7,225.8,320.0,2.89645,0.62606,3.719,84.9,59.9,84.9,12600.0,165.0
약수동,중구,행정동,37.55020850317629,127.01003791643524,연립다세대,월세,60,높음,해당지역,95.5,월환산,106.7,80.7,123.1,2.97169,0.45762,2.685,39.0,25.4,57.4,5000.0,58.5
약수동,중구,행정동,37.55020850317629,127.01003791643524,오피스텔,월세,121,높음,법정동,90.6,월환산,92.9,83.3,94.6,2.62822,0.60896,4.273,21.3,18.7,24.0,1000.0,80.0
약수동,중구,행정동,37.55020850317629,127.01003791643524,단독다가구,전세,108,높음,법정동,17250.0,보증금,19361.7,12900.0,25000.0,7.14201,0.67713,406.945,41.3,33.4,64.6,17250.0,0.0
약수동,중구,행정동,37.55020850317629,127.01003791643524,아파트,전세,144,높음,해당지역,68125.0,보증금,66907.4,57000.0,76150.0,8.24418,0.65076,835.98,84.9,59.9,92.4,68125.0,0.0
약수동,중구,행정동,37.55020850317629,127.01003791643524,연립다세대,전세,42,높음,해당지역,27650.0,보증금,26580.0,20000.0,30000.0,8.36596,0.43762,444.508,58.4,49.4,69.1,27650.0,0.0
약수동,중구,행정동,37.55020850317629,127.01003791643524,오피스텔,전세,15,보통,해당지역,21000.0,보증금,21133.3,21000.0,21500.0,,,1032.448,20.3,20.3,20.3,21000.0,0.0
을지로동,중구,행정동,37.56713201454053,126.99453752379209,단독다가구,매매,69,높음,자치구,128000.0,매매가,154654.7,75000.0,200000.0,9.41458,0.49425,1181.928,112.3,49.6,229.5,,
을지로동,중구,행정동,37.56713201454053,126.99453752379209,아파트,매매,21,보통,해당지역,113500.0,매매가,106071.4,86200.0,120000.0,5.5394,1.55042,2295.313,49.4,46.0,50.0,,
을지로동,중구,행정동,37.56713201454053,126.99453752379209,연립다세대,매매,249,높음,자치구,40000.0,매매가,52511.2,29900.0,72000.0,8.15578,0.68569,1056.803,42.8,29.2,59.1,,
을지로동,중구,행정동,37.56713201454053,126.99453752379209,오피스텔,매매,19,보통,해당지역,24500.0,매매가,27841.7,17400.0,32518.5,,,900.628,29.8,23.7,35.7,,
을지로동,중구,행정동,37.56713201454053,126.99453752379209,단독다가구,월세,851,높음,자치구,66.9,월환산,77.8,52.3,89.6,3.11326,0.31714,2.236,33.0,20.0,49.6,1000.0,60.0
을지로동,중구,행정동,37.56713201454053,126.99453752379209,아파트,월세,73,높음,해당지역,296.7,월환산,292.5,257.5,332.9,4.99444,0.16527,6.303,46.7,46.0,50.0,5000.0,240.0
을지로동,중구,행정동,37.56713201454053,126.99453752379209,연립다세대,월세,625,높음,자치구,82.9,월환산,97.8,62.2,122.9,2.82057,0.47761,2.919,29.6,20.4,44.8,3000.0,55.0
을지로동,중구,행정동,37.56713201454053,126.99453752379209,오피스텔,월세,44,높음,해당지역,96.7,월환산,118.9,92.4,116.2,1.13648,1.11009,4.628,22.6,19.4,29.8,3700.0,75.0
을지로동,중구,행정동,37.56713201454053,126.99453752379209,단독다가구,전세,147,높음,자치구,16170.0,보증금,18349.4,12000.0,22000.0,7.44816,0.58859,402.661,41.0,31.9,57.5,16170.0,0.0
을지로동,중구,행정동,37.56713201454053,126.99453752379209,아파트,전세,29,보통,해당지역,70000.0,보증금,69080.5,62000.0,75000.0,10.24835,0.22176,1415.779,50.0,49.8,56.5,70000.0,0.0
을지로동,중구,행정동,37.56713201454053,126.99453752379209,연립다세대,전세,354,높음,자치구,27000.0,보증금,28095.9,20817.5,30000.0,8.32985,0.49613,791.201,29.9,26.6,54.5,27000.0,0.0
을지로동,중구,행정동,37.56713201454053,126.99453752379209,오피스텔,전세,18,보통,해당지역,24000.0,보증금,25694.7,21025.0,31916.2,,,914.031,26.9,22.6,35.4,24000.0,0.0
장충동,중구,행정동,37.55940040895572,127.00242960808478,단독다가구,매매,69,높음,자치구,128000.0,매매가,154654.7,75000.0,200000.0,9.41458,0.49425,1181.928,112.3,49.6,229.5,,
장충동,중구,행정동,37.55940040895572,127.00242960808478,아파트,매매,603,높음,자치구,130000.0,매매가,121214.2,86900.0,160500.0,6.67573,1.16936,1651.652,60.0,57.6,84.9,,
장충동,중구,행정동,37.55940040895572,127.00242960808478,연립다세대,매매,249,높음,자치구,40000.0,매매가,52511.2,29900.0,72000.0,8.15578,0.68569,1056.803,42.8,29.2,59.1,,
장충동,중구,행정동,37.55940040895572,127.00242960808478,오피스텔,매매,341,높음,자치구,31500.0,매매가,33199.2,24800.0,38000.0,7.37056,0.85775,1001.565,30.0,22.3,40.3,,
장충동,중구,행정동,37.55940040895572,127.00242960808478,단독다가구,월세,40,높음,해당지역,71.1,월환산,85.1,61.0,105.5,2.14062,0.62696,2.405,38.2,22.2,50.5,1000.0,63.0
장충동,중구,행정동,37.55940040895572,127.00242960808478,아파트,월세,24,보통,해당지역,69.6,월환산,69.9,69.6,69.6,3.93683,0.1074,5.141,13.5,13.5,22.8,1000.0,65.0
장충동,중구,행정동,37.55940040895572,127.00242960808478,연립다세대,월세,206,높음,해당지역,60.8,월환산,76.1,51.3,75.7,2.85208,0.39786,2.552,22.2,19.2,46.4,1000.0,55.0
장충동,중구,행정동,37.55940040895572,127.00242960808478,오피스텔,월세,992,높음,자치구,104.6,월환산,118.5,83.6,142.5,2.43264,0.69456,4.0,23.8,19.0,34.9,2000.0,80.0
장충동,중구,행정동,37.55940040895572,127.00242960808478,단독다가구,전세,147,높음,자치구,16170.0,보증금,18349.4,12000.0,22000.0,7.44816,0.58859,402.661,41.0,31.9,57.5,16170.0,0.0
장충동,중구,행정동,37.55940040895572,127.00242960808478,아파트,전세,792,높음,자치구,65000.0,보증금,64346.3,51000.0,78000.0,7.83639,0.75193,907.975,72.5,57.6,85.0,65000.0,0.0
장충동,중구,행정동,37.55940040895572,127.00242960808478,연립다세대,전세,25,보통,해당지역,10000.0,보증금,12319.2,7800.0,15000.0,7.16168,0.69471,488.171,18.5,15.5,26.6,10000.0,0.0
장충동,중구,행정동,37.55940040895572,127.00242960808478,오피스텔,전세,520,높음,자치구,30000.0,보증금,31256.8,22000.0,36000.0,7.66361,0.75605,957.524,34.9,22.3,41.1,30000.0,0.0
중림동,중구,행정동,37.55663764205015,126.96599745934358,단독다가구,매매,69,높음,자치구,128000.0,매매가,154654.7,75000.0,200000.0,9.41458,0.49425,1181.928,112.3,49.6,229.5,,
중림동,중구,행정동,37.55663764205015,126.96599745934358,아파트,매매,46,높음,해당지역,177500.0,매매가,180893.3,163500.0,202750.0,10.88158,0.28044,2512.563,79.0,59.9,85.0,,
중림동,중구,행정동,37.55663764205015,126.96599745934358,연립다세대,매매,249,높음,자치구,40000.0,매매가,52511.2,29900.0,72000.0,8.15578,0.68569,1056.803,42.8,29.2,59.1,,
중림동,중구,행정동,37.55663764205015,126.96599745934358,오피스텔,매매,34,높음,해당지역,27900.0,매매가,47667.6,25425.0,73000.0,7.74333,0.81749,1220.848,29.9,17.6,66.5,,
중림동,중구,행정동,37.55663764205015,126.96599745934358,단독다가구,월세,16,보통,해당지역,70.9,월환산,65.4,51.0,79.6,,,1.49,38.8,30.0,60.7,1000.0,53.5
중림동,중구,행정동,37.55663764205015,126.96599745934358,아파트,월세,177,높음,해당지역,321.9,월환산,253.3,112.8,360.4,-0.63393,1.43853,4.153,60.0,40.0,85.0,10000.0,100.0
중림동,중구,행정동,37.55663764205015,126.96599745934358,연립다세대,월세,17,보통,해당지역,100.3,월환산,106.3,69.6,147.6,,,2.543,35.0,30.0,47.9,10000.0,50.0
중림동,중구,행정동,37.55663764205015,126.96599745934358,오피스텔,월세,112,높음,해당지역,124.6,월환산,149.2,116.9,192.2,3.49905,0.43612,6.268,17.9,17.6,62.8,1000.0,120.0
중림동,중구,행정동,37.55663764205015,126.96599745934358,단독다가구,전세,147,높음,자치구,16170.0,보증금,18349.4,12000.0,22000.0,7.44816,0.58859,402.661,41.0,31.9,57.5,16170.0,0.0
중림동,중구,행정동,37.55663764205015,126.96599745934358,아파트,전세,141,높음,해당지역,80000.0,보증금,79677.4,73500.0,87077.0,9.17886,0.47991,1054.335,85.0,59.9,85.0,80000.0,0.0
중림동,중구,행정동,37.55663764205015,126.96599745934358,연립다세대,전세,29,보통,해당지역,31000.0,보증금,28132.8,27000.0,31500.0,10.02079,0.0435,1001.855,30.0,30.0,37.5,31000.0,0.0
중림동,중구,행정동,37.55663764205015,126.96599745934358,오피스텔,전세,71,높음,해당지역,39270.0,보증금,38855.7,24038.5,53000.0,8.31005,0.60355,872.574,56.2,17.6,66.5,39270.0,0.0
청구동,중구,행정동,37.555939159238314,127.01478626110432,단독다가구,매매,33,높음,법정동,130800.0,매매가,154259.1,85000.0,220000.0,9.24334,0.51772,958.48,131.9,74.5,258.6,,
청구동,중구,행정동,37.555939159238314,127.01478626110432,아파트,매매,61,높음,해당지역,150000.0,매매가,153932.8,145000.0,164000.0,10.41389,0.35657,2286.982,60.0,57.6,84.9,,
청구동,중구,행정동,37.555939159238314,127.01478626110432,연립다세대,매매,199,높음,법정동,44500.0,매매가,56920.4,32725.0,81850.0,8.3756,0.63587,1076.555,49.9,29.8,59.9,,
청구동,중구,행정동,37.555939159238314,127.01478626110432,오피스텔,매매,12,보통,법정동,26500.0,매매가,29391.7,17275.0,34250.0,,,823.926,32.0,21.3,36.0,,
청구동,중구,행정동,37.555939159238314,127.01478626110432,단독다가구,월세,508,높음,법정동,67.3,월환산,76.5,52.3,89.6,3.07054,0.32758,2.187,33.0,23.1,46.8,1000.0,60.0
청구동,중구,행정동,37.555939159238314,127.01478626110432,아파트,월세,70,높음,해당지역,271.2,월환산,264.0,221.0,309.4,3.28301,0.51658,3.529,84.9,57.6,85.0,20000.0,159.0
청구동,중구,행정동,37.555939159238314,127.01478626110432,연립다세대,월세,40,높음,해당지역,97.8,월환산,104.7,74.2,124.9,2.6883,0.56677,3.678,28.4,20.4,34.7,3500.0,66.0
청구동,중구,행정동,37.555939159238314,127.01478626110432,오피스텔,월세,121,높음,법정동,90.6,월환산,92.9,83.3,94.6,2.62822,0.60896,4.273,21.3,18.7,24.0,1000.0,80.0
청구동,중구,행정동,37.555939159238314,127.01478626110432,단독다가구,전세,108,높음,법정동,17250.0,보증금,19361.7,12900.0,25000.0,7.14201,0.67713,406.945,41.3,33.4,64.6,17250.0,0.0
청구동,중구,행정동,37.555939159238314,127.01478626110432,아파트,전세,124,높음,해당지역,60000.0,보증금,59833.7,53375.0,68000.0,7.52281,0.81527,857.343,65.4,57.6,84.9,60000.0,0.0
청구동,중구,행정동,37.555939159238314,127.01478626110432,연립다세대,전세,19,보통,해당지역,29000.0,보증금,28769.6,25731.5,30000.0,,,929.915,28.2,27.7,35.5,29000.0,0.0
청구동,중구,행정동,37.555939159238314,127.01478626110432,오피스텔,전세,43,높음,법정동,21000.0,보증금,22648.6,18700.0,22000.0,7.85326,0.6707,983.284,20.3,19.5,31.5,21000.0,0.0
필동,중구,행정동,37.56072131835306,126.9966651716041,단독다가구,매매,69,높음,자치구,128000.0,매매가,154654.7,75000.0,200000.0,9.41458,0.49425,1181.928,112.3,49.6,229.5,,
필동,중구,행정동,37.56072131835306,126.9966651716041,아파트,매매,19,보통,해당지역,59000.0,매매가,63786.8,50250.0,79660.0,,,1140.684,46.5,42.6,52.5,,
필동,중구,행정동,37.56072131835306,126.9966651716041,연립다세대,매매,249,높음,자치구,40000.0,매매가,52511.2,29900.0,72000.0,8.15578,0.68569,1056.803,42.8,29.2,59.1,,
필동,중구,행정동,37.56072131835306,126.9966651716041,오피스텔,매매,341,높음,자치구,31500.0,매매가,33199.2,24800.0,38000.0,7.37056,0.85775,1001.565,30.0,22.3,40.3,,
필동,중구,행정동,37.56072131835306,126.9966651716041,단독다가구,월세,51,높음,해당지역,75.7,월환산,90.2,54.6,94.2,2.88262,0.40624,2.398,35.0,22.6,53.7,1000.0,58.0
필동,중구,행정동,37.56072131835306,126.9966651716041,아파트,월세,46,높음,해당지역,154.8,월환산,191.3,132.7,261.7,3.2395,0.55369,5.678,39.0,21.0,44.6,5000.0,132.5
필동,중구,행정동,37.56072131835306,126.9966651716041,연립다세대,월세,19,보통,해당지역,116.2,월환산,130.4,90.7,127.1,,,4.255,28.5,25.7,38.8,10000.0,34.0
필동,중구,행정동,37.56072131835306,126.9966651716041,오피스텔,월세,45,높음,해당지역,108.7,월환산,122.9,104.6,114.6,2.47308,0.70453,4.017,28.1,26.3,28.9,2000.0,100.0
필동,중구,행정동,37.56072131835306,126.9966651716041,단독다가구,전세,147,높음,자치구,16170.0,보증금,18349.4,12000.0,22000.0,7.44816,0.58859,402.661,41.0,31.9,57.5,16170.0,0.0
필동,중구,행정동,37.56072131835306,126.9966651716041,아파트,전세,37,높음,해당지역,40950.0,보증금,42139.2,31500.0,52500.0,8.77455,0.50861,1225.589,40.6,29.2,44.6,40950.0,0.0
필동,중구,행정동,37.56072131835306,126.9966651716041,연립다세대,전세,20,보통,해당지역,24790.0,보증금,24805.5,22750.0,26437.5,8.95986,0.33293,860.362,29.6,26.7,29.8,24790.0,0.0
필동,중구,행정동,37.56072131835306,126.9966651716041,오피스텔,전세,21,보통,해당지역,26000.0,보증금,29082.9,21960.0,40000.0,7.71747,0.75951,1172.357,28.7,24.3,33.2,26000.0,0.0
황학동,중구,행정동,37.568500808057024,127.02180151879426,단독다가구,매매,10,보통,해당지역,127650.0,매매가,136220.0,79600.0,205250.0,,,1393.088,71.4,50.8,244.4,,
황학동,중구,행정동,37.568500808057024,127.02180151879426,아파트,매매,156,높음,해당지역,102000.0,매매가,87890.1,37125.0,118500.0,6.16648,1.25091,1360.504,59.9,33.3,84.9,,
황학동,중구,행정동,37.568500808057024,127.02180151879426,연립다세대,매매,27,보통,해당지역,26500.0,매매가,26283.3,19000.0,29950.0,8.02297,0.62707,892.019,28.7,21.3,37.7,,
황학동,중구,행정동,37.568500808057024,127.02180151879426,오피스텔,매매,197,높음,해당지역,32800.0,매매가,32693.6,25000.0,39500.0,7.02146,0.95029,1006.944,31.0,24.0,40.5,,
황학동,중구,행정동,37.568500808057024,127.02180151879426,단독다가구,월세,38,높음,해당지역,64.6,월환산,74.3,38.5,98.3,3.14386,0.27571,1.931,41.3,29.8,63.5,1000.0,60.0
황학동,중구,행정동,37.568500808057024,127.02180151879426,아파트,월세,172,높음,해당지역,124.8,월환산,166.4,77.1,261.7,1.90772,0.82778,3.775,33.5,16.4,84.9,7000.0,78.5
황학동,중구,행정동,37.568500808057024,127.02180151879426,연립다세대,월세,34,높음,해당지역,123.3,월환산,115.7,106.9,129.1,1.98266,0.81189,4.122,29.6,27.2,30.0,21000.0,21.0
황학동,중구,행정동,37.568500808057024,127.02180151879426,오피스텔,월세,399,높음,해당지역,94.6,월환산,121.8,76.0,163.8,1.78053,0.88104,3.819,24.5,21.7,34.9,3000.0,68.0
황학동,중구,행정동,37.568500808057024,127.02180151879426,단독다가구,전세,11,보통,해당지역,13500.0,보증금,16272.7,9500.0,19250.0,,,264.914,51.0,42.4,55.4,13500.0,0.0
황학동,중구,행정동,37.568500808057024,127.02180151879426,아파트,전세,83,높음,해당지역,60000.0,보증금,57887.3,50400.0,73500.0,7.15329,0.89117,848.156,63.7,59.9,85.0,60000.0,0.0
황학동,중구,행정동,37.568500808057024,127.02180151879426,연립다세대,전세,20,보통,해당지역,26200.0,보증금,25828.5,23525.0,27387.5,9.87982,0.0785,873.428,29.9,28.4,32.4,26200.0,0.0
황학동,중구,행정동,37.568500808057024,127.02180151879426,오피스텔,전세,278,높음,해당지역,32500.0,보증금,32467.9,26000.0,36000.0,7.28115,0.86477,964.522,34.9,30.0,42.5,32500.0,0.0
회현동,중구,행정동,37.55738867735455,126.98034799028365,단독다가구,매매,69,높음,자치구,128000.0,매매가,154654.7,75000.0,200000.0,9.41458,0.49425,1181.928,112.3,49.6,229.5,,
회현동,중구,행정동,37.55738867735455,126.98034799028365,아파트,매매,21,보통,해당지역,180000.0,매매가,153685.7,98000.0,209000.0,7.48327,0.97073,1630.531,113.5,45.0,126.8,,
회현동,중구,행정동,37.55738867735455,126.98034799028365,연립다세대,매매,249,높음,자치구,40000.0,매매가,52511.2,29900.0,72000.0,8.15578,0.68569,1056.803,42.8,29.2,59.1,,
회현동,중구,행정동,37.55738867735455,126.98034799028365,오피스텔,매매,341,높음,자치구,31500.0,매매가,33199.2,24800.0,38000.0,7.37056,0.85775,1001.565,30.0,22.3,40.3,,
회현동,중구,행정동,37.55738867735455,126.98034799028365,단독다가구,월세,36,높음,해당지역,63.9,월환산,79.6,51.3,70.6,2.97747,0.36205,2.556,23.0,16.1,61.3,1000.0,51.0
회현동,중구,행정동,37.55738867735455,126.98034799028365,아파트,월세,15,보통,해당지역,706.4,월환산,632.4,583.1,736.7,,,4.896,142.2,118.9,147.1,3000.0,650.0
회현동,중구,행정동,37.55738867735455,126.98034799028365,연립다세대,월세,14,보통,해당지역,119.2,월환산,109.2,73.9,136.1,,,5.038,23.3,16.0,26.0,21000.0,30.0
회현동,중구,행정동,37.55738867735455,126.98034799028365,오피스텔,월세,992,높음,자치구,104.6,월환산,118.5,83.6,142.5,2.43264,0.69456,4.0,23.8,19.0,34.9,2000.0,80.0
회현동,중구,행정동,37.55738867735455,126.98034799028365,단독다가구,전세,147,높음,자치구,16170.0,보증금,18349.4,12000.0,22000.0,7.44816,0.58859,402.661,41.0,31.9,57.5,16170.0,0.0
회현동,중구,행정동,37.55738867735455,126.98034799028365,아파트,전세,10,보통,해당지역,123500.0,보증금,110000.0,97750.0,133000.0,,,920.452,130.4,116.8,136.6,123500.0,0.0
회현동,중구,행정동,37.55738867735455,126.98034799028365,연립다세대,전세,33,높음,해당지역,26300.0,보증금,25928.0,23000.0,28500.0,9.28989,0.26531,1032.587,26.1,22.6,27.6,26300.0,0.0
회현동,중구,행정동,37.55738867735455,126.98034799028365,오피스텔,전세,520,높음,자치구,30000.0,보증금,31256.8,22000.0,36000.0,7.66361,0.75605,957.524,34.9,22.3,41.1,30000.0,0.0
망우3동,중랑구,행정동,37.59247149960741,127.09703937468264,단독다가구,매매,11,보통,법정동,73000.0,매매가,84381.8,52100.0,105000.0,,,346.756,198.9,157.3,283.8,,
망우3동,중랑구,행정동,37.59247149960741,127.09703937468264,아파트,매매,116,높음,법정동,63600.0,매매가,66139.2,54450.0,81250.0,7.68221,0.78611,817.766,84.7,59.9,84.9,,
망우3동,중랑구,행정동,37.59247149960741,127.09703937468264,연립다세대,매매,86,높음,해당지역,31500.0,매매가,32893.0,26075.0,37000.0,9.48216,0.23516,889.854,41.1,29.8,50.8,,
망우3동,중랑구,행정동,37.59247149960741,127.09703937468264,오피스텔,매매,27,보통,법정동,37500.0,매매가,37674.1,10750.0,57950.0,6.03999,1.11943,670.803,59.1,18.5,84.6,,
망우3동,중랑구,행정동,37.59247149960741,127.09703937468264,단독다가구,월세,562,높음,법정동,54.6,월환산,59.3,39.6,73.6,2.06888,0.52986,1.46,36.0,29.0,48.5,1000.0,40.0
망우3동,중랑구,행정동,37.59247149960741,127.09703937468264,아파트,월세,480,높음,법정동,76.7,월환산,76.6,29.3,97.4,0.95302,0.91825,1.721,37.6,15.0,46.9,11790.0,16.0
망우3동,중랑구,행정동,37.59247149960741,127.09703937468264,연립다세대,월세,48,높음,해당지역,87.4,월환산,85.0,63.7,101.3,2.04568,0.63627,2.179,33.8,29.1,54.2,10200.0,37.0
망우3동,중랑구,행정동,37.59247149960741,127.09703937468264,오피스텔,월세,161,높음,법정동,74.2,월환산,121.1,69.2,173.8,1.89196,0.78645,3.294,21.6,18.5,84.1,5000.0,60.0
망우3동,중랑구,행정동,37.59247149960741,127.09703937468264,단독다가구,전세,122,높음,법정동,14500.0,보증금,15241.8,8625.0,21000.0,5.96091,0.92321,303.193,41.6,33.0,57.8,14500.0,0.0
망우3동,중랑구,행정동,37.59247149960741,127.09703937468264,아파트,전세,100,높음,법정동,50700.0,보증금,46923.8,40712.5,55000.0,5.5367,1.18998,617.949,84.8,79.5,85.0,50700.0,0.0
망우3동,중랑구,행정동,37.59247149960741,127.09703937468264,연립다세대,전세,36,높음,해당지역,23510.0,보증금,25094.9,19112.5,30500.0,6.62371,0.9314,649.884,40.1,30.0,52.1,23510.0,0.0
망우3동,중랑구,행정동,37.59247149960741,127.09703937468264,오피스텔,전세,231,높음,법정동,30000.0,보증금,30694.8,14128.0,43005.0,7.37554,0.7538,649.884,42.5,21.6,84.5,30000.0,0.0
망우본동,중랑구,행정동,37.60421132963686,127.10187642109756,단독다가구,매매,11,보통,법정동,73000.0,매매가,84381.8,52100.0,105000.0,,,346.756,198.9,157.3,283.8,,
망우본동,중랑구,행정동,37.60421132963686,127.10187642109756,아파트,매매,116,높음,해당지역,63600.0,매매가,66139.2,54450.0,81250.0,7.68221,0.78611,817.766,84.7,59.9,84.9,,
망우본동,중랑구,행정동,37.60421132963686,127.10187642109756,연립다세대,매매,53,높음,해당지역,33500.0,매매가,33232.8,25970.0,41000.0,9.90056,0.12537,837.696,43.6,29.3,51.5,,
망우본동,중랑구,행정동,37.60421132963686,127.10187642109756,오피스텔,매매,25,보통,해당지역,37000.0,매매가,36368.0,10500.0,61900.0,6.05923,1.10573,632.484,59.3,18.5,84.6,,
망우본동,중랑구,행정동,37.60421132963686,127.10187642109756,단독다가구,월세,562,높음,법정동,54.6,월환산,59.3,39.6,73.6,2.06888,0.52986,1.46,36.0,29.0,48.5,1000.0,40.0
망우본동,중랑구,행정동,37.60421132963686,127.10187642109756,아파트,월세,479,높음,해당지역,76.7,월환산,76.5,29.3,97.4,0.95636,0.91699,1.721,37.6,15.0,46.9,11790.0,16.0
망우본동,중랑구,행정동,37.60421132963686,127.10187642109756,연립다세대,월세,89,높음,해당지역,119.4,월환산,119.3,81.5,140.8,3.86578,0.2244,3.343,39.9,28.7,53.9,5000.0,53.0
망우본동,중랑구,행정동,37.60421132963686,127.10187642109756,오피스텔,월세,155,높음,해당지역,74.2,월환산,121.7,69.0,175.9,1.89173,0.78646,3.301,21.6,18.5,84.3,5000.0,63.0
망우본동,중랑구,행정동,37.60421132963686,127.10187642109756,단독다가구,전세,122,높음,법정동,14500.0,보증금,15241.8,8625.0,21000.0,5.96091,0.92321,303.193,41.6,33.0,57.8,14500.0,0.0
망우본동,중랑구,행정동,37.60421132963686,127.10187642109756,아파트,전세,100,높음,해당지역,50700.0,보증금,46923.8,40712.5,55000.0,5.5367,1.18998,617.949,84.8,79.5,85.0,50700.0,0.0
망우본동,중랑구,행정동,37.60421132963686,127.10187642109756,연립다세대,전세,78,높음,해당지역,21500.0,보증금,22405.1,18575.0,25375.0,9.34036,0.1828,745.345,29.7,24.9,48.9,21500.0,0.0
망우본동,중랑구,행정동,37.60421132963686,127.10187642109756,오피스텔,전세,229,높음,해당지역,30000.0,보증금,30735.8,14128.0,43010.0,7.36982,0.75492,649.884,42.5,21.6,84.5,30000.0,0.0
면목2동,중랑구,행정동,37.58930637621302,127.07778765661907,단독다가구,매매,56,높음,법정동,71753.5,매매가,83422.8,52950.0,103883.2,9.71461,0.29771,414.496,169.2,129.4,218.3,,
면목2동,중랑구,행정동,37.58930637621302,127.07778765661907,아파트,매매,91,높음,해당지역,45800.0,매매가,47457.8,39750.0,59350.0,7.26194,0.87958,902.289,45.4,44.5,59.9,,
면목2동,중랑구,행정동,37.58930637621302,127.07778765661907,연립다세대,매매,43,높음,해당지역,32500.0,매매가,33658.1,24500.0,40050.0,8.57951,0.465,706.13,49.3,33.4,54.6,,
면목2동,중랑구,행정동,37.58930637621302,127.07778765661907,오피스텔,매매,112,높음,자치구,34495.5,매매가,33012.0,15975.0,45968.0,6.73435,0.96952,770.305,36.3,27.5,45.7,,
면목2동,중랑구,행정동,37.58930637621302,127.07778765661907,단독다가구,월세,1577,높음,법정동,54.6,월환산,60.4,42.3,74.6,2.59777,0.40464,1.698,33.0,25.0,43.6,1000.0,45.0
면목2동,중랑구,행정동,37.58930637621302,127.07778765661907,아파트,월세,68,높음,해당지역,84.6,월환산,99.8,66.8,114.0,1.80774,0.75178,2.52,35.3,27.0,48.7,1000.0,70.0
면목2동,중랑구,행정동,37.58930637621302,127.07778765661907,연립다세대,월세,112,높음,해당지역,93.8,월환산,94.2,57.6,122.6,2.54061,0.52791,2.335,33.1,29.1,42.5,5000.0,40.5
면목2동,중랑구,행정동,37.58930637621302,127.07778765661907,오피스텔,월세,85,높음,법정동,80.6,월환산,91.9,59.6,122.9,1.76043,0.79977,2.901,24.4,19.2,41.6,10000.0,30.0
면목2동,중랑구,행정동,37.58930637621302,127.07778765661907,단독다가구,전세,373,높음,법정동,12000.0,보증금,12723.0,8000.0,17000.0,6.64932,0.71267,300.3,40.0,30.0,54.4,12000.0,0.0
면목2동,중랑구,행정동,37.58930637621302,127.07778765661907,아파트,전세,48,높음,해당지역,30000.0,보증금,30348.4,24000.0,35875.0,7.47039,0.70787,586.53,59.7,42.2,83.3,30000.0,0.0
면목2동,중랑구,행정동,37.58930637621302,127.07778765661907,연립다세대,전세,36,높음,해당지역,21750.0,보증금,21636.7,18750.0,26000.0,10.07934,-0.06242,532.624,40.5,29.7,51.7,21750.0,0.0
면목2동,중랑구,행정동,37.58930637621302,127.07778765661907,오피스텔,전세,51,높음,법정동,26800.0,보증금,25902.1,18500.0,30000.0,7.89797,0.6285,727.214,40.8,22.3,46.7,26800.0,0.0
면목3.8동,중랑구,행정동,37.58439851431951,127.09316966359059,단독다가구,매매,56,높음,법정동,71753.5,매매가,83422.8,52950.0,103883.2,9.71461,0.29771,414.496,169.2,129.4,218.3,,
면목3.8동,중랑구,행정동,37.58439851431951,127.09316966359059,아파트,매매,96,높음,해당지역,66750.0,매매가,65104.2,59125.0,73500.0,7.87301,0.75277,941.735,82.4,59.2,84.9,,
면목3.8동,중랑구,행정동,37.58439851431951,127.09316966359059,연립다세대,매매,55,높음,해당지역,31700.0,매매가,33562.7,26950.0,40250.0,9.21998,0.31215,868.092,39.7,29.9,48.5,,
면목3.8동,중랑구,행정동,37.58439851431951,127.09316966359059,오피스텔,매매,112,높음,자치구,34495.5,매매가,33012.0,15975.0,45968.0,6.73435,0.96952,770.305,36.3,27.5,45.7,,
면목3.8동,중랑구,행정동,37.58439851431951,127.09316966359059,단독다가구,월세,1577,높음,법정동,54.6,월환산,60.4,42.3,74.6,2.59777,0.40464,1.698,33.0,25.0,43.6,1000.0,45.0
면목3.8동,중랑구,행정동,37.58439851431951,127.09316966359059,아파트,월세,40,높음,해당지역,144.3,월환산,159.0,110.0,213.2,1.32535,0.89333,2.62,59.8,44.4,84.9,10000.0,80.0
면목3.8동,중랑구,행정동,37.58439851431951,127.09316966359059,연립다세대,월세,97,높음,해당지역,94.0,월환산,92.3,62.8,118.8,2.93761,0.45421,3.306,27.8,21.9,37.1,12000.0,34.0
면목3.8동,중랑구,행정동,37.58439851431951,127.09316966359059,오피스텔,월세,12,보통,해당지역,115.7,월환산,105.0,72.7,126.4,,,2.785,46.8,20.2,50.0,21450.0,10.0
면목3.8동,중랑구,행정동,37.58439851431951,127.09316966359059,단독다가구,전세,373,높음,법정동,12000.0,보증금,12723.0,8000.0,17000.0,6.64932,0.71267,300.3,40.0,30.0,54.4,12000.0,0.0
면목3.8동,중랑구,행정동,37.58439851431951,127.09316966359059,아파트,전세,40,높음,해당지역,42000.0,보증금,41288.8,33000.0,46500.0,7.56648,0.73305,676.819,59.6,55.1,83.9,42000.0,0.0
면목3.8동,중랑구,행정동,37.58439851431951,127.09316966359059,연립다세대,전세,69,높음,해당지역,23000.0,보증금,24238.5,20000.0,30000.0,8.62267,0.40319,705.972,30.0,27.4,45.9,23000.0,0.0
면목3.8동,중랑구,행정동,37.58439851431951,127.09316966359059,오피스텔,전세,51,높음,법정동,26800.0,보증금,25902.1,18500.0,30000.0,7.89797,0.6285,727.214,40.8,22.3,46.7,26800.0,0.0
면목4동,중랑구,행정동,37.5733934293743,127.08435336182313,단독다가구,매매,56,높음,법정동,71753.5,매매가,83422.8,52950.0,103883.2,9.71461,0.29771,414.496,169.2,129.4,218.3,,
면목4동,중랑구,행정동,37.5733934293743,127.08435336182313,아파트,매매,92,높음,해당지역,77750.0,매매가,79612.0,63375.0,93375.0,8.99323,0.5326,1129.026,60.0,59.6,85.0,,
면목4동,중랑구,행정동,37.5733934293743,127.08435336182313,연립다세대,매매,75,높음,해당지역,34013.0,매매가,37393.4,25899.0,48525.0,8.06872,0.66575,1040.402,42.4,26.7,49.2,,
면목4동,중랑구,행정동,37.5733934293743,127.08435336182313,오피스텔,매매,112,높음,자치구,34495.5,매매가,33012.0,15975.0,45968.0,6.73435,0.96952,770.305,36.3,27.5,45.7,,
면목4동,중랑구,행정동,37.5733934293743,127.08435336182313,단독다가구,월세,1577,높음,법정동,54.6,월환산,60.4,42.3,74.6,2.59777,0.40464,1.698,33.0,25.0,43.6,1000.0,45.0
면목4동,중랑구,행정동,37.5733934293743,127.08435336182313,아파트,월세,18,보통,해당지역,220.1,월환산,228.2,192.7,261.0,,,2.653,84.6,60.0,85.0,23000.0,102.5
면목4동,중랑구,행정동,37.5733934293743,127.08435336182313,연립다세대,월세,51,높음,해당지역,95.0,월환산,101.9,65.9,123.5,3.86212,0.17658,2.876,42.2,29.8,53.5,9000.0,40.0
면목4동,중랑구,행정동,37.5733934293743,127.08435336182313,오피스텔,월세,85,높음,법정동,80.6,월환산,91.9,59.6,122.9,1.76043,0.79977,2.901,24.4,19.2,41.6,10000.0,30.0
면목4동,중랑구,행정동,37.5733934293743,127.08435336182313,단독다가구,전세,373,높음,법정동,12000.0,보증금,12723.0,8000.0,17000.0,6.64932,0.71267,300.3,40.0,30.0,54.4,12000.0,0.0
면목4동,중랑구,행정동,37.5733934293743,127.08435336182313,아파트,전세,48,높음,해당지역,55000.0,보증금,52866.2,45112.5,60000.0,9.03553,0.4256,688.052,83.1,59.9,85.0,55000.0,0.0
면목4동,중랑구,행정동,37.5733934293743,127.08435336182313,연립다세대,전세,47,높음,해당지역,21800.0,보증금,22214.5,16350.0,25750.0,9.73591,0.05699,557.917,41.9,33.9,59.0,21800.0,0.0
면목4동,중랑구,행정동,37.5733934293743,127.08435336182313,오피스텔,전세,51,높음,법정동,26800.0,보증금,25902.1,18500.0,30000.0,7.89797,0.6285,727.214,40.8,22.3,46.7,26800.0,0.0
면목5동,중랑구,행정동,37.58370341409464,127.08014072017127,단독다가구,매매,56,높음,법정동,71753.5,매매가,83422.8,52950.0,103883.2,9.71461,0.29771,414.496,169.2,129.4,218.3,,
면목5동,중랑구,행정동,37.58370341409464,127.08014072017127,아파트,매매,73,높음,해당지역,129000.0,매매가,121879.5,110000.0,140000.0,7.02762,1.07699,1647.912,84.9,60.0,85.0,,
면목5동,중랑구,행정동,37.58370341409464,127.08014072017127,연립다세대,매매,61,높음,해당지역,40246.0,매매가,40549.2,35000.0,45000.0,9.84603,0.2002,1013.004,40.6,38.2,50.4,,
면목5동,중랑구,행정동,37.58370341409464,127.08014072017127,오피스텔,매매,112,높음,자치구,34495.5,매매가,33012.0,15975.0,45968.0,6.73435,0.96952,770.305,36.3,27.5,45.7,,
면목5동,중랑구,행정동,37.58370341409464,127.08014072017127,단독다가구,월세,1577,높음,법정동,54.6,월환산,60.4,42.3,74.6,2.59777,0.40464,1.698,33.0,25.0,43.6,1000.0,45.0
면목5동,중랑구,행정동,37.58370341409464,127.08014072017127,아파트,월세,52,높음,해당지역,210.4,월환산,215.7,116.0,313.8,-3.36392,2.03378,3.317,60.0,59.8,84.9,15182.0,57.5
면목5동,중랑구,행정동,37.58370341409464,127.08014072017127,연립다세대,월세,52,높음,해당지역,109.1,월환산,105.5,81.4,121.7,3.24761,0.37522,2.746,38.3,29.6,47.7,14144.5,22.0
면목5동,중랑구,행정동,37.58370341409464,127.08014072017127,오피스텔,월세,85,높음,법정동,80.6,월환산,91.9,59.6,122.9,1.76043,0.79977,2.901,24.4,19.2,41.6,10000.0,30.0
면목5동,중랑구,행정동,37.58370341409464,127.08014072017127,단독다가구,전세,373,높음,법정동,12000.0,보증금,12723.0,8000.0,17000.0,6.64932,0.71267,300.3,40.0,30.0,54.4,12000.0,0.0
면목5동,중랑구,행정동,37.58370341409464,127.08014072017127,아파트,전세,69,높음,해당지역,68000.0,보증금,66084.5,59000.0,75000.0,7.33285,0.86513,865.534,84.9,60.0,85.0,68000.0,0.0
면목5동,중랑구,행정동,37.58370341409464,127.08014072017127,연립다세대,전세,59,높음,해당지역,23500.0,보증금,23961.7,18500.0,28000.0,8.01455,0.5564,649.466,38.8,29.1,46.9,23500.0,0.0
면목5동,중랑구,행정동,37.58370341409464,127.08014072017127,오피스텔,전세,51,높음,법정동,26800.0,보증금,25902.1,18500.0,30000.0,7.89797,0.6285,727.214,40.8,22.3,46.7,26800.0,0.0
면목7동,중랑구,행정동,37.579024707392314,127.08856142730224,단독다가구,매매,56,높음,법정동,71753.5,매매가,83422.8,52950.0,103883.2,9.71461,0.29771,414.496,169.2,129.4,218.3,,
면목7동,중랑구,행정동,37.579024707392314,127.08856142730224,아파트,매매,145,높음,해당지역,76000.0,매매가,78905.2,70000.0,84000.0,9.30951,0.44653,950.837,84.8,74.8,84.9,,
면목7동,중랑구,행정동,37.579024707392314,127.08856142730224,연립다세대,매매,54,높음,해당지역,38750.0,매매가,38080.4,32625.0,46375.0,8.53593,0.5375,976.05,38.3,29.1,50.3,,
면목7동,중랑구,행정동,37.579024707392314,127.08856142730224,오피스텔,매매,112,높음,자치구,34495.5,매매가,33012.0,15975.0,45968.0,6.73435,0.96952,770.305,36.3,27.5,45.7,,
면목7동,중랑구,행정동,37.579024707392314,127.08856142730224,단독다가구,월세,1577,높음,법정동,54.6,월환산,60.4,42.3,74.6,2.59777,0.40464,1.698,33.0,25.0,43.6,1000.0,45.0
면목7동,중랑구,행정동,37.579024707392314,127.08856142730224,아파트,월세,65,높음,해당지역,114.3,월환산,154.6,94.9,213.5,1.64428,0.79266,2.214,60.0,60.0,84.8,15462.0,52.0
면목7동,중랑구,행정동,37.579024707392314,127.08856142730224,연립다세대,월세,109,높음,해당지역,126.5,월환산,112.0,78.2,143.8,2.67424,0.60086,4.549,26.0,19.9,29.9,3000.0,62.0
면목7동,중랑구,행정동,37.579024707392314,127.08856142730224,오피스텔,월세,21,보통,해당지역,61.6,월환산,92.1,50.6,124.2,-0.10782,1.35537,2.628,25.9,19.2,38.0,1000.0,46.0
면목7동,중랑구,행정동,37.579024707392314,127.08856142730224,단독다가구,전세,373,높음,법정동,12000.0,보증금,12723.0,8000.0,17000.0,6.64932,0.71267,300.3,40.0,30.0,54.4,12000.0,0.0
면목7동,중랑구,행정동,37.579024707392314,127.08856142730224,아파트,전세,97,높음,해당지역,50000.0,보증금,49992.9,43500.0,55000.0,7.9474,0.65386,629.515,84.8,74.9,84.9,50000.0,0.0
면목7동,중랑구,행정동,37.579024707392314,127.08856142730224,연립다세대,전세,46,높음,해당지역,23200.0,보증금,21795.3,17000.0,28000.0,8.95876,0.27304,773.994,29.1,23.4,39.0,23200.0,0.0
면목7동,중랑구,행정동,37.579024707392314,127.08856142730224,오피스텔,전세,20,보통,해당지역,18500.0,보증금,20410.4,18000.0,22775.0,8.07844,0.58144,889.578,20.2,20.0,26.1,18500.0,0.0
면목본동,중랑구,행정동,37.588370938929486,127.08939872125052,단독다가구,매매,56,높음,법정동,71753.5,매매가,83422.8,52950.0,103883.2,9.71461,0.29771,414.496,169.2,129.4,218.3,,
면목본동,중랑구,행정동,37.588370938929486,127.08939872125052,아파트,매매,15,보통,해당지역,67750.0,매매가,65836.7,64500.0,76000.0,,,967.654,78.9,59.9,80.5,,
면목본동,중랑구,행정동,37.588370938929486,127.08939872125052,연립다세대,매매,158,높음,해당지역,39600.0,매매가,40491.5,32625.0,48950.0,9.48035,0.29229,985.511,41.6,30.0,52.2,,
면목본동,중랑구,행정동,37.588370938929486,127.08939872125052,오피스텔,매매,112,높음,자치구,34495.5,매매가,33012.0,15975.0,45968.0,6.73435,0.96952,770.305,36.3,27.5,45.7,,
면목본동,중랑구,행정동,37.588370938929486,127.08939872125052,단독다가구,월세,1577,높음,법정동,54.6,월환산,60.4,42.3,74.6,2.59777,0.40464,1.698,33.0,25.0,43.6,1000.0,45.0
면목본동,중랑구,행정동,37.588370938929486,127.08939872125052,아파트,월세,54,높음,해당지역,78.1,월환산,75.6,55.3,92.3,3.16099,0.40011,4.787,16.7,14.4,16.7,5000.0,42.5
면목본동,중랑구,행정동,37.588370938929486,127.08939872125052,연립다세대,월세,180,높음,해당지역,107.7,월환산,108.7,82.8,130.6,2.70083,0.549,3.28,30.0,27.4,43.7,10000.0,40.0
면목본동,중랑구,행정동,37.588370938929486,127.08939872125052,오피스텔,월세,45,높음,해당지역,77.9,월환산,82.9,55.8,93.1,2.1508,0.6736,2.785,23.0,18.0,29.8,10000.0,28.0
면목본동,중랑구,행정동,37.588370938929486,127.08939872125052,단독다가구,전세,373,높음,법정동,12000.0,보증금,12723.0,8000.0,17000.0,6.64932,0.71267,300.3,40.0,30.0,54.4,12000.0,0.0
면목본동,중랑구,행정동,37.588370938929486,127.08939872125052,아파트,전세,309,높음,법정동,50000.0,보증금,49683.8,40000.0,60000.0,7.07134,0.86856,669.792,83.6,59.8,84.9,50000.0,0.0
면목본동,중랑구,행정동,37.588370938929486,127.08939872125052,연립다세대,전세,219,높음,해당지역,23000.0,보증금,23658.4,19000.0,27000.0,8.98749,0.29128,683.761,32.8,28.8,45.5,23000.0,0.0
면목본동,중랑구,행정동,37.588370938929486,127.08939872125052,오피스텔,전세,19,보통,해당지역,33600.0,보증금,30468.4,25575.0,35000.0,,,720.412,47.3,30.0,55.9,33600.0,0.0
묵1동,중랑구,행정동,37.61585455757099,127.08309874273178,단독다가구,매매,109,높음,자치구,77000.0,매매가,85634.6,59750.0,105000.0,9.61855,0.32306,425.783,180.3,143.0,228.0,,
묵1동,중랑구,행정동,37.61585455757099,127.08309874273178,아파트,매매,345,높음,해당지역,49500.0,매매가,57543.0,32000.0,74300.0,7.9942,0.73989,1058.914,49.8,36.7,84.7,,
묵1동,중랑구,행정동,37.61585455757099,127.08309874273178,연립다세대,매매,69,높음,해당지역,27800.0,매매가,27892.0,22500.0,33300.0,8.68557,0.38455,530.891,52.5,40.9,62.3,,
묵1동,중랑구,행정동,37.61585455757099,127.08309874273178,오피스텔,매매,112,높음,자치구,34495.5,매매가,33012.0,15975.0,45968.0,6.73435,0.96952,770.305,36.3,27.5,45.7,,
묵1동,중랑구,행정동,37.61585455757099,127.08309874273178,단독다가구,월세,434,높음,법정동,58.3,월환산,63.4,44.2,79.2,3.29826,0.217,1.872,32.0,21.2,43.5,1000.0,45.0
묵1동,중랑구,행정동,37.61585455757099,127.08309874273178,아파트,월세,586,높음,해당지역,80.1,월환산,95.6,70.6,109.9,2.30806,0.65559,3.452,20.5,18.3,39.8,9830.0,35.0
묵1동,중랑구,행정동,37.61585455757099,127.08309874273178,연립다세대,월세,129,높음,해당지역,83.8,월환산,84.2,60.6,105.2,2.84985,0.43841,2.532,30.4,26.5,43.2,7000.0,44.0
묵1동,중랑구,행정동,37.61585455757099,127.08309874273178,오피스텔,월세,28,보통,해당지역,60.8,월환산,59.9,58.7,61.8,3.40869,0.22891,3.408,17.8,15.9,19.4,3000.0,45.5
묵1동,중랑구,행정동,37.61585455757099,127.08309874273178,단독다가구,전세,86,높음,법정동,13000.0,보증금,13908.1,7625.0,18000.0,7.59201,0.48094,318.25,37.2,30.0,62.2,13000.0,0.0
묵1동,중랑구,행정동,37.61585455757099,127.08309874273178,아파트,전세,197,높음,해당지역,40000.0,보증금,44573.9,29654.0,61950.0,6.46243,0.97561,577.309,60.0,59.8,96.4,40000.0,0.0
묵1동,중랑구,행정동,37.61585455757099,127.08309874273178,연립다세대,전세,68,높음,해당지역,20330.0,보증금,20648.2,16887.5,24925.0,8.36923,0.40109,506.537,42.3,29.9,57.4,20330.0,0.0
묵1동,중랑구,행정동,37.61585455757099,127.08309874273178,오피스텔,전세,428,높음,자치구,24000.0,보증금,27657.9,18000.0,37800.0,7.43641,0.74165,665.888,34.2,21.6,61.9,24000.0,0.0
묵2동,중랑구,행정동,37.61009397071052,127.0752924129714,단독다가구,매매,109,높음,자치구,77000.0,매매가,85634.6,59750.0,105000.0,9.61855,0.32306,425.783,180.3,143.0,228.0,,
묵2동,중랑구,행정동,37.61009397071052,127.0752924129714,아파트,매매,34,높음,해당지역,70250.0,매매가,67139.7,56125.0,78275.0,6.54499,1.0401,863.695,84.1,59.6,85.0,,
묵2동,중랑구,행정동,37.61009397071052,127.0752924129714,연립다세대,매매,111,높음,해당지역,27500.0,매매가,29493.2,24000.0,34150.0,8.36709,0.51921,777.548,39.3,28.8,48.9,,
묵2동,중랑구,행정동,37.61009397071052,127.0752924129714,오피스텔,매매,112,높음,자치구,34495.5,매매가,33012.0,15975.0,45968.0,6.73435,0.96952,770.305,36.3,27.5,45.7,,
묵2동,중랑구,행정동,37.61009397071052,127.0752924129714,단독다가구,월세,434,높음,법정동,58.3,월환산,63.4,44.2,79.2,3.29826,0.217,1.872,32.0,21.2,43.5,1000.0,45.0
묵2동,중랑구,행정동,37.61009397071052,127.0752924129714,아파트,월세,21,보통,해당지역,89.2,월환산,135.9,79.2,210.4,1.50685,0.84958,2.795,50.2,47.1,83.5,9500.0,70.0
묵2동,중랑구,행정동,37.61009397071052,127.0752924129714,연립다세대,월세,82,높음,해당지역,88.1,월환산,83.2,52.1,101.0,2.4255,0.54938,2.719,29.7,26.5,41.4,6888.0,40.0
묵2동,중랑구,행정동,37.61009397071052,127.0752924129714,오피스텔,월세,28,보통,법정동,60.8,월환산,59.9,58.7,61.8,3.40869,0.22891,3.408,17.8,15.9,19.4,3000.0,45.5
묵2동,중랑구,행정동,37.61009397071052,127.0752924129714,단독다가구,전세,86,높음,법정동,13000.0,보증금,13908.1,7625.0,18000.0,7.59201,0.48094,318.25,37.2,30.0,62.2,13000.0,0.0
묵2동,중랑구,행정동,37.61009397071052,127.0752924129714,아파트,전세,31,높음,해당지역,45000.0,보증금,42873.7,31591.5,56000.0,6.48169,0.95462,637.689,84.1,59.6,85.0,45000.0,0.0
묵2동,중랑구,행정동,37.61009397071052,127.0752924129714,연립다세대,전세,56,높음,해당지역,20700.0,보증금,19961.0,17467.5,24000.0,8.63127,0.32785,556.785,30.0,27.1,48.5,20700.0,0.0
묵2동,중랑구,행정동,37.61009397071052,127.0752924129714,오피스텔,전세,428,높음,자치구,24000.0,보증금,27657.9,18000.0,37800.0,7.43641,0.74165,665.888,34.2,21.6,61.9,24000.0,0.0
상봉1동,중랑구,행정동,37.59921672781181,127.08760814280437,단독다가구,매매,17,보통,법정동,81000.0,매매가,85411.2,68000.0,100000.0,,,552.981,153.8,65.0,191.8,,
상봉1동,중랑구,행정동,37.59921672781181,127.08760814280437,아파트,매매,141,높음,해당지역,74000.0,매매가,75859.2,65500.0,82000.0,7.67971,0.81734,983.558,84.6,68.1,85.0,,
상봉1동,중랑구,행정동,37.59921672781181,127.08760814280437,연립다세대,매매,46,높음,해당지역,33750.0,매매가,32737.4,25500.0,37750.0,8.49558,0.49229,678.304,42.9,30.4,57.2,,
상봉1동,중랑구,행정동,37.59921672781181,127.08760814280437,오피스텔,매매,56,높음,법정동,35650.0,매매가,37157.1,32875.0,46057.0,8.30711,0.60227,1251.322,36.3,31.0,37.9,,
상봉1동,중랑구,행정동,37.59921672781181,127.08760814280437,단독다가구,월세,325,높음,법정동,59.2,월환산,64.3,43.3,79.6,2.93887,0.32961,1.922,30.1,24.0,42.7,1000.0,50.0
상봉1동,중랑구,행정동,37.59921672781181,127.08760814280437,아파트,월세,149,높음,해당지역,128.5,월환산,146.6,94.7,191.3,2.7895,0.56519,3.667,36.6,30.0,68.1,14000.0,58.0
상봉1동,중랑구,행정동,37.59921672781181,127.08760814280437,연립다세대,월세,61,높음,해당지역,89.2,월환산,91.4,69.9,110.0,3.5586,0.25099,2.674,35.7,29.1,54.5,10000.0,35.0
상봉1동,중랑구,행정동,37.59921672781181,127.08760814280437,오피스텔,월세,217,높음,법정동,92.0,월환산,99.0,73.8,120.8,2.6385,0.56264,3.362,29.8,22.1,36.3,5000.0,61.0
상봉1동,중랑구,행정동,37.59921672781181,127.08760814280437,단독다가구,전세,55,높음,법정동,13000.0,보증금,14255.3,9750.0,20000.0,8.70087,0.19806,361.111,41.7,30.0,62.7,13000.0,0.0
상봉1동,중랑구,행정동,37.59921672781181,127.08760814280437,아파트,전세,111,높음,해당지역,45000.0,보증금,47248.4,39625.0,52500.0,5.91563,1.10728,592.593,84.6,68.1,85.0,45000.0,0.0
상봉1동,중랑구,행정동,37.59921672781181,127.08760814280437,연립다세대,전세,48,높음,해당지역,22500.0,보증금,23073.1,20000.0,25200.0,9.66519,0.09436,542.789,42.9,29.8,56.7,22500.0,0.0
상봉1동,중랑구,행정동,37.59921672781181,127.08760814280437,오피스텔,전세,99,높음,법정동,20000.0,보증금,24751.3,17925.0,33300.0,7.28583,0.78784,742.084,29.9,22.7,45.6,20000.0,0.0
상봉2동,중랑구,행정동,37.59459147231497,127.08585711619621,단독다가구,매매,17,보통,법정동,81000.0,매매가,85411.2,68000.0,100000.0,,,552.981,153.8,65.0,191.8,,
상봉2동,중랑구,행정동,37.59459147231497,127.08585711619621,아파트,매매,51,높음,해당지역,57500.0,매매가,67778.4,24850.0,92000.0,6.59933,1.05302,932.424,81.0,23.8,85.0,,
상봉2동,중랑구,행정동,37.59459147231497,127.08585711619621,연립다세대,매매,112,높음,해당지역,31000.0,매매가,31989.0,26225.0,38000.0,8.69567,0.45848,953.435,30.1,27.3,47.7,,
상봉2동,중랑구,행정동,37.59459147231497,127.08585711619621,오피스텔,매매,55,높음,해당지역,36400.0,매매가,37616.3,33534.0,46114.0,8.82477,0.46073,1251.322,36.3,32.5,38.2,,
상봉2동,중랑구,행정동,37.59459147231497,127.08585711619621,단독다가구,월세,325,높음,법정동,59.2,월환산,64.3,43.3,79.6,2.93887,0.32961,1.922,30.1,24.0,42.7,1000.0,50.0
상봉2동,중랑구,행정동,37.59459147231497,127.08585711619621,아파트,월세,493,높음,해당지역,95.5,월환산,95.1,78.0,98.5,2.84879,0.52772,4.109,24.0,18.0,24.0,9500.0,55.0
상봉2동,중랑구,행정동,37.59459147231497,127.08585711619621,연립다세대,월세,290,높음,해당지역,100.1,월환산,101.6,81.2,119.6,3.3409,0.37692,3.985,27.2,16.8,33.1,13450.0,28.5
상봉2동,중랑구,행정동,37.59459147231497,127.08585711619621,오피스텔,월세,215,높음,해당지역,92.5,월환산,99.4,74.4,121.9,2.67244,0.55318,3.362,29.8,22.1,36.8,5000.0,61.0
상봉2동,중랑구,행정동,37.59459147231497,127.08585711619621,단독다가구,전세,55,높음,법정동,13000.0,보증금,14255.3,9750.0,20000.0,8.70087,0.19806,361.111,41.7,30.0,62.7,13000.0,0.0
상봉2동,중랑구,행정동,37.59459147231497,127.08585711619621,아파트,전세,36,높음,해당지역,45600.0,보증금,44700.0,24925.0,55000.0,8.25975,0.56731,626.167,84.6,35.2,93.0,45600.0,0.0
상봉2동,중랑구,행정동,37.59459147231497,127.08585711619621,연립다세대,전세,115,높음,해당지역,22050.0,보증금,21675.1,19000.0,26000.0,8.4808,0.43914,834.128,29.1,21.2,31.2,22050.0,0.0
상봉2동,중랑구,행정동,37.59459147231497,127.08585711619621,오피스텔,전세,97,높음,해당지역,20000.0,보증금,24977.1,18000.0,33600.0,7.27591,0.79048,733.366,31.7,23.3,45.6,20000.0,0.0
신내1동,중랑구,행정동,37.61287818568327,127.10443176919561,단독다가구,매매,109,높음,자치구,77000.0,매매가,85634.6,59750.0,105000.0,9.61855,0.32306,425.783,180.3,143.0,228.0,,
신내1동,중랑구,행정동,37.61287818568327,127.10443176919561,아파트,매매,258,높음,해당지역,65000.0,매매가,64597.1,53850.0,75000.0,8.42707,0.60588,853.085,84.4,59.8,84.9,,
신내1동,중랑구,행정동,37.61287818568327,127.10443176919561,연립다세대,매매,45,높음,해당지역,30000.0,매매가,31653.3,24900.0,38000.0,8.18468,0.56074,672.892,46.6,37.9,55.4,,
신내1동,중랑구,행정동,37.61287818568327,127.10443176919561,오피스텔,매매,13,보통,법정동,15900.0,매매가,17877.0,15000.0,19850.0,,,446.477,35.1,29.9,36.7,,
신내1동,중랑구,행정동,37.61287818568327,127.10443176919561,단독다가구,월세,48,높음,법정동,52.3,월환산,57.7,33.1,76.4,3.83536,0.0235,1.316,49.5,29.5,157.0,1000.0,40.0
신내1동,중랑구,행정동,37.61287818568327,127.10443176919561,아파트,월세,491,높음,해당지역,54.6,월환산,69.2,46.4,65.5,0.01876,1.05357,1.124,49.7,39.9,59.6,5854.0,27.0
신내1동,중랑구,행정동,37.61287818568327,127.10443176919561,연립다세대,월세,28,보통,해당지역,94.3,월환산,96.6,67.4,120.8,1.4838,0.79196,2.036,43.5,30.9,59.1,11700.0,29.0
신내1동,중랑구,행정동,37.61287818568327,127.10443176919561,오피스텔,월세,27,보통,해당지역,100.8,월환산,102.0,93.7,113.3,-0.462,1.49215,3.372,29.9,27.8,33.7,3000.0,85.0
신내1동,중랑구,행정동,37.61287818568327,127.10443176919561,단독다가구,전세,14,보통,법정동,13000.0,보증금,13383.6,8250.0,15952.5,,,283.943,40.2,34.2,104.8,13000.0,0.0
신내1동,중랑구,행정동,37.61287818568327,127.10443176919561,아파트,전세,551,높음,해당지역,26365.0,보증금,26117.0,15446.0,34864.0,6.11975,0.91964,259.64,60.0,59.6,85.0,26365.0,0.0
신내1동,중랑구,행정동,37.61287818568327,127.10443176919561,연립다세대,전세,37,높음,해당지역,21000.0,보증금,20593.2,17000.0,23100.0,9.2615,0.16222,539.234,47.5,24.7,54.3,21000.0,0.0
신내1동,중랑구,행정동,37.61287818568327,127.10443176919561,오피스텔,전세,37,높음,해당지역,23000.0,보증금,22418.5,20000.0,24000.0,6.20252,1.11875,735.786,29.9,27.8,33.7,23000.0,0.0
신내2동,중랑구,행정동,37.61217641489567,127.09343715709336,단독다가구,매매,109,높음,자치구,77000.0,매매가,85634.6,59750.0,105000.0,9.61855,0.32306,425.783,180.3,143.0,228.0,,
신내2동,중랑구,행정동,37.61217641489567,127.09343715709336,아파트,매매,292,높음,해당지역,56000.0,매매가,56104.8,43825.0,65000.0,7.74151,0.7798,958.409,49.9,39.8,74.2,,
신내2동,중랑구,행정동,37.61217641489567,127.09343715709336,연립다세대,매매,45,높음,법정동,30000.0,매매가,31653.3,24900.0,38000.0,8.18468,0.56074,672.892,46.6,37.9,55.4,,
신내2동,중랑구,행정동,37.61217641489567,127.09343715709336,오피스텔,매매,13,보통,법정동,15900.0,매매가,17877.0,15000.0,19850.0,,,446.477,35.1,29.9,36.7,,
신내2동,중랑구,행정동,37.61217641489567,127.09343715709336,단독다가구,월세,48,높음,법정동,52.3,월환산,57.7,33.1,76.4,3.83536,0.0235,1.316,49.5,29.5,157.0,1000.0,40.0
신내2동,중랑구,행정동,37.61217641489567,127.09343715709336,아파트,월세,177,높음,해당지역,94.2,월환산,99.0,76.8,133.3,-2.25043,1.74104,2.287,39.8,39.6,49.9,3000.0,72.0
신내2동,중랑구,행정동,37.61217641489567,127.09343715709336,연립다세대,월세,28,보통,법정동,94.3,월환산,96.6,67.4,120.8,1.4838,0.79196,2.036,43.5,30.9,59.1,11700.0,29.0
신내2동,중랑구,행정동,37.61217641489567,127.09343715709336,오피스텔,월세,41,높음,해당지역,64.6,월환산,61.5,52.3,69.6,2.11165,0.58681,1.982,35.1,21.6,35.1,1000.0,60.0
신내2동,중랑구,행정동,37.61217641489567,127.09343715709336,단독다가구,전세,14,보통,법정동,13000.0,보증금,13383.6,8250.0,15952.5,,,283.943,40.2,34.2,104.8,13000.0,0.0
신내2동,중랑구,행정동,37.61217641489567,127.09343715709336,아파트,전세,213,높음,해당지역,29000.0,보증금,32570.3,23000.0,38800.0,6.6799,0.91382,577.309,49.8,39.8,74.2,29000.0,0.0
신내2동,중랑구,행정동,37.61217641489567,127.09343715709336,연립다세대,전세,37,높음,법정동,21000.0,보증금,20593.2,17000.0,23100.0,9.2615,0.16222,539.234,47.5,24.7,54.3,21000.0,0.0
신내2동,중랑구,행정동,37.61217641489567,127.09343715709336,오피스텔,전세,40,높음,법정동,22000.0,보증금,21759.6,20000.0,24000.0,10.00062,-0.00741,722.718,29.9,27.8,33.7,22000.0,0.0
중화1동,중랑구,행정동,37.60075827011226,127.0821374527711,단독다가구,매매,15,보통,법정동,83900.0,매매가,83960.0,65000.0,104500.0,,,400.35,199.1,178.9,220.6,,
중화1동,중랑구,행정동,37.60075827011226,127.0821374527711,아파트,매매,84,높음,해당지역,82500.0,매매가,78006.0,70950.0,86200.0,11.02484,0.05243,1303.605,59.8,59.8,84.0,,
중화1동,중랑구,행정동,37.60075827011226,127.0821374527711,연립다세대,매매,97,높음,해당지역,31700.0,매매가,35599.0,23500.0,47100.0,7.57853,0.72763,777.882,49.1,38.6,59.5,,
중화1동,중랑구,행정동,37.60075827011226,127.0821374527711,오피스텔,매매,112,높음,자치구,34495.5,매매가,33012.0,15975.0,45968.0,6.73435,0.96952,770.305,36.3,27.5,45.7,,
중화1동,중랑구,행정동,37.60075827011226,127.0821374527711,단독다가구,월세,565,높음,법정동,57.6,월환산,61.1,42.3,75.0,3.39331,0.17632,1.693,33.0,25.0,46.0,1000.0,45.0
중화1동,중랑구,행정동,37.60075827011226,127.0821374527711,아파트,월세,30,높음,해당지역,166.8,월환산,166.1,145.4,195.8,2.26965,0.67598,2.503,59.8,50.4,84.0,10000.0,95.0
중화1동,중랑구,행정동,37.60075827011226,127.0821374527711,연립다세대,월세,122,높음,해당지역,73.8,월환산,77.5,54.4,98.7,3.06208,0.32887,1.781,42.4,29.6,47.7,4965.0,41.0
중화1동,중랑구,행정동,37.60075827011226,127.0821374527711,오피스텔,월세,41,높음,법정동,64.6,월환산,68.6,64.3,69.6,2.53291,0.55009,3.054,22.2,16.7,22.2,1000.0,60.0
중화1동,중랑구,행정동,37.60075827011226,127.0821374527711,단독다가구,전세,100,높음,법정동,13000.0,보증금,13270.5,8875.0,17000.0,8.56501,0.2119,321.282,37.5,30.0,51.7,13000.0,0.0
중화1동,중랑구,행정동,37.60075827011226,127.0821374527711,아파트,전세,61,높음,해당지역,44000.0,보증금,42949.9,38000.0,47250.0,8.96682,0.40425,669.344,59.8,59.8,84.0,44000.0,0.0
중화1동,중랑구,행정동,37.60075827011226,127.0821374527711,연립다세대,전세,56,높음,해당지역,21665.5,보증금,21397.8,18000.0,25075.0,9.73546,0.04896,472.205,45.0,33.8,54.1,21665.5,0.0
중화1동,중랑구,행정동,37.60075827011226,127.0821374527711,오피스텔,전세,428,높음,자치구,24000.0,보증금,27657.9,18000.0,37800.0,7.43641,0.74165,665.888,34.2,21.6,61.9,24000.0,0.0
중화2동,중랑구,행정동,37.59871400146037,127.07550257817385,단독다가구,매매,15,보통,법정동,83900.0,매매가,83960.0,65000.0,104500.0,,,400.35,199.1,178.9,220.6,,
중화2동,중랑구,행정동,37.59871400146037,127.07550257817385,아파트,매매,23,보통,해당지역,71500.0,매매가,72282.6,66350.0,78750.0,6.54343,1.07382,848.057,84.5,60.0,84.8,,
중화2동,중랑구,행정동,37.59871400146037,127.07550257817385,연립다세대,매매,111,높음,해당지역,32500.0,매매가,34126.6,27500.0,40850.0,9.28323,0.30949,950.888,37.5,29.6,46.7,,
중화2동,중랑구,행정동,37.59871400146037,127.07550257817385,오피스텔,매매,112,높음,자치구,34495.5,매매가,33012.0,15975.0,45968.0,6.73435,0.96952,770.305,36.3,27.5,45.7,,
중화2동,중랑구,행정동,37.59871400146037,127.07550257817385,단독다가구,월세,565,높음,법정동,57.6,월환산,61.1,42.3,75.0,3.39331,0.17632,1.693,33.0,25.0,46.0,1000.0,45.0
중화2동,중랑구,행정동,37.59871400146037,127.07550257817385,아파트,월세,31,높음,해당지역,64.6,월환산,119.6,64.6,180.4,2.2331,0.67184,3.487,17.9,17.9,80.1,2000.0,60.0
중화2동,중랑구,행정동,37.59871400146037,127.07550257817385,연립다세대,월세,170,높음,해당지역,88.8,월환산,88.6,59.4,111.7,2.83148,0.43868,2.96,29.9,28.8,44.3,5000.0,35.0
중화2동,중랑구,행정동,37.59871400146037,127.07550257817385,오피스텔,월세,35,높음,해당지역,64.6,월환산,67.4,62.9,66.3,2.54545,0.54427,2.964,22.2,16.7,22.2,1000.0,60.0
중화2동,중랑구,행정동,37.59871400146037,127.07550257817385,단독다가구,전세,100,높음,법정동,13000.0,보증금,13270.5,8875.0,17000.0,8.56501,0.2119,321.282,37.5,30.0,51.7,13000.0,0.0
중화2동,중랑구,행정동,37.59871400146037,127.07550257817385,아파트,전세,20,보통,해당지역,51000.0,보증금,52470.9,44250.0,63454.5,9.86683,0.20951,601.754,84.7,83.1,84.9,51000.0,0.0
중화2동,중랑구,행정동,37.59871400146037,127.07550257817385,연립다세대,전세,173,높음,해당지역,22100.0,보증금,22545.0,18900.0,25500.0,8.84895,0.32327,723.851,29.7,28.1,40.5,22100.0,0.0
중화2동,중랑구,행정동,37.59871400146037,127.07550257817385,오피스텔,전세,428,높음,자치구,24000.0,보증금,27657.9,18000.0,37800.0,7.43641,0.74165,665.888,34.2,21.6,61.9,24000.0,0.0
