학교,학교급,설립구분,위도,경도,행정동코드,구,행정동,매칭거리_m,매칭품질
서울개원초등학교병설유치원,유치원,공립,37.48162004,127.0587376,11230680,강남구,개포1동,75.0,양호
서울개포유치원,유치원,공립,37.4865227,127.070655,11230800,강남구,개포2동,49.6,양호
서울논현초등학교병설유치원,유치원,공립,37.48495554,127.0263166,11230660,강남구,도곡1동,656.7,확인필요
서울대왕초등학교병설유치원,유치원,공립,37.46462041,127.1055908,11230760,강남구,세곡동,63.2,양호
서울대현초등학교병설유치원,유치원,공립,37.50372132,127.0635659,11230790,강남구,대치2동,59.2,양호
서울도곡초등학교병설유치원,유치원,공립,37.49943466,127.0552126,11230630,강남구,대치4동,41.7,양호
서울세명유치원,유치원,공립,37.46885706,127.0910757,11230760,강남구,세곡동,66.8,양호
서울수서초등학교병설유치원,유치원,공립,37.49115214,127.1015826,11230750,강남구,수서동,51.5,양호
서울신구유치원,유치원,공립,37.52336119,127.023993,11230510,강남구,신사동,63.6,양호
서울언주초등학교병설유치원,유치원,공립,37.486792,127.0367546,11230660,강남구,도곡1동,45.0,양호
서울역삼초등학교병설유치원,유치원,공립,37.49292965,127.0331625,11230640,강남구,역삼1동,70.0,양호
서울영희초등학교병설유치원,유치원,공립,37.4922499,127.0808759,11230730,강남구,일원1동,102.3,양호
서울율현초등학교병설유치원,유치원,공립,37.47455902,127.1082649,11230760,강남구,세곡동,70.8,양호
서울은곡유치원,유치원,공립,37.46681639,127.0969311,11230760,강남구,세곡동,25.4,양호
서울자곡초등학교병설유치원,유치원,공립,37.47219094,127.0996016,11230760,강남구,세곡동,83.1,양호
서울청담초등학교병설유치원,유치원,공립,37.5279725,127.0452701,11230780,강남구,청담동,59.9,양호
서울포이초등학교병설유치원,유치원,공립,37.47523965,127.0518868,11230710,강남구,개포4동,47.7,양호
서울학동초등학교병설유치원,유치원,공립,37.5120468,127.0398114,11230530,강남구,논현2동,48.1,양호
강남유정유치원,유치원,사립,37.48300946,127.0949432,11230750,강남구,수서동,40.5,양호
강남유치원,유치원,사립,37.49084848,127.060436,11230600,강남구,대치1동,89.2,양호
남부유치원,유치원,사립,37.4861659,127.0497703,11230670,강남구,도곡2동,64.4,양호
도곡렉슬유치원,유치원,사립,37.4936466,127.0533253,11230670,강남구,도곡2동,79.7,양호
돌샘유치원,유치원,사립,37.4865899,127.071546,11230800,강남구,개포2동,12.9,양호
리라유치원,유치원,사립,37.4855296,127.0847976,11230720,강남구,일원본동,0.1,양호
묘동유치원,유치원,사립,37.49740749,127.0587663,11230600,강남구,대치1동,14.7,양호
반디유치원,유치원,사립,37.48668332,127.0985063,11230750,강남구,수서동,73.4,양호
선경유치원,유치원,사립,37.49148868,127.062268,11230600,강남구,대치1동,114.8,양호
성결유치원,유치원,사립,37.51146572,127.0353539,11230530,강남구,논현2동,31.4,양호
성요셉유치원,유치원,사립,37.52680385,127.0482335,11230780,강남구,청담동,22.0,양호
소망유치원,유치원,사립,37.48749876,127.104996,11230750,강남구,수서동,24.5,양호
신아유치원,유치원,사립,37.4927611,127.07732,11230511,강남구,개포3동,59.1,양호
영동제일유치원,유치원,사립,37.51754522,127.0534247,11230580,강남구,삼성1동,17.3,양호
오즈의마법사유치원,유치원,사립,37.46399148,127.106257,11230760,강남구,세곡동,45.2,양호
이화유치원,유치원,사립,37.49301774,127.0753089,11230511,강남구,개포3동,45.6,양호
청담몬테소리유치원,유치원,사립,37.51934765,127.0465386,11230780,강남구,청담동,27.1,양호
초원유치원,유치원,사립,37.47598094,127.0485976,11230710,강남구,개포4동,19.6,양호
푸른유치원,유치원,사립,37.48378962,127.080409,11230720,강남구,일원본동,23.4,양호
서울개원초등학교,초등학교,공립,37.48162004,127.0587376,11230680,강남구,개포1동,75.0,양호
서울개일초등학교,초등학교,공립,37.48621326,127.057776,11230680,강남구,개포1동,48.1,양호
서울개포초등학교,초등학교,공립,37.4866401,127.0703794,11230800,강남구,개포2동,25.0,양호
서울구룡초등학교,초등학교,공립,37.48119839,127.051863,11230710,강남구,개포4동,39.4,양호
서울논현초등학교,초등학교,공립,37.50817185,127.0260317,11230520,강남구,논현1동,34.9,양호
서울대곡초등학교,초등학교,공립,37.49416871,127.0646926,11230790,강남구,대치2동,80.1,양호
서울대도초등학교,초등학교,공립,37.49264609,127.0531484,11230670,강남구,도곡2동,125.0,양호
서울대모초등학교,초등학교,공립,37.48075437,127.0865193,11230720,강남구,일원본동,94.1,양호
서울대왕초등학교,초등학교,공립,37.46462041,127.1056319,11230760,강남구,세곡동,64.7,양호
서울대진초등학교,초등학교,공립,37.49701277,127.0779765,11230511,강남구,개포3동,54.4,양호
서울대청초등학교,초등학교,공립,37.4931495,127.0875746,11230730,강남구,일원1동,29.4,양호
서울대치초등학교,초등학교,공립,37.49067313,127.0624593,11230600,강남구,대치1동,71.9,양호
서울대현초등학교,초등학교,공립,37.50372132,127.0636435,11230790,강남구,대치2동,65.9,양호
서울도곡초등학교,초등학교,공립,37.49943466,127.054928,11230630,강남구,대치4동,42.1,양호
서울도성초등학교,초등학교,공립,37.50117891,127.0489326,11230650,강남구,역삼2동,108.8,양호
서울봉은초등학교,초등학교,공립,37.52008257,127.0609811,11230580,강남구,삼성1동,50.9,양호
서울삼릉초등학교,초등학교,공립,37.51325939,127.0469142,11230590,강남구,삼성2동,15.7,양호
서울세명초등학교,초등학교,공립,37.46885706,127.0909147,11230760,강남구,세곡동,71.4,양호
서울수서초등학교,초등학교,공립,37.49115214,127.1015493,11230750,강남구,수서동,48.6,양호
서울신구초등학교,초등학교,공립,37.52336119,127.0240264,11230510,강남구,신사동,66.4,양호
서울압구정초등학교,초등학교,공립,37.53169955,127.031165,11230770,강남구,압구정동,91.1,양호
서울양전초등학교,초등학교,공립,37.49028335,127.0694778,11230800,강남구,개포2동,68.5,양호
서울언북초등학교,초등학교,공립,37.52009014,127.0451,11230780,강남구,청담동,38.6,양호
서울언주초등학교,초등학교,공립,37.486792,127.0367809,11230660,강남구,도곡1동,46.6,양호
서울역삼초등학교,초등학교,공립,37.49292965,127.0328543,11230640,강남구,역삼1동,66.8,양호
서울영희초등학교,초등학교,공립,37.49229199,127.0808759,11230730,강남구,일원1동,99.1,양호
서울왕북초등학교,초등학교,공립,37.4863283,127.0860392,11230720,강남구,일원본동,47.8,양호
서울율현초등학교,초등학교,공립,37.47455902,127.1083212,11230760,강남구,세곡동,74.9,양호
서울일원초등학교,초등학교,공립,37.48978884,127.0762907,11230800,강남구,개포2동,81.1,양호
서울자곡초등학교,초등학교,공립,37.47219094,127.0998493,11230760,강남구,세곡동,81.7,양호
서울청담초등학교,초등학교,공립,37.52740898,127.0452701,11230780,강남구,청담동,28.2,양호
서울포이초등학교,초등학교,공립,37.47523965,127.0520896,11230710,강남구,개포4동,31.4,양호
서울학동초등학교,초등학교,공립,37.51226084,127.0397082,11230530,강남구,논현2동,36.6,양호
개원중학교,중학교,공립,37.4916392,127.071402,11230800,강남구,개포2동,105.1,양호
개포중학교,중학교,공립,37.48078802,127.0616267,11230680,강남구,개포1동,110.5,양호
구룡중학교,중학교,공립,37.48615311,127.0560795,11230680,강남구,개포1동,60.0,양호
대명중학교,중학교,공립,37.50633814,127.0608974,11230790,강남구,대치2동,58.3,양호
대왕중학교,중학교,공립,37.48345969,127.0873271,11230720,강남구,일원본동,46.6,양호
대청중학교,중학교,공립,37.49043058,127.0583895,11230600,강남구,대치1동,110.8,양호
대치중학교,중학교,공립,37.48451829,127.0472825,11230670,강남구,도곡2동,32.9,양호
도곡중학교,중학교,공립,37.49230741,127.0450882,11230660,강남구,도곡1동,62.4,양호
봉은중학교,중학교,공립,37.51897678,127.0621196,11230580,강남구,삼성1동,53.0,양호
세곡중학교,중학교,공립,37.47197976,127.0922007,11230760,강남구,세곡동,85.1,양호
수서중학교,중학교,공립,37.49120558,127.1023885,11230750,강남구,수서동,44.5,양호
신구중학교,중학교,공립,37.52744349,127.0322212,11230770,강남구,압구정동,40.6,양호
신사중학교,중학교,공립,37.52469739,127.02115,11230510,강남구,신사동,68.4,양호
압구정중학교,중학교,공립,37.53024186,127.032959,11230770,강남구,압구정동,104.9,양호
언북중학교,중학교,공립,37.51942943,127.033073,11230530,강남구,논현2동,55.7,양호
언주중학교,중학교,공립,37.51411076,127.0464035,11230590,강남구,삼성2동,61.9,양호
역삼중학교,중학교,공립,37.49544206,127.0490787,11230650,강남구,역삼2동,66.2,양호
청담중학교,중학교,공립,37.52865759,127.0454332,11230780,강남구,청담동,59.0,양호
단국대학교사범대학부속중학교,중학교,사립,37.49505614,127.0564936,11230600,강남구,대치1동,25.1,양호
숙명여자중학교,중학교,사립,37.49085098,127.0533366,11230670,강남구,도곡2동,77.7,양호
은성중학교,중학교,사립,37.4877234,127.0359252,11230660,강남구,도곡1동,72.4,양호
중동중학교,중학교,사립,37.48851591,127.0786207,11230511,강남구,개포3동,138.8,양호
진선여자중학교,중학교,사립,37.50187532,127.0476387,11230650,강남구,역삼2동,47.3,양호
휘문중학교,중학교,사립,37.50476119,127.0620662,11230790,강남구,대치2동,86.9,양호
국립국악고등학교,고등학교,국립,37.47560131,127.0516132,11230710,강남구,개포4동,63.4,양호
개포고등학교,고등학교,공립,37.48427221,127.0596014,11230800,강남구,개포2동,49.0,양호
경기고등학교,고등학교,공립,37.5150197,127.05525,11230580,강남구,삼성1동,20.5,양호
경기여자고등학교,고등학교,공립,37.48739876,127.0660933,11230800,강남구,개포2동,97.1,양호
서울로봇고등학교,고등학교,공립,37.4807324,127.084375,11230720,강남구,일원본동,64.9,양호
압구정고등학교,고등학교,공립,37.53113414,127.0328538,11230770,강남구,압구정동,128.5,양호
청담고등학교,고등학교,공립,37.52793964,127.0435289,11230780,강남구,청담동,50.4,양호
단국대학교부속소프트웨어고등학교,고등학교,사립,37.49505614,127.057688,11230600,강남구,대치1동,88.7,양호
단국대학교사범대학부속고등학교,고등학교,사립,37.49505614,127.0564936,11230600,강남구,대치1동,25.1,양호
대진디자인고등학교,고등학교,사립,37.49042888,127.0960046,11230750,강남구,수서동,135.0,양호
서울세종고등학교,고등학교,사립,37.49039008,127.1026224,11230750,강남구,수서동,89.1,양호
수도전기공업고등학교,고등학교,사립,37.48542387,127.064019,11230800,강남구,개포2동,121.6,양호
숙명여자고등학교,고등학교,사립,37.49085098,127.0533366,11230670,강남구,도곡2동,77.7,양호
영동고등학교,고등학교,사립,37.52023218,127.0426288,11230780,강남구,청담동,85.8,양호
은광여자고등학교,고등학교,사립,37.4877234,127.0353272,11230660,강남구,도곡1동,47.1,양호
중동고등학교,고등학교,사립,37.49333044,127.0800728,11230730,강남구,일원1동,41.1,양호
중산고등학교,고등학교,사립,37.48569137,127.0808471,11230720,강남구,일원본동,56.2,양호
중앙대학교사범대학부속고등학교,고등학교,사립,37.49190669,127.0521317,11230670,강남구,도곡2동,121.6,양호
진선여자고등학교,고등학교,사립,37.50187532,127.0468966,11230650,강남구,역삼2동,71.0,양호
풍문고등학교,고등학교,사립,37.47137553,127.1006907,11230760,강남구,세곡동,127.0,양호
현대고등학교,고등학교,사립,37.52547961,127.0226548,11230510,강남구,신사동,97.9,양호
휘문고등학교,고등학교,사립,37.50476119,127.0620662,11230790,강남구,대치2동,86.9,양호
서울정애학교,특수학교,공립,37.51432547,127.054425,11230580,강남구,삼성1동,43.5,양호
밀알학교,특수학교,사립,37.48578139,127.0821906,11230720,강남구,일원본동,66.7,양호
국립국악중학교,각종학교,국립,37.47560131,127.0516132,11230710,강남구,개포4동,63.4,양호
경기여자고등학교 부설 방송통신고등학교,방송통신고,공립,37.4867128,127.0656299,11230800,강남구,개포2동,118.5,양호
서울강덕초등학교병설유치원,유치원,공립,37.55909034,127.1609564,11250560,강동구,고덕제2동,72.9,양호
서울강빛초등학교병설유치원,유치원,공립,37.5738329,127.1687066,11250750,강동구,강일동,62.2,양호
서울강솔유치원,유치원,공립,37.56216469,127.1806152,11250750,강동구,강일동,78.9,양호
서울고명초등학교병설유치원,유치원,공립,37.55297562,127.147438,11250530,강동구,명일제1동,89.8,양호
서울고일초등학교병설유치원,유치원,공립,37.55201635,127.1690974,11250760,강동구,상일제1동,107.7,양호
서울고현초등학교병설유치원,유치원,공립,37.55380033,127.1660305,11250760,강동구,상일제1동,64.7,양호
서울길동초등학교병설유치원,유치원,공립,37.53803016,127.1452417,11250740,강동구,길동,38.9,양호
서울명일유치원,유치원,공립,37.55342103,127.141945,11250720,강동구,암사제1동,32.4,양호
서울선린초등학교병설유치원,유치원,공립,37.52866519,127.1460062,11250710,강동구,둔촌제2동,56.1,양호
서울신명초등학교병설유치원,유치원,공립,37.54065876,127.1493673,11250740,강동구,길동,86.6,양호
서울위례초등학교병설유치원,유치원,공립,37.52231886,127.1394371,11250700,강동구,둔촌제1동,243.8,주의
서울천호초등학교병설유치원,유치원,공립,37.54730575,127.1365602,11250610,강동구,천호제1동,69.0,양호
가람유치원,유치원,사립,37.5482612,127.1537843,11250540,강동구,명일제2동,31.9,양호
강동유정유치원,유치원,사립,37.55056007,127.1749518,11250770,강동구,상일제2동,23.6,양호
강일늘사랑유치원,유치원,사립,37.56314653,127.1783231,11250750,강동구,강일동,12.9,양호
고덕유치원,유치원,사립,37.55117376,127.1687423,11250760,강동구,상일제1동,49.5,양호
구강사금강유치원,유치원,사립,37.54485598,127.1288319,11250730,강동구,천호제2동,28.6,양호
근화유치원,유치원,사립,37.55280513,127.152624,11250540,강동구,명일제2동,0.4,양호
녹원유치원,유치원,사립,37.54851178,127.1535694,11250540,강동구,명일제2동,17.6,양호
돌샘유치원,유치원,사립,37.5577087,127.1421297,11250590,강동구,암사제3동,141.0,양호
둔촌유치원,유치원,사립,37.53317242,127.1397151,11250710,강동구,둔촌제2동,65.3,양호
명덕유치원,유치원,사립,37.55986768,127.1531744,11250550,강동구,고덕제1동,25.4,양호
반석유치원,유치원,사립,37.54280127,127.1473353,11250740,강동구,길동,13.8,양호
선아유치원,유치원,사립,37.55032046,127.1698096,11250760,강동구,상일제1동,34.9,양호
성보나유치원,유치원,사립,37.55977227,127.1690142,11250560,강동구,고덕제2동,23.3,양호
예슬유치원,유치원,사립,37.55325884,127.1256222,11250580,강동구,암사제2동,21.2,양호
오송유치원,유치원,사립,37.54584921,127.131921,11250730,강동구,천호제2동,23.5,양호
유정유치원,유치원,사립,37.52594635,127.1337744,11250670,강동구,성내제3동,20.1,양호
은새유치원,유치원,사립,37.55236905,127.1526225,11250540,강동구,명일제2동,20.0,양호
준현유치원,유치원,사립,37.53049043,127.1266268,11250650,강동구,성내제1동,21.4,양호
천호유치원,유치원,사립,37.54165051,127.131007,11250630,강동구,천호제3동,14.0,양호
한영중고등학교병설한영유치원,유치원,사립,37.54924205,127.1574651,11250760,강동구,상일제1동,52.8,양호
화랑유치원,유치원,사립,37.5429278,127.1377707,11250630,강동구,천호제3동,34.9,양호
서울강덕초등학교,초등학교,공립,37.55909034,127.1607706,11250560,강동구,고덕제2동,78.6,양호
서울강동초등학교,초등학교,공립,37.54627383,127.1304605,11250730,강동구,천호제2동,25.5,양호
서울강명초등학교,초등학교,공립,37.55470528,127.1733219,11250770,강동구,상일제2동,54.1,양호
서울강빛초등학교,초등학교,공립,37.5738329,127.1708953,11250750,강동구,강일동,43.3,양호
서울강솔초등학교,초등학교,공립,37.56216469,127.1801929,11250750,강동구,강일동,41.8,양호
서울강일초등학교,초등학교,공립,37.565255,127.1771117,11250750,강동구,강일동,63.0,양호
서울고덕초등학교,초등학교,공립,37.56129071,127.1663766,11250560,강동구,고덕제2동,21.6,양호
서울고명초등학교,초등학교,공립,37.55297562,127.14682,11250530,강동구,명일제1동,100.5,양호
서울고일초등학교,초등학교,공립,37.55201635,127.1690875,11250760,강동구,상일제1동,107.1,양호
서울고현초등학교,초등학교,공립,37.55380033,127.1659273,11250760,강동구,상일제1동,56.4,양호
서울길동초등학교,초등학교,공립,37.53803016,127.144282,11250740,강동구,길동,15.8,양호
서울대명초등학교,초등학교,공립,37.54740843,127.1528696,11250540,강동구,명일제2동,38.8,양호
서울둔촌초등학교,초등학교,공립,37.52563906,127.1375368,11250700,강동구,둔촌제1동,142.1,양호
서울명덕초등학교,초등학교,공립,37.55662664,127.1460547,11250550,강동구,고덕제1동,33.0,양호
서울명원초등학교,초등학교,공립,37.55114482,127.1507304,11250540,강동구,명일제2동,54.0,양호
서울명일초등학교,초등학교,공립,37.55453947,127.142162,11250590,강동구,암사제3동,65.7,양호
서울묘곡초등학교,초등학교,공립,37.55899968,127.1531803,11250550,강동구,고덕제1동,34.6,양호
서울상일초등학교,초등학교,공립,37.54763896,127.1723531,11250760,강동구,상일제1동,26.4,양호
서울선린초등학교,초등학교,공립,37.52866519,127.1460489,11250710,강동구,둔촌제2동,59.9,양호
서울선사초등학교,초등학교,공립,37.55612032,127.1284369,11250580,강동구,암사제2동,64.3,양호
서울성내초등학교,초등학교,공립,37.53123198,127.1224451,11250650,강동구,성내제1동,46.0,양호
서울성일초등학교,초등학교,공립,37.52872249,127.1283603,11250650,강동구,성내제1동,43.6,양호
서울신명초등학교,초등학교,공립,37.54065876,127.1497531,11250740,강동구,길동,67.3,양호
서울신암초등학교,초등학교,공립,37.54994003,127.1243645,11250580,강동구,암사제2동,32.8,양호
서울위례초등학교,초등학교,공립,37.52231886,127.1394371,11250700,강동구,둔촌제1동,243.8,주의
서울천동초등학교,초등학교,공립,37.54017751,127.1375876,11250740,강동구,길동,13.9,양호
서울천일초등학교,초등학교,공립,37.54423008,127.1333855,11250610,강동구,천호제1동,55.6,양호
서울천호초등학교,초등학교,공립,37.54730575,127.1364529,11250610,강동구,천호제1동,67.6,양호
서울한산초등학교,초등학교,공립,37.52854528,127.1413645,11250710,강동구,둔촌제2동,34.7,양호
강동중학교,중학교,공립,37.56989663,127.177855,11250750,강동구,강일동,27.2,양호
강명중학교,중학교,공립,37.55559281,127.1747732,11250770,강동구,상일제2동,57.8,양호
강빛중학교,중학교,공립,37.5726573,127.1708953,11250750,강동구,강일동,62.9,양호
강일중학교,중학교,공립,37.55534898,127.1382791,11250590,강동구,암사제3동,49.6,양호
고덕중학교,중학교,공립,37.55972233,127.1610289,11250560,강동구,고덕제2동,80.2,양호
둔촌중학교,중학교,공립,37.53077579,127.145921,11250710,강동구,둔촌제2동,17.7,양호
명일중학교,중학교,공립,37.55703438,127.1477463,11250550,강동구,고덕제1동,65.9,양호
성내중학교,중학교,공립,37.52935653,127.1296609,11250650,강동구,성내제1동,31.3,양호
신명중학교,중학교,공립,37.54151111,127.1497531,11250740,강동구,길동,76.3,양호
신암중학교,중학교,공립,37.55621275,127.1330624,11250590,강동구,암사제3동,68.1,양호
천일중학교,중학교,공립,37.5460079,127.1275908,11250730,강동구,천호제2동,40.3,양호
천호중학교,중학교,공립,37.54639899,127.1392699,11250610,강동구,천호제1동,53.6,양호
한산중학교,중학교,공립,37.52896601,127.1402895,11250710,강동구,둔촌제2동,52.3,양호
동북중학교,중학교,사립,37.51940835,127.1406733,11250700,강동구,둔촌제1동,412.0,주의
동신중학교,중학교,사립,37.53677006,127.1343241,11250630,강동구,천호제3동,41.2,양호
배재중학교,중학교,사립,37.55607882,127.1504916,11250550,강동구,고덕제1동,104.1,양호
상일중학교,중학교,사립,37.54795437,127.1701365,11250760,강동구,상일제1동,77.1,양호
성덕여자중학교,중학교,사립,37.54996422,127.1425564,11250610,강동구,천호제1동,56.8,양호
한영중학교,중학교,사립,37.54924205,127.1581466,11250760,강동구,상일제1동,47.1,양호
강일고등학교,고등학교,공립,37.56418341,127.1777318,11250750,강동구,강일동,61.7,양호
둔촌고등학교,고등학교,공립,37.53104305,127.1439317,11250710,강동구,둔촌제2동,55.1,양호
명일여자고등학교,고등학교,공립,37.55028237,127.1500544,11250540,강동구,명일제2동,39.6,양호
선사고등학교,고등학교,공립,37.55669721,127.1359719,11250590,강동구,암사제3동,67.3,양호
강동고등학교,고등학교,사립,37.55001305,127.1611438,11250760,강동구,상일제1동,80.3,양호
광문고등학교,고등학교,사립,37.56047099,127.1585555,11250560,강동구,고덕제2동,27.2,양호
동북고등학교,고등학교,사립,37.51940835,127.1406733,11250700,강동구,둔촌제1동,412.0,주의
배재고등학교,고등학교,사립,37.55607882,127.1504916,11250550,강동구,고덕제1동,104.1,양호
상일미디어고등학교,고등학교,사립,37.54795437,127.1692014,11250760,강동구,상일제1동,112.3,양호
상일여자고등학교,고등학교,사립,37.54795437,127.1701365,11250760,강동구,상일제1동,77.1,양호
서울컨벤션고등학교,고등학교,사립,37.55947769,127.1576771,11250560,강동구,고덕제2동,124.6,양호
성덕고등학교,고등학교,사립,37.54996422,127.142176,11250610,강동구,천호제1동,72.4,양호
한영고등학교,고등학교,사립,37.54924205,127.1581466,11250760,강동구,상일제1동,47.1,양호
한영외국어고등학교,고등학교,사립,37.54924205,127.1581466,11250760,강동구,상일제1동,47.1,양호
주몽학교,특수학교,사립,37.54609166,127.1637076,11250760,강동구,상일제1동,13.3,양호
한국구화학교,특수학교,사립,37.55825769,127.1589809,11250560,강동구,고덕제2동,53.1,양호
서울미양초등학교병설유치원,유치원,공립,37.62140262,127.0136615,11090690,강북구,삼양동,65.9,양호
서울번동초등학교병설유치원,유치원,공립,37.62902214,127.0400388,11090620,강북구,번3동,25.3,양호
서울송천초등학교병설유치원,유치원,공립,37.61623946,127.0231551,11090720,강북구,송천동,36.7,양호
서울수송초등학교병설유치원,유치원,공립,37.6370866,127.0329991,11090600,강북구,번1동,41.4,양호
서울수유초등학교병설유치원,유치원,공립,37.63125202,127.0202938,11090630,강북구,수유1동,28.8,양호
서울우이유치원,유치원,공립,37.6382961,127.01493,11090750,강북구,인수동,65.4,양호
서울화계초등학교병설유치원,유치원,공립,37.62388545,127.0297164,11090710,강북구,송중동,33.4,양호
길물빛유치원,유치원,사립,37.64233903,127.0127316,11090750,강북구,인수동,39.1,양호
꿈동산유치원,유치원,사립,37.6321578,127.0383541,11090610,강북구,번2동,30.1,양호
성실유치원,유치원,사립,37.64309539,127.0185613,11090640,강북구,수유2동,60.4,양호
성체유치원,유치원,사립,37.64249544,127.0211854,11090640,강북구,수유2동,27.7,양호
솔샘유치원,유치원,사립,37.62083523,127.0118734,11090690,강북구,삼양동,41.5,양호
예원유치원,유치원,사립,37.6234844,127.0177147,11090690,강북구,삼양동,18.0,양호
유안유치원,유치원,사립,37.64527151,127.0104843,11090740,강북구,우이동,32.0,양호
창문유치원,유치원,사립,37.61340571,127.0358308,11090710,강북구,송중동,35.4,양호
하나유치원,유치원,사립,37.64807294,127.0126309,11090740,강북구,우이동,12.6,양호
화계유치원,유치원,사립,37.63464655,127.0188553,11090750,강북구,인수동,33.4,양호
서울미양초등학교,초등학교,공립,37.6212186,127.0134047,11090690,강북구,삼양동,69.9,양호
서울번동초등학교,초등학교,공립,37.6292269,127.040486,11090620,강북구,번3동,42.8,양호
서울삼각산초등학교,초등학교,공립,37.6161661,127.0146577,11090730,강북구,삼각산동,85.5,양호
서울삼양초등학교,초등학교,공립,37.62329377,127.0163359,11090690,강북구,삼양동,47.2,양호
서울송중초등학교,초등학교,공립,37.6171146,127.0314853,11090710,강북구,송중동,35.6,양호
서울송천초등학교,초등학교,공립,37.615716,127.0234085,11090720,강북구,송천동,66.9,양호
서울수송초등학교,초등학교,공립,37.6368917,127.0332312,11090600,강북구,번1동,69.9,양호
서울수유초등학교,초등학교,공립,37.6305826,127.0202469,11090630,강북구,수유1동,79.0,양호
서울오현초등학교,초등학교,공립,37.62334903,127.0466629,11090620,강북구,번3동,41.1,양호
서울우이초등학교,초등학교,공립,37.63858666,127.0149018,11090750,강북구,인수동,67.0,양호
서울유현초등학교,초등학교,공립,37.63170908,127.0119185,11090630,강북구,수유1동,86.2,양호
서울인수초등학교,초등학교,공립,37.64305421,127.0095645,11090750,강북구,인수동,38.3,양호
서울화계초등학교,초등학교,공립,37.62388545,127.0290073,11090710,강북구,송중동,61.0,양호
영훈초등학교,초등학교,사립,37.61325014,127.0278332,11090720,강북구,송천동,57.6,양호
강북중학교,중학교,공립,37.64504669,127.0259441,11090650,강북구,수유3동,54.9,양호
번동중학교,중학교,공립,37.63247647,127.0362701,11090610,강북구,번2동,86.7,양호
삼각산중학교,중학교,공립,37.61608307,127.0146577,11090730,강북구,삼각산동,87.0,양호
솔샘중학교,중학교,공립,37.6232973,127.0122428,11090690,강북구,삼양동,50.9,양호
수송중학교,중학교,공립,37.63680028,127.0339379,11090600,강북구,번1동,56.8,양호
수유중학교,중학교,공립,37.63091818,127.0109264,11090630,강북구,수유1동,146.7,양호
인수중학교,중학교,공립,37.64415289,127.0099435,11090750,강북구,인수동,19.6,양호
화계중학교,중학교,공립,37.63312364,127.0099934,11090630,강북구,수유1동,23.2,양호
서라벌중학교,중학교,사립,37.6569795,127.0111715,11090740,강북구,우이동,51.6,양호
성암여자중학교,중학교,사립,37.62019758,127.0244484,11090720,강북구,송천동,54.2,양호
신일중학교,중학교,사립,37.62769434,127.0282661,11090700,강북구,미아동,17.6,양호
영훈국제중학교,중학교,사립,37.61325014,127.0278332,11090720,강북구,송천동,57.6,양호
창문여자중학교,중학교,사립,37.61340571,127.0362812,11090710,강북구,송중동,31.9,양호
삼각산고등학교,고등학교,공립,37.61595755,127.0200563,11090730,강북구,삼각산동,62.5,양호
솔샘고등학교,고등학교,공립,37.6240276,127.0120763,11090690,강북구,삼양동,58.9,양호
혜화여자고등학교,고등학교,공립,37.63055445,127.0127157,11090630,강북구,수유1동,55.1,양호
성암국제무역고등학교,고등학교,사립,37.62019758,127.0244484,11090720,강북구,송천동,54.2,양호
신일고등학교,고등학교,사립,37.62769434,127.0276571,11090700,강북구,미아동,39.0,양호
영훈고등학교,고등학교,사립,37.6136094,127.0278332,11090720,강북구,송천동,61.3,양호
창문여자고등학교,고등학교,사립,37.61340571,127.0362812,11090710,강북구,송중동,31.9,양호
서울정인학교,특수학교,공립,37.63095748,127.0120257,11090630,강북구,수유1동,90.7,양호
서울애화학교,특수학교,사립,37.62515895,127.0287319,11090700,강북구,미아동,39.0,양호
서울효정학교,특수학교,사립,37.62712871,127.0161545,11090690,강북구,삼양동,18.8,양호
한빛맹학교,특수학교,사립,37.62789277,127.0157156,11090630,강북구,수유1동,21.0,양호
서울가양초등학교병설유치원,유치원,공립,37.56173116,126.8588497,11160660,강서구,가양제3동,47.5,양호
서울개화초등학교병설유치원,유치원,공립,37.57394287,126.804646,11160700,강서구,방화제1동,65.7,양호
서울공진초등학교병설유치원,유치원,공립,37.55782996,126.8226102,11160690,강서구,공항동,75.3,양호
서울공항초등학교병설유치원,유치원,공립,37.56309051,126.8216462,11160700,강서구,방화제1동,48.4,양호
서울금낭화유치원,유치원,공립,37.56861022,126.8115393,11160710,강서구,방화제2동,62.3,양호
서울내발산초등학교병설유치원,유치원,공립,37.55163584,126.8385696,11160740,강서구,우장산동,10.1,양호
서울등명초등학교병설유치원,유치원,공립,37.56089482,126.8423827,11160540,강서구,등촌제3동,55.7,양호
서울등촌초등학교병설유치원,유치원,공립,37.54760703,126.8577906,11160530,강서구,등촌제2동,99.1,양호
서울마곡유치원,유치원,공립,37.56927199,126.8180316,11160700,강서구,방화제1동,30.5,양호
서울송정초등학교병설유치원,유치원,공립,37.56312501,126.8112586,11160690,강서구,공항동,57.2,양호
서울수명유치원,유치원,공립,37.55238574,126.8229836,11160670,강서구,발산제1동,25.7,양호
서울신곡초등학교병설유치원,유치원,공립,37.5390734,126.8556963,11160590,강서구,화곡제4동,55.2,양호
서울신월초등학교병설유치원,유치원,공립,37.5399522,126.8390394,11160730,강서구,화곡제1동,63.2,양호
서울염경초등학교병설유치원,유치원,공립,37.5550004,126.8712041,11160510,강서구,염창동,48.7,양호
서울월정초등학교병설유치원,유치원,공립,37.53495647,126.8361625,11160730,강서구,화곡제1동,20.0,양호
서울정곡초등학교병설유치원,유치원,공립,37.57704513,126.8192341,11160761,강서구,방화제3동,43.0,양호
서울탑산초등학교병설유치원,유치원,공립,37.56693413,126.8516155,11160650,강서구,가양제2동,9.2,양호
서울화일초등학교병설유치원,유치원,공립,37.54071258,126.8474712,11160550,강서구,화곡본동,34.6,양호
강서유치원,유치원,사립,37.54829658,126.850168,11160610,강서구,화곡제6동,18.2,양호
공항제일유치원,유치원,사립,37.56523179,126.8106709,11160710,강서구,방화제2동,24.9,양호
국제유치원,유치원,사립,37.57051148,126.8229427,11160751,강서구,가양제1동,25.9,양호
나나유치원,유치원,사립,37.53590831,126.8573144,11160590,강서구,화곡제4동,10.0,양호
대붕유치원,유치원,사립,37.56175792,126.857748,11160660,강서구,가양제3동,86.9,양호
대유유치원,유치원,사립,37.53400952,126.8615991,11160590,강서구,화곡제4동,35.2,양호
동그라미유치원,유치원,사립,37.54950128,126.8490927,11160610,강서구,화곡제6동,43.1,양호
등촌제일유치원,유치원,사립,37.5554549,126.859078,11160520,강서구,등촌제1동,32.9,양호
등현유치원,유치원,사립,37.56146397,126.8485195,11160540,강서구,등촌제3동,21.9,양호
미도유치원,유치원,사립,37.55044535,126.8611611,11160530,강서구,등촌제2동,22.1,양호
미래유치원,유치원,사립,37.56966369,126.807102,11160710,강서구,방화제2동,54.9,양호
방화이화유치원,유치원,사립,37.57408724,126.8135266,11160700,강서구,방화제1동,33.6,양호
보라유치원,유치원,사립,37.56313523,126.84661,11160540,강서구,등촌제3동,21.4,양호
선미유치원,유치원,사립,37.53933267,126.8436418,11160550,강서구,화곡본동,42.5,양호
신세기유치원,유치원,사립,37.57116181,126.848484,11160751,강서구,가양제1동,68.4,양호
신영유치원,유치원,사립,37.53097761,126.8492219,11160630,강서구,화곡제8동,10.2,양호
아람유치원,유치원,사립,37.57974004,126.8122211,11160761,강서구,방화제3동,15.6,양호
아이파크예원유치원,유치원,사립,37.5487983,126.8372615,11160740,강서구,우장산동,60.3,양호
예일유치원,유치원,사립,37.5537022,126.8291977,11160670,강서구,발산제1동,0.2,양호
우람유치원,유치원,사립,37.57431668,126.8148084,11160700,강서구,방화제1동,75.5,양호
우리곰유치원,유치원,사립,37.57152774,126.844981,11160751,강서구,가양제1동,15.9,양호
우일유치원,유치원,사립,37.53517638,126.8553243,11160570,강서구,화곡제2동,26.8,양호
우현유치원,유치원,사립,37.55680385,126.8381501,11160740,강서구,우장산동,31.1,양호
유니유치원,유치원,사립,37.56336323,126.8585,11160660,강서구,가양제3동,71.4,양호
윤서유치원,유치원,사립,37.54724901,126.8329011,11160580,강서구,화곡제3동,19.4,양호
윤희유치원,유치원,사립,37.54573312,126.8375569,11160740,강서구,우장산동,71.8,양호
이솔유치원,유치원,사립,37.53127346,126.8522115,11160570,강서구,화곡제2동,20.3,양호
장미유치원,유치원,사립,37.56539969,126.856208,11160650,강서구,가양제2동,80.6,양호
한나유치원,유치원,사립,37.57691708,126.810154,11160761,강서구,방화제3동,17.2,양호
해리유치원,유치원,사립,37.55879746,126.863067,11160660,강서구,가양제3동,38.3,양호
행복한유치원,유치원,사립,37.56259607,126.8419729,11160540,강서구,등촌제3동,100.1,양호
홍신유치원,유치원,사립,37.54810586,126.8325549,11160670,강서구,발산제1동,10.4,양호
화곡유치원,유치원,사립,37.54377392,126.8466748,11160550,강서구,화곡본동,24.2,양호
서울가곡초등학교,초등학교,공립,37.55579747,126.8358634,11160670,강서구,발산제1동,66.3,양호
서울가양초등학교,초등학교,공립,37.56173116,126.8586437,11160660,강서구,가양제3동,61.6,양호
서울개화초등학교,초등학교,공립,37.57394287,126.8046641,11160700,강서구,방화제1동,64.7,양호
서울공진초등학교,초등학교,공립,37.55782996,126.8228396,11160690,강서구,공항동,88.0,양호
서울공항초등학교,초등학교,공립,37.56309051,126.8215553,11160700,강서구,방화제1동,41.2,양호
서울내발산초등학교,초등학교,공립,37.55163584,126.8377005,11160740,강서구,우장산동,51.3,양호
서울등마초등학교,초등학교,공립,37.54204422,126.8616338,11160530,강서구,등촌제2동,66.7,양호
서울등명초등학교,초등학교,공립,37.56089482,126.8425361,11160540,강서구,등촌제3동,69.2,양호
서울등서초등학교,초등학교,공립,37.55197926,126.8549196,11160610,강서구,화곡제6동,67.5,양호
서울등양초등학교,초등학교,공립,37.56481822,126.8446617,11160540,강서구,등촌제3동,61.9,양호
서울등원초등학교,초등학교,공립,37.56078939,126.8500834,11160540,강서구,등촌제3동,56.0,양호
서울등촌초등학교,초등학교,공립,37.54760703,126.8577618,11160530,강서구,등촌제2동,98.0,양호
서울등현초등학교,초등학교,공립,37.56144974,126.8480367,11160540,강서구,등촌제3동,49.5,양호
서울발산초등학교,초등학교,공립,37.55060643,126.8310504,11160670,강서구,발산제1동,35.2,양호
서울방화초등학교,초등학교,공립,37.56790725,126.8063749,11160710,강서구,방화제2동,24.4,양호
서울백석초등학교,초등학교,공립,37.55313728,126.8621938,11160520,강서구,등촌제1동,12.8,양호
서울삼정초등학교,초등학교,공립,37.58051041,126.8108471,11160761,강서구,방화제3동,31.4,양호
서울송정초등학교,초등학교,공립,37.56312501,126.8110312,11160690,강서구,공항동,53.1,양호
서울송화초등학교,초등학교,공립,37.56896904,126.8174657,11160700,강서구,방화제1동,54.1,양호
서울수명초등학교,초등학교,공립,37.55277287,126.8236039,11160670,강서구,발산제1동,39.3,양호
서울신곡초등학교,초등학교,공립,37.53892276,126.8556963,11160590,강서구,화곡제4동,69.6,양호
서울신월초등학교,초등학교,공립,37.54001031,126.839099,11160730,강서구,화곡제1동,71.0,양호
서울신정초등학교,초등학교,공립,37.53211998,126.8524559,11160570,강서구,화곡제2동,22.2,양호
서울양천초등학교,초등학교,공립,37.57049066,126.8395913,11160751,강서구,가양제1동,32.6,양호
서울염경초등학교,초등학교,공립,37.5550004,126.8712574,11160510,강서구,염창동,50.1,양호
서울염동초등학교,초등학교,공립,37.5518505,126.872373,11160510,강서구,염창동,37.1,양호
서울염창초등학교,초등학교,공립,37.55329492,126.8677461,11160510,강서구,염창동,68.5,양호
서울우장초등학교,초등학교,공립,37.54956303,126.8460773,11160610,강서구,화곡제6동,62.3,양호
서울월정초등학교,초등학교,공립,37.53495647,126.8360595,11160730,강서구,화곡제1동,11.3,양호
서울정곡초등학교,초등학교,공립,37.57704513,126.8189082,11160761,강서구,방화제3동,59.4,양호
서울치현초등학교,초등학교,공립,37.57583759,126.8146538,11160761,강서구,방화제3동,46.2,양호
서울탑산초등학교,초등학교,공립,37.56693413,126.8521896,11160650,강서구,가양제2동,59.5,양호
서울화곡초등학교,초등학교,공립,37.54350268,126.8459269,11160550,강서구,화곡본동,61.3,양호
서울화일초등학교,초등학교,공립,37.54071258,126.847465,11160550,강서구,화곡본동,35.1,양호
유석초등학교,초등학교,사립,37.56034773,126.8537785,11160540,강서구,등촌제3동,63.4,양호
경서중학교,중학교,공립,37.56121497,126.8580639,11160660,강서구,가양제3동,52.3,양호
공항중학교,중학교,공립,37.56217312,126.8153201,11160690,강서구,공항동,46.5,양호
등명중학교,중학교,공립,37.56019239,126.8433052,11160540,강서구,등촌제3동,52.1,양호
등원중학교,중학교,공립,37.55972262,126.851607,11160540,강서구,등촌제3동,111.9,양호
마곡중학교,중학교,공립,37.56798338,126.8212874,11160700,강서구,방화제1동,57.0,양호
마곡하늬중학교,중학교,공립,37.55816881,126.8208606,11160690,강서구,공항동,76.1,양호
방원중학교,중학교,공립,37.57597727,126.8088818,11160761,강서구,방화제3동,33.3,양호
방화중학교,중학교,공립,37.56511233,126.8068782,11160710,강서구,방화제2동,76.0,양호
백석중학교,중학교,공립,37.54825048,126.858808,11160530,강서구,등촌제2동,104.8,양호
삼정중학교,중학교,공립,37.58054259,126.8108847,11160761,강서구,방화제3동,26.7,양호
성재중학교,중학교,공립,37.56945004,126.8452929,11160751,강서구,가양제1동,52.1,양호
송정중학교,중학교,공립,37.55394567,126.8150759,11160690,강서구,공항동,59.1,양호
수명중학교,중학교,공립,37.54889365,126.823663,11160670,강서구,발산제1동,122.3,양호
염경중학교,중학교,공립,37.55395633,126.8707547,11160510,강서구,염창동,48.4,양호
염창중학교,중학교,공립,37.55383665,126.8717382,11160510,강서구,염창동,54.9,양호
화원중학교,중학교,공립,37.53620263,126.8425137,11160730,강서구,화곡제1동,45.8,양호
덕원중학교,중학교,사립,37.54820318,126.8290111,11160670,강서구,발산제1동,139.0,양호
등촌중학교,중학교,사립,37.55284039,126.8594058,11160520,강서구,등촌제1동,128.9,양호
마포중학교,중학교,사립,37.55965389,126.8534143,11160520,강서구,등촌제1동,117.2,양호
명덕여자중학교,중학교,사립,37.55327406,126.8347305,11160670,강서구,발산제1동,25.9,양호
신정여자중학교,중학교,사립,37.53838113,126.8568925,11160590,강서구,화곡제4동,39.9,양호
화곡중학교,중학교,사립,37.54915859,126.8328267,11160670,강서구,발산제1동,24.8,양호
강서공업고등학교,고등학교,공립,37.5755249,126.8160214,11160761,강서구,방화제3동,114.3,양호
공항고등학교,고등학교,공립,37.57060018,126.8183989,11160700,강서구,방화제1동,39.3,양호
등촌고등학교,고등학교,공립,37.56237377,126.8450161,11160540,강서구,등촌제3동,37.3,양호
세현고등학교,고등학교,공립,37.56043092,126.8637196,11160660,강서구,가양제3동,64.9,양호
수명고등학교,고등학교,공립,37.54975837,126.8242688,11160670,강서구,발산제1동,64.9,양호
경복비즈니스고등학교,고등학교,사립,37.55835903,126.8514662,11160540,강서구,등촌제3동,44.1,양호
경복여자고등학교,고등학교,사립,37.55856081,126.8508343,11160540,강서구,등촌제3동,66.7,양호
대일고등학교,고등학교,사립,37.53948926,126.8625872,11160530,강서구,등촌제2동,38.7,양호
덕원여자고등학교,고등학교,사립,37.54820318,126.8290111,11160670,강서구,발산제1동,139.0,양호
덕원예술고등학교,고등학교,사립,37.54820318,126.8284013,11160670,강서구,발산제1동,186.6,양호
동양고등학교,고등학교,사립,37.56901827,126.8470842,11160751,강서구,가양제1동,117.1,양호
마포고등학교,고등학교,사립,37.55965389,126.8534143,11160520,강서구,등촌제1동,117.2,양호
명덕고등학교,고등학교,사립,37.55327406,126.8354285,11160670,강서구,발산제1동,27.2,양호
명덕여자고등학교,고등학교,사립,37.55327406,126.83426,11160670,강서구,발산제1동,10.6,양호
명덕외국어고등학교,고등학교,사립,37.55327406,126.8334004,11160670,강서구,발산제1동,34.9,양호
서울신정고등학교,고등학교,사립,37.53838113,126.8568925,11160590,강서구,화곡제4동,39.9,양호
서울항공비즈니스고등학교,고등학교,사립,37.56973317,126.8170866,11160700,강서구,방화제1동,66.9,양호
영등포공업고등학교,고등학교,사립,37.56903408,126.8504967,11160650,강서구,가양제2동,92.4,양호
영일고등학교,고등학교,사립,37.54804442,126.8618151,11160530,강서구,등촌제2동,54.6,양호
한광고등학교,고등학교,사립,37.53884342,126.8578799,11160590,강서구,화곡제4동,17.6,양호
한서고등학교,고등학교,사립,37.57458554,126.8081599,11160700,강서구,방화제1동,73.7,양호
화곡고등학교,고등학교,사립,37.54843603,126.831698,11160670,강서구,발산제1동,56.7,양호
화곡보건경영고등학교,고등학교,사립,37.54915859,126.8328267,11160670,강서구,발산제1동,24.8,양호
서울서진학교,특수학교,공립,37.5656539,126.8504672,11160650,강서구,가양제2동,122.1,양호
교남학교,특수학교,사립,37.54824084,126.85254,11160610,강서구,화곡제6동,44.2,양호
서울관악초등학교병설유치원,유치원,공립,37.48080715,126.9426177,11210800,관악구,청룡동,52.5,양호
서울구암유치원,유치원,공립,37.48919913,126.9447672,11210780,관악구,은천동,9.9,양호
서울난곡초등학교병설유치원,유치원,공립,37.46932989,126.9167911,11210810,관악구,난곡동,60.0,양호
서울남부초등학교병설유치원,유치원,공립,37.48511914,126.9222547,11210680,관악구,신사동,39.8,양호
서울남현유치원,유치원,공립,37.4735552,126.9742247,11210630,관악구,남현동,58.0,양호
서울당곡초등학교병설유치원,유치원,공립,37.4895224,126.9299283,11210520,관악구,보라매동,46.0,양호
서울봉천초등학교병설유치원,유치원,공립,37.48346512,126.9578916,11210570,관악구,행운동,86.4,양호
서울삼성초등학교병설유치원,유치원,공립,37.46771678,126.940878,11210730,관악구,대학동,53.3,양호
서울신림초등학교병설유치원,유치원,공립,37.47699611,126.9278887,11210650,관악구,신원동,73.9,양호
서울신봉초등학교병설유치원,유치원,공립,37.48578675,126.9492571,11210610,관악구,중앙동,41.8,양호
서울신성초등학교병설유치원,유치원,공립,37.47174622,126.9378744,11210660,관악구,서림동,13.9,양호
서울신우유치원,유치원,공립,37.46212481,126.9321018,11210820,관악구,삼성동,36.4,양호
서울원당초등학교병설유치원,유치원,공립,37.48110913,126.956415,11210570,관악구,행운동,48.0,양호
서울은천초등학교병설유치원,유치원,공립,37.48683988,126.9424711,11210780,관악구,은천동,54.3,양호
서울청룡초등학교병설유치원,유치원,공립,37.47541497,126.9515775,11210800,관악구,청룡동,20.6,양호
서울청림유치원,유치원,공립,37.48909075,126.9601112,11210540,관악구,청림동,39.3,양호
꿈나라유치원,유치원,사립,37.46058749,126.9206173,11210710,관악구,난향동,0.1,양호
나랑유치원,유치원,사립,37.4857304,126.9439625,11210780,관악구,은천동,40.7,양호
동원유치원,유치원,사립,37.48281864,126.9567278,11210570,관악구,행운동,43.0,양호
명성유치원,유치원,사립,37.46550857,126.9270165,11210820,관악구,삼성동,0.0,양호
배꽃유치원,유치원,사립,37.48560825,126.9419514,11210780,관악구,은천동,16.3,양호
새소슬유치원,유치원,사립,37.48864197,126.948414,11210790,관악구,성현동,22.6,양호
새싹유치원,유치원,사립,37.47456767,126.9728633,11210630,관악구,남현동,36.0,양호
서울유치원,유치원,사립,37.48771376,126.956185,11210790,관악구,성현동,24.7,양호
소슬유치원,유치원,사립,37.48976854,126.9480706,11210790,관악구,성현동,15.2,양호
애동유치원,유치원,사립,37.47381781,126.9202834,11210810,관악구,난곡동,29.5,양호
영그린유치원,유치원,사립,37.47706265,126.9403899,11210800,관악구,청룡동,31.5,양호
은아유치원,유치원,사립,37.47545482,126.9644299,11210620,관악구,인헌동,37.6,양호
하늘유치원,유치원,사립,37.4740573,126.9322561,11210820,관악구,삼성동,38.1,양호
한별유치원,유치원,사립,37.47841828,126.9134773,11210830,관악구,미성동,25.1,양호
현대유치원,유치원,사립,37.49225103,126.9593496,11210540,관악구,청림동,35.9,양호
서울관악초등학교,초등학교,공립,37.48080715,126.9428902,11210800,관악구,청룡동,38.2,양호
서울구암초등학교,초등학교,공립,37.48954699,126.9468782,11210790,관악구,성현동,61.0,양호
서울난곡초등학교,초등학교,공립,37.46932989,126.9166531,11210810,관악구,난곡동,69.6,양호
서울난우초등학교,초등학교,공립,37.4766389,126.9178433,11210830,관악구,미성동,51.0,양호
서울난향초등학교,초등학교,공립,37.46172407,126.9180741,11210710,관악구,난향동,79.5,양호
서울남부초등학교,초등학교,공립,37.48511914,126.9221169,11210680,관악구,신사동,47.5,양호
서울당곡초등학교,초등학교,공립,37.4895224,126.9298977,11210520,관악구,보라매동,44.8,양호
서울미성초등학교,초등학교,공립,37.47803698,126.9126806,11210830,관악구,미성동,54.7,양호
서울봉천초등학교,초등학교,공립,37.48346512,126.9578363,11210570,관악구,행운동,82.0,양호
서울봉현초등학교,초등학교,공립,37.49102965,126.9556171,11210540,관악구,청림동,60.4,양호
서울사당초등학교,초등학교,공립,37.4735552,126.9740756,11210630,관악구,남현동,52.8,양호
서울삼성초등학교,초등학교,공립,37.46771678,126.9409762,11210730,관악구,대학동,61.6,양호
서울신림초등학교,초등학교,공립,37.47699611,126.9272999,11210650,관악구,신원동,78.1,양호
서울신봉초등학교,초등학교,공립,37.48578675,126.9492175,11210610,관악구,중앙동,43.7,양호
서울신성초등학교,초등학교,공립,37.47174622,126.937152,11210660,관악구,서림동,53.6,양호
서울신우초등학교,초등학교,공립,37.46212481,126.9323353,11210820,관악구,삼성동,53.3,양호
서울원당초등학교,초등학교,공립,37.48110913,126.9560764,11210570,관악구,행운동,69.8,양호
서울원신초등학교,초등학교,공립,37.46696041,126.9274239,11210820,관악구,삼성동,63.7,양호
서울은천초등학교,초등학교,공립,37.48683988,126.9429033,11210780,관악구,은천동,54.7,양호
서울인헌초등학교,초등학교,공립,37.47701221,126.9600821,11210580,관악구,낙성대동,38.3,양호
서울조원초등학교,초등학교,공립,37.48412771,126.9094507,11210720,관악구,조원동,37.7,양호
서울청룡초등학교,초등학교,공립,37.47541497,126.9512177,11210800,관악구,청룡동,20.5,양호
관악중학교,중학교,공립,37.48125479,126.9618278,11210570,관악구,행운동,61.0,양호
구암중학교,중학교,공립,37.4927647,126.9485751,11210790,관악구,성현동,67.9,양호
난우중학교,중학교,공립,37.46686061,126.9228102,11210810,관악구,난곡동,61.6,양호
남서울중학교,중학교,공립,37.48173129,126.9213088,11210830,관악구,미성동,70.9,양호
당곡중학교,중학교,공립,37.49190615,126.9330422,11210520,관악구,보라매동,73.1,양호
미성중학교,중학교,공립,37.47474744,126.9122182,11210830,관악구,미성동,78.6,양호
봉림중학교,중학교,공립,37.47990649,126.9381575,11210800,관악구,청룡동,47.9,양호
봉원중학교,중학교,공립,37.48387526,126.9583607,11210570,관악구,행운동,93.3,양호
삼성중학교,중학교,공립,37.46723165,126.9428252,11210730,관악구,대학동,84.1,양호
신관중학교,중학교,공립,37.48019814,126.9344578,11210640,관악구,서원동,51.1,양호
신림중학교,중학교,공립,37.46991636,126.9453094,11210730,관악구,대학동,78.5,양호
인헌중학교,중학교,공립,37.47256284,126.9695872,11210620,관악구,인헌동,60.3,양호
광신중학교,중학교,사립,37.46553863,126.9256312,11210820,관악구,삼성동,114.8,양호
남강중학교,중학교,사립,37.47170748,126.9247473,11210810,관악구,난곡동,130.9,양호
서울문영여자중학교,중학교,사립,37.47208057,126.9513293,11210800,관악구,청룡동,173.2,양호
성보중학교,중학교,사립,37.48000171,126.9207947,11210830,관악구,미성동,120.3,양호
구암고등학교,고등학교,공립,37.49219192,126.949866,11210790,관악구,성현동,85.0,양호
당곡고등학교,고등학교,공립,37.49140582,126.9346016,11210520,관악구,보라매동,26.4,양호
삼성고등학교,고등학교,공립,37.46879945,126.943616,11210730,관악구,대학동,54.4,양호
신림고등학교,고등학교,공립,37.47911419,126.9173643,11210830,관악구,미성동,89.9,양호
인헌고등학교,고등학교,공립,37.47108126,126.9702013,11210620,관악구,인헌동,30.3,양호
광신고등학교,고등학교,사립,37.46553863,126.9256312,11210820,관악구,삼성동,114.8,양호
광신방송예술고등학교,고등학교,사립,37.46553863,126.9246871,11210820,관악구,삼성동,81.5,양호
남강고등학교,고등학교,사립,37.47170748,126.9247473,11210810,관악구,난곡동,130.9,양호
미림여자고등학교,고등학교,사립,37.46641752,126.933041,11210730,관악구,대학동,72.7,양호
미림여자정보과학고등학교,고등학교,사립,37.46641752,126.932908,11210730,관악구,대학동,81.1,양호
서울관광고등학교,고등학교,사립,37.48771937,126.9433233,11210780,관악구,은천동,68.7,양호
서울문영여자고등학교,고등학교,사립,37.47208057,126.9510634,11210800,관악구,청룡동,187.0,양호
서울미술고등학교,고등학교,사립,37.47673741,126.9671283,11210570,관악구,행운동,46.7,양호
서울여자상업고등학교,고등학교,사립,37.47208057,126.9504762,11210800,관악구,청룡동,223.1,주의
성보고등학교,고등학교,사립,37.48000171,126.9207947,11210830,관악구,미성동,120.3,양호
영락고등학교,고등학교,사립,37.47658159,126.9446913,11210800,관악구,청룡동,65.8,양호
영락의료과학고등학교,고등학교,사립,37.47658159,126.9446913,11210800,관악구,청룡동,65.8,양호
서울정문학교,특수학교,공립,37.46191826,126.9167513,11210710,관악구,난향동,50.9,양호
서울새롬학교,특수학교,사립,37.49316846,126.9273778,11210520,관악구,보라매동,4.5,양호
서울산업정보학교,각종학교,공립,37.47006677,126.9424356,11210730,관악구,대학동,49.3,양호
서울구의초등학교병설유치원,유치원,공립,37.54272531,127.0794015,11050530,광진구,화양동,93.4,양호
서울신양초등학교병설유치원,유치원,공립,37.5345723,127.0691877,11050660,광진구,자양제3동,32.7,양호
서울신자초등학교병설유치원,유치원,공립,37.53015676,127.0755326,11050650,광진구,자양제2동,18.0,양호
서울양남초등학교병설유치원,유치원,공립,37.53113246,127.0892398,11050650,광진구,자양제2동,25.6,양호
서울양진초등학교병설유치원,유치원,공립,37.54457475,127.0983113,11050630,광진구,광장동,65.8,양호
서울용곡초등학교병설유치원,유치원,공립,37.5667115,127.0885593,11050580,광진구,중곡제4동,62.9,양호
서울자양초등학교병설유치원,유치원,공립,37.53710046,127.079593,11050640,광진구,자양제1동,54.5,양호
서울중광초등학교병설유치원,유치원,공립,37.56524032,127.0826925,11050570,광진구,중곡제3동,48.9,양호
경원유치원,유치원,사립,37.55489433,127.0960885,11050610,광진구,구의제2동,21.9,양호
광남유치원,유치원,사립,37.5416264,127.1006979,11050630,광진구,광장동,21.5,양호
광장유치원,유치원,사립,37.54853808,127.1052311,11050630,광진구,광장동,27.5,양호
대원유치원,유치원,사립,37.53418244,127.0745432,11050660,광진구,자양제3동,55.9,양호
동심유치원,유치원,사립,37.55144989,127.0729787,11050540,광진구,군자동,39.7,양호
보성유치원,유치원,사립,37.54354946,127.102746,11050630,광진구,광장동,28.0,양호
샬롬유치원,유치원,사립,37.54245983,127.0917197,11050620,광진구,구의제3동,43.5,양호
선경유치원,유치원,사립,37.53350776,127.0899519,11050620,광진구,구의제3동,22.8,양호
선양유치원,유치원,사립,37.55432656,127.0711657,11050540,광진구,군자동,22.6,양호
선화유치원,유치원,사립,37.54944879,127.0875303,11050590,광진구,능동,4.8,양호
성산유치원,유치원,사립,37.53290736,127.0841771,11050640,광진구,자양제1동,23.3,양호
슬기유치원,유치원,사립,37.55205092,127.0925717,11050610,광진구,구의제2동,25.8,양호
아이조아유치원,유치원,사립,37.56620141,127.0804727,11050570,광진구,중곡제3동,0.2,양호
어린이회관유치원,유치원,사립,37.54612605,127.0778337,11050530,광진구,화양동,62.7,양호
영화유치원,유치원,사립,37.55405046,127.097717,11050610,광진구,구의제2동,13.5,양호
인애유치원,유치원,사립,37.53384312,127.0683423,11050660,광진구,자양제3동,21.3,양호
자양하나유치원,유치원,사립,37.53874664,127.0786676,11050640,광진구,자양제1동,28.2,양호
정신유치원,유치원,사립,37.53735944,127.0646483,11050670,광진구,자양제4동,9.1,양호
청구이화유치원,유치원,사립,37.54181857,127.0956272,11050630,광진구,광장동,11.5,양호
프라임유치원,유치원,사립,37.53878254,127.0983587,11050620,광진구,구의제3동,27.3,양호
한일유치원,유치원,사립,37.53517067,127.0715208,11050660,광진구,자양제3동,19.8,양호
서울광남초등학교,초등학교,공립,37.54118967,127.1009679,11050630,광진구,광장동,45.6,양호
서울광장초등학교,초등학교,공립,37.54851403,127.1009404,11050630,광진구,광장동,52.6,양호
서울광진초등학교,초등학교,공립,37.54761198,127.0913267,11050610,광진구,구의제2동,46.2,양호
서울구남초등학교,초등학교,공립,37.53709648,127.0922582,11050620,광진구,구의제3동,59.1,양호
서울구의초등학교,초등학교,공립,37.54272531,127.0799578,11050530,광진구,화양동,52.7,양호
서울동의초등학교,초등학교,공립,37.55342286,127.0988011,11050610,광진구,구의제2동,48.6,양호
서울동자초등학교,초등학교,공립,37.53474848,127.072115,11050660,광진구,자양제3동,39.0,양호
서울성자초등학교,초등학교,공립,37.53133613,127.083306,11050650,광진구,자양제2동,36.8,양호
서울신양초등학교,초등학교,공립,37.53445768,127.0695411,11050660,광진구,자양제3동,41.2,양호
서울신자초등학교,초등학교,공립,37.53015676,127.0754494,11050650,광진구,자양제2동,21.6,양호
서울양남초등학교,초등학교,공립,37.53113246,127.089631,11050650,광진구,자양제2동,55.2,양호
서울양진초등학교,초등학교,공립,37.54457475,127.0983273,11050630,광진구,광장동,67.1,양호
서울용곡초등학교,초등학교,공립,37.56710949,127.0888036,11050580,광진구,중곡제4동,16.3,양호
서울용마초등학교,초등학교,공립,37.55833536,127.0842831,11050560,광진구,중곡제2동,54.5,양호
서울자양초등학교,초등학교,공립,37.53710046,127.0794839,11050640,광진구,자양제1동,49.0,양호
서울장안초등학교,초등학교,공립,37.55046335,127.0723512,11050540,광진구,군자동,68.8,양호
서울중광초등학교,초등학교,공립,37.56524032,127.0823539,11050570,광진구,중곡제3동,50.3,양호
서울중마초등학교,초등학교,공립,37.56576169,127.0795806,11050570,광진구,중곡제3동,13.8,양호
경복초등학교,초등학교,사립,37.54944879,127.0875655,11050590,광진구,능동,2.4,양호
성동초등학교,초등학교,사립,37.53254253,127.0894321,11050650,광진구,자양제2동,43.2,양호
세종초등학교,초등학교,사립,37.55300881,127.0729844,11050540,광진구,군자동,34.7,양호
광남중학교,중학교,공립,37.54021191,127.1013527,11050630,광진구,광장동,73.8,양호
광양중학교,중학교,공립,37.52996187,127.0860302,11050650,광진구,자양제2동,80.9,양호
광장중학교,중학교,공립,37.54739278,127.1017601,11050630,광진구,광장동,48.7,양호
광진중학교,중학교,공립,37.53239649,127.0899425,11050650,광진구,자양제2동,22.7,양호
구의중학교,중학교,공립,37.54295744,127.0788098,11050530,광진구,화양동,137.9,양호
신양중학교,중학교,공립,37.5339083,127.0631265,11050670,광진구,자양제4동,44.5,양호
양진중학교,중학교,공립,37.54457475,127.0983273,11050630,광진구,광장동,67.1,양호
용곡중학교,중학교,공립,37.56562788,127.0889488,11050580,광진구,중곡제4동,52.0,양호
자양중학교,중학교,공립,37.5353119,127.0745207,11050660,광진구,자양제3동,50.0,양호
건국대학교사범대학부속중학교,중학교,사립,37.5413068,127.0821562,11050600,광진구,구의제1동,50.8,양호
대원국제중학교,중학교,사립,37.56321844,127.0889497,11050580,광진구,중곡제4동,59.9,양호
동국대학교사범대학부속여자중학교,중학교,사립,37.5422124,127.0867784,11050600,광진구,구의제1동,51.0,양호
광남고등학교,고등학교,공립,37.54168964,127.101751,11050630,광진구,광장동,40.0,양호
광양고등학교,고등학교,공립,37.52926574,127.0855989,11050650,광진구,자양제2동,48.3,양호
자양고등학교,고등학교,공립,37.53606732,127.0728365,11050660,광진구,자양제3동,63.8,양호
건국대학교사범대학부속고등학교,고등학교,사립,37.54488231,127.0803682,11050530,광진구,화양동,129.0,양호
대원고등학교,고등학교,사립,37.56321844,127.0889497,11050580,광진구,중곡제4동,59.9,양호
대원여자고등학교,고등학교,사립,37.56321844,127.0893896,11050580,광진구,중곡제4동,92.5,양호
대원외국어고등학교,고등학교,사립,37.56321844,127.0889497,11050580,광진구,중곡제4동,59.9,양호
동국대학교사범대학부속여자고등학교,고등학교,사립,37.5422124,127.0867784,11050600,광진구,구의제1동,51.0,양호
선화예술고등학교,고등학교,사립,37.55108066,127.087488,11050590,광진구,능동,112.9,양호
서울광진학교,특수학교,공립,37.53753221,127.0917896,11050620,광진구,구의제3동,23.8,양호
선화예술중학교,각종학교,사립,37.55108066,127.0875655,11050590,광진구,능동,112.3,양호
서울개봉초등학교병설유치원,유치원,공립,37.49008228,126.8584998,11170650,구로구,개봉제3동,3.0,양호
서울고산초등학교병설유치원,유치원,공립,37.4992618,126.8653696,11170610,구로구,고척제1동,38.4,양호
서울고척초등학교병설유치원,유치원,공립,37.50095001,126.8569799,11170610,구로구,고척제1동,49.2,양호
서울구로남초등학교병설유치원,유치원,공립,37.48551479,126.8904426,11170540,구로구,구로제3동,73.7,양호
서울구일초등학교병설유치원,유치원,공립,37.49250293,126.872644,11170520,구로구,구로제1동,20.5,양호
서울매봉초등학교병설유치원,유치원,공립,37.50370005,126.8448441,11170720,구로구,개봉제1동,31.6,양호
서울미래초등학교병설유치원,유치원,공립,37.50510703,126.8880806,11170560,구로구,구로제5동,58.2,양호
서울세곡초등학교병설유치원,유치원,공립,37.50481406,126.8496944,11170620,구로구,고척제2동,41.8,양호
서울신미림초등학교병설유치원,유치원,공립,37.50680421,126.8795152,11170510,구로구,신도림동,35.7,양호
서울영서초등학교병설유치원,유치원,공립,37.48774043,126.8949165,11170540,구로구,구로제3동,28.6,양호
서울오류남초등학교병설유치원,유치원,공립,37.48969377,126.8391176,11170730,구로구,오류제2동,15.8,양호
서울천왕초등학교병설유치원,유치원,공립,37.48145398,126.8370617,11170730,구로구,오류제2동,45.3,양호
서울하늘숲유치원,유치원,공립,37.485095,126.8430166,11170730,구로구,오류제2동,41.7,양호
서울항동유치원,유치원,공립,37.47706161,126.8248244,11170740,구로구,항동,38.5,양호
개봉샛별유치원,유치원,사립,37.49167086,126.8568311,11170640,구로구,개봉제2동,18.9,양호
꿀벌유치원,유치원,사립,37.48497836,126.8893193,11170540,구로구,구로제3동,19.9,양호
나비유치원,유치원,사립,37.49731603,126.8397575,11170670,구로구,오류제1동,42.4,양호
동아유치원,유치원,사립,37.51085922,126.8822026,11170510,구로구,신도림동,11.7,양호
동정성모유치원,유치원,사립,37.48985189,126.8273986,11170730,구로구,오류제2동,47.6,양호
목원유치원,유치원,사립,37.49192558,126.8583444,11170640,구로구,개봉제2동,21.5,양호
미림유치원,유치원,사립,,,11170640,구로구,개봉제2동,,수동보정
바니유치원,유치원,사립,37.49234372,126.877842,11170520,구로구,구로제1동,95.9,양호
사랑유치원,유치원,사립,,,11170510,구로구,신도림동,,수동보정
새두산유치원,유치원,사립,37.48978733,126.8893657,11170550,구로구,구로제4동,37.7,양호
서울남유치원,유치원,사립,37.48804213,126.8818097,11170710,구로구,구로제2동,31.0,양호
세희유치원,유치원,사립,37.49182415,126.8932855,11170550,구로구,구로제4동,39.5,양호
신도유치원,유치원,사립,37.48930765,126.8775553,11170520,구로구,구로제1동,31.2,양호
예쁨유치원,유치원,사립,37.49522542,126.8174413,11170690,구로구,수궁동,27.9,양호
정훈유치원,유치원,사립,37.49637265,126.8625018,11170720,구로구,개봉제1동,24.3,양호
푸른동산유치원,유치원,사립,37.48672975,126.8313622,11170730,구로구,오류제2동,27.9,양호
혜원유치원,유치원,사립,37.49940322,126.8422824,11170670,구로구,오류제1동,17.2,양호
서울개명초등학교,초등학교,공립,37.48291139,126.8505447,11170650,구로구,개봉제3동,57.0,양호
서울개봉초등학교,초등학교,공립,37.49008228,126.8583705,11170650,구로구,개봉제3동,9.7,양호
서울개웅초등학교,초등학교,공립,37.48856985,126.8500524,11170650,구로구,개봉제3동,35.4,양호
서울고산초등학교,초등학교,공립,37.49879924,126.8653696,11170610,구로구,고척제1동,57.8,양호
서울고원초등학교,초등학교,공립,37.49723923,126.8659718,11170610,구로구,고척제1동,92.8,양호
서울고척초등학교,초등학교,공립,37.50095001,126.8569941,11170610,구로구,고척제1동,50.5,양호
서울구로남초등학교,초등학교,공립,37.48551479,126.8905958,11170540,구로구,구로제3동,87.1,양호
서울구로초등학교,초등학교,공립,37.49751199,126.8858064,11170710,구로구,구로제2동,27.9,양호
서울구일초등학교,초등학교,공립,37.49250293,126.8729275,11170520,구로구,구로제1동,44.6,양호
서울덕의초등학교,초등학교,공립,37.50606731,126.8567988,11170620,구로구,고척제2동,50.6,양호
서울동구로초등학교,초등학교,공립,37.49547378,126.8923106,11170550,구로구,구로제4동,43.1,양호
서울매봉초등학교,초등학교,공립,37.50370005,126.844375,11170720,구로구,개봉제1동,21.3,양호
서울미래초등학교,초등학교,공립,37.50510703,126.8879424,11170560,구로구,구로제5동,46.1,양호
서울세곡초등학교,초등학교,공립,37.50481406,126.849058,11170620,구로구,고척제2동,71.4,양호
서울신구로초등학교,초등학교,공립,37.49969872,126.8893658,11170560,구로구,구로제5동,42.6,양호
서울신도림초등학교,초등학교,공립,37.51233595,126.8833965,11170510,구로구,신도림동,33.5,양호
서울신미림초등학교,초등학교,공립,37.50680421,126.8794934,11170510,구로구,신도림동,34.6,양호
서울영서초등학교,초등학교,공립,37.48774043,126.8946742,11170540,구로구,구로제3동,18.0,양호
서울영일초등학교,초등학교,공립,37.48507592,126.8840736,11170700,구로구,가리봉동,78.4,양호
서울오류남초등학교,초등학교,공립,37.48969377,126.8387106,11170730,구로구,오류제2동,51.6,양호
서울오류초등학교,초등학교,공립,37.49836078,126.8423284,11170670,구로구,오류제1동,63.1,양호
서울오정초등학교,초등학교,공립,37.48940379,126.8265149,11170730,구로구,오류제2동,52.9,양호
서울온수초등학교,초등학교,공립,37.49436182,126.825993,11170690,구로구,수궁동,87.1,양호
서울천왕초등학교,초등학교,공립,37.48145398,126.8374889,11170730,구로구,오류제2동,62.8,양호
서울하늘숲초등학교,초등학교,공립,37.48416023,126.8416624,11170730,구로구,오류제2동,45.5,양호
서울항동초등학교,초등학교,공립,37.47725261,126.8239286,11170740,구로구,항동,57.7,양호
개봉중학교,중학교,공립,37.50302176,126.8422137,11170720,구로구,개봉제1동,31.6,양호
개웅중학교,중학교,공립,37.48752693,126.851246,11170650,구로구,개봉제3동,42.2,양호
경인중학교,중학교,공립,37.49847689,126.8542405,11170720,구로구,개봉제1동,46.6,양호
고척중학교,중학교,공립,37.49967552,126.8619978,11170610,구로구,고척제1동,71.7,양호
구로중학교,중학교,공립,37.49448867,126.8909153,11170550,구로구,구로제4동,67.4,양호
구일중학교,중학교,공립,37.49509265,126.8737218,11170520,구로구,구로제1동,30.6,양호
신도림중학교,중학교,공립,37.51098004,126.8853644,11170510,구로구,신도림동,63.2,양호
영림중학교,중학교,공립,37.49795757,126.8903736,11170560,구로구,구로제5동,66.6,양호
영서중학교,중학교,공립,37.48907266,126.8942198,11170540,구로구,구로제3동,92.3,양호
오남중학교,중학교,공립,37.48725701,126.8359411,11170730,구로구,오류제2동,22.1,양호
오류중학교,중학교,공립,37.50786167,126.8461343,11170620,구로구,고척제2동,48.0,양호
천왕중학교,중학교,공립,37.48297243,126.8380167,11170730,구로구,오류제2동,39.1,양호
항동중학교,중학교,공립,37.48299037,126.820242,11170740,구로구,항동,33.3,양호
우신중학교,중학교,사립,37.49489406,126.8268765,11170690,구로구,수궁동,72.1,양호
경인고등학교,고등학교,공립,37.49599202,126.8657602,11170610,구로구,고척제1동,29.4,양호
고척고등학교,고등학교,공립,37.50901783,126.8506504,11170620,구로구,고척제2동,57.8,양호
구로고등학교,고등학교,공립,37.49775018,126.8896924,11170560,구로구,구로제5동,19.9,양호
구일고등학교,고등학교,공립,37.49419419,126.873852,11170520,구로구,구로제1동,73.6,양호
구현고등학교,고등학교,공립,37.50228301,126.8743912,11170710,구로구,구로제2동,56.4,양호
세종과학고등학교,고등학교,공립,37.49625311,126.8276182,11170690,구로구,수궁동,134.6,양호
신도림고등학교,고등학교,공립,37.51406229,126.8820637,11170510,구로구,신도림동,84.3,양호
덕일전자공업고등학교,고등학교,사립,37.48987749,126.8371543,11170730,구로구,오류제2동,52.1,양호
서서울생활과학고등학교,고등학교,사립,37.50304921,126.8281605,11170690,구로구,수궁동,96.2,양호
서울공연예술고등학교,고등학교,사립,37.50030281,126.8322027,11170690,구로구,수궁동,41.5,양호
예림디자인고등학교,고등학교,사립,37.50024747,126.8282053,11170690,구로구,수궁동,89.4,양호
오류고등학교,고등학교,사립,37.50024747,126.828216,11170690,구로구,수궁동,88.7,양호
우신고등학교,고등학교,사립,37.49489406,126.8268765,11170690,구로구,수궁동,72.1,양호
유한공업고등학교,고등학교,사립,37.48849407,126.8239159,11170690,구로구,수궁동,48.7,양호
서울정진학교,특수학교,공립,37.49743192,126.8222406,11170690,구로구,수궁동,45.7,양호
성베드로학교,특수학교,사립,37.48811923,126.825157,11170740,구로구,항동,54.6,양호
지구촌학교,각종학교,사립,37.48885818,126.8351815,11170730,구로구,오류제2동,20.7,양호
서울금나래초등학교병설유치원,유치원,공립,37.45822991,126.8962052,11180520,금천구,독산제1동,63.2,양호
서울독산초등학교병설유치원,유치원,공립,37.46561623,126.8999122,11180530,금천구,독산제2동,58.8,양호
서울두산초등학교병설유치원,유치원,공립,37.46755562,126.890951,11180520,금천구,독산제1동,34.4,양호
서울문교초등학교병설유치원,유치원,공립,37.4662612,126.9082864,11180530,금천구,독산제2동,112.0,양호
서울백산초등학교병설유치원,유치원,공립,37.44653137,126.9055491,11180610,금천구,시흥제5동,38.5,양호
서울정심초등학교병설유치원,유치원,공립,37.47169123,126.9083716,11180550,금천구,독산제4동,105.5,양호
서울탑동유치원,유치원,공립,37.45250225,126.9144646,11180580,금천구,시흥제2동,43.4,양호
동산유치원,유치원,사립,37.47690657,126.9009642,11180540,금천구,독산제3동,13.6,양호
동일유치원,유치원,사립,37.45193668,126.9158203,11180580,금천구,시흥제2동,39.3,양호
럭키유치원,유치원,사립,37.43842687,126.8998907,11180590,금천구,시흥제3동,231.2,주의
서울국악유치원,유치원,사립,37.44670968,126.9067199,11180610,금천구,시흥제5동,78.2,양호
시내유치원,유치원,사립,37.47463431,126.891318,11180510,금천구,가산동,22.3,양호
예림유치원,유치원,사립,37.45014967,126.918609,11180580,금천구,시흥제2동,71.8,양호
운현유치원,유치원,사립,37.4493112,126.9194253,11180580,금천구,시흥제2동,73.7,양호
참사랑유치원,유치원,사립,37.46290531,126.8902608,11180520,금천구,독산제1동,14.3,양호
한신유치원,유치원,사립,37.45627383,126.8896758,11180520,금천구,독산제1동,95.6,양호
서울가산초등학교,초등학교,공립,37.47814776,126.8964487,11180510,금천구,가산동,55.6,양호
서울금나래초등학교,초등학교,공립,37.45822991,126.896495,11180520,금천구,독산제1동,47.0,양호
서울금동초등학교,초등학교,공립,37.44751607,126.9164264,11180580,금천구,시흥제2동,83.7,양호
서울금산초등학교,초등학교,공립,37.4414424,126.908303,11180590,금천구,시흥제3동,59.7,양호
서울금천초등학교,초등학교,공립,37.45468425,126.9126228,11180610,금천구,시흥제5동,61.3,양호
서울독산초등학교,초등학교,공립,37.46561623,126.9000569,11180530,금천구,독산제2동,56.5,양호
서울두산초등학교,초등학교,공립,37.46755562,126.8909721,11180520,금천구,독산제1동,35.5,양호
서울문교초등학교,초등학교,공립,37.4662612,126.9089754,11180550,금천구,독산제4동,132.7,양호
서울문백초등학교,초등학교,공립,37.4474257,126.8995074,11180570,금천구,시흥제1동,23.4,양호
서울문성초등학교,초등학교,공립,37.47491256,126.8994644,11180540,금천구,독산제3동,46.1,양호
서울백산초등학교,초등학교,공립,37.44653137,126.905247,11180610,금천구,시흥제5동,49.3,양호
서울시흥초등학교,초등학교,공립,37.45435415,126.9049575,11180570,금천구,시흥제1동,41.0,양호
서울신흥초등학교,초등학교,공립,37.45979296,126.9090436,11180600,금천구,시흥제4동,56.5,양호
서울안천초등학교,초등학교,공립,37.4587417,126.8883555,11180520,금천구,독산제1동,100.1,양호
서울영남초등학교,초등학교,공립,37.4755911,126.9094917,11180540,금천구,독산제3동,90.0,양호
서울정심초등학교,초등학교,공립,37.47169123,126.908326,11180550,금천구,독산제4동,104.9,양호
서울탑동초등학교,초등학교,공립,37.45250225,126.9149142,11180580,금천구,시흥제2동,33.7,양호
동광초등학교,초등학교,사립,37.45193668,126.916402,11180580,금천구,시흥제2동,43.6,양호
가산중학교,중학교,공립,37.46900338,126.8943311,11180520,금천구,독산제1동,55.7,양호
난곡중학교,중학교,공립,37.47793327,126.9107419,11180540,금천구,독산제3동,98.1,양호
문성중학교,중학교,공립,37.47569637,126.9079037,11180540,금천구,독산제3동,55.1,양호
세일중학교,중학교,공립,37.474675,126.8954859,11180520,금천구,독산제1동,68.6,양호
시흥중학교,중학교,공립,37.44619985,126.9051484,11180590,금천구,시흥제3동,53.4,양호
안천중학교,중학교,공립,37.45973183,126.8874105,11180520,금천구,독산제1동,213.1,주의
한울중학교,중학교,공립,37.46240353,126.9074,11180600,금천구,시흥제4동,26.5,양호
동일중학교,중학교,사립,37.45193668,126.916402,11180580,금천구,시흥제2동,43.6,양호
문일중학교,중학교,사립,37.44880488,126.8984231,11180570,금천구,시흥제1동,127.7,양호
국립전통예술고등학교,고등학교,국립,37.44670968,126.9064094,11180610,금천구,시흥제5동,53.1,양호
금천고등학교,고등학교,공립,37.44537172,126.9055327,11180590,금천구,시흥제3동,91.6,양호
독산고등학교,고등학교,공립,37.47621878,126.9108536,11180540,금천구,독산제3동,82.2,양호
동일여자고등학교,고등학교,사립,37.45193668,126.916402,11180580,금천구,시흥제2동,43.6,양호
문일고등학교,고등학교,사립,37.44880488,126.8984231,11180570,금천구,시흥제1동,127.7,양호
서울매그넷고등학교,고등학교,사립,37.4513899,126.9174242,11180580,금천구,시흥제2동,116.4,양호
국립전통예술중학교,각종학교,국립,37.44670968,126.9064094,11180610,금천구,시흥제5동,53.1,양호
금천문화예술정보학교,각종학교,공립,37.47907673,126.9069167,11180540,금천구,독산제3동,34.4,양호
서울계상초등학교병설유치원,유치원,공립,37.6627142,127.0679325,11110690,노원구,상계5동,41.5,양호
서울공릉초등학교병설유치원,유치원,공립,37.61849295,127.0741628,11110790,노원구,공릉1동,26.5,양호
서울공연초등학교병설유치원,유치원,공립,37.62754817,127.0745092,11110790,노원구,공릉1동,45.9,양호
서울노일유치원,유치원,공립,37.67259732,127.0535482,11110650,노원구,상계1동,58.3,양호
서울당현초등학교병설유치원,유치원,공립,37.6486021,127.0562653,11110770,노원구,상계6.7동,85.8,양호
서울동일초등학교병설유치원,유치원,공립,37.66518157,127.0547335,11110720,노원구,상계8동,52.7,양호
서울상경초등학교병설유치원,유치원,공립,37.67000725,127.0511988,11110720,노원구,상계8동,42.2,양호
서울상계초등학교병설유치원,유치원,공립,37.65924306,127.0665749,11110660,노원구,상계2동,40.5,양호
서울상곡초등학교병설유치원,유치원,공립,37.6628044,127.0628835,11110740,노원구,상계10동,19.6,양호
서울상원초등학교병설유치원,유치원,공립,37.6671878,127.0598254,11110730,노원구,상계9동,64.6,양호
서울수락산유치원,유치원,공립,37.68185447,127.0537826,11110650,노원구,상계1동,38.2,양호
서울수락초등학교병설유치원,유치원,공립,37.68430919,127.0544916,11110650,노원구,상계1동,35.6,양호
서울수암초등학교병설유치원,유치원,공립,37.64823069,127.0814712,11110600,노원구,중계본동,50.9,양호
서울신상계초등학교병설유치원,유치원,공립,37.66829685,127.0755395,11110760,노원구,상계3.4동,104.1,양호
서울연지유치원,유치원,공립,37.63267664,127.0612254,11110530,노원구,월계3동,29.8,양호
서울연촌초등학교병설유치원,유치원,공립,37.6349233,127.0732112,11110580,노원구,하계1동,61.3,양호
서울용동초등학교병설유치원,유치원,공립,37.641555,127.069431,11110580,노원구,하계1동,82.6,양호
서울태랑초등학교병설유치원,유치원,공립,37.62625093,127.0906031,11110560,노원구,공릉2동,84.0,양호
서울태릉초등학교병설유치원,유치원,공립,37.6228668,127.0852435,11110560,노원구,공릉2동,65.5,양호
고운유치원,유치원,사립,37.64403763,127.066929,11110780,노원구,중계2.3동,41.7,양호
공릉 사라유치원,유치원,사립,37.63016435,127.0720038,11110560,노원구,공릉2동,49.2,양호
까치유치원,유치원,사립,37.65663034,127.0732633,11110640,노원구,중계4동,25.6,양호
꽃동산유치원,유치원,사립,37.63042074,127.073767,11110560,노원구,공릉2동,37.9,양호
꿈동산아이유치원,유치원,사립,37.66849168,127.053737,11110720,노원구,상계8동,32.4,양호
꿈터유치원,유치원,사립,37.6740145,127.0599863,11110650,노원구,상계1동,53.3,양호
노원 삼육유치원,유치원,사립,37.62441226,127.0803582,11110560,노원구,공릉2동,18.7,양호
다연유치원,유치원,사립,37.63211482,127.0517498,11110520,노원구,월계2동,47.2,양호
동화나라유치원,유치원,사립,37.66755528,127.080491,11110760,노원구,상계3.4동,24.3,양호
두솔유치원,유치원,사립,37.62954507,127.0541685,11110520,노원구,월계2동,0.6,양호
무지개유치원,유치원,사립,37.66459925,127.0787176,11110760,노원구,상계3.4동,21.2,양호
미광유치원,유치원,사립,37.62362289,127.0831521,11110560,노원구,공릉2동,95.1,양호
보고유치원,유치원,사립,37.61960224,127.0613944,11110510,노원구,월계1동,67.7,양호
보배유치원,유치원,사립,37.62878018,127.0625984,11110530,노원구,월계3동,26.0,양호
산내들유치원,유치원,사립,37.62724825,127.0817632,11110560,노원구,공릉2동,77.1,양호
삼육대학교부속유치원,유치원,사립,37.6450008,127.1060303,11110560,노원구,공릉2동,641.9,확인필요
상원유치원,유치원,사립,37.64454809,127.0687829,11110780,노원구,중계2.3동,85.2,양호
서울여자대학교부속유치원,유치원,사립,37.62932172,127.0896312,11110560,노원구,공릉2동,273.1,주의
선덕유치원,유치원,사립,37.6330612,127.0671209,11110590,노원구,하계2동,0.4,양호
성실유치원,유치원,사립,37.63894537,127.0707095,11110580,노원구,하계1동,20.3,양호
성희유치원,유치원,사립,37.65257655,127.0583741,11110770,노원구,상계6.7동,56.1,양호
아랑유치원,유치원,사립,37.63025971,127.0695421,11110790,노원구,공릉1동,10.0,양호
아이디유치원,유치원,사립,37.65916982,127.0571709,11110740,노원구,상계10동,36.4,양호
연세유치원,유치원,사립,37.63883624,127.0610707,11110780,노원구,중계2.3동,95.7,양호
예진유치원,유치원,사립,37.62814899,127.0676535,11110790,노원구,공릉1동,69.0,양호
온누리유치원,유치원,사립,37.66691397,127.054315,11110720,노원구,상계8동,18.7,양호
우리유치원,유치원,사립,37.6528637,127.0777169,11110610,노원구,중계1동,0.5,양호
원암유치원,유치원,사립,37.64950062,127.0850292,11110600,노원구,중계본동,36.7,양호
육사유치원,유치원,사립,37.62208817,127.10198,11110560,노원구,공릉2동,649.8,확인필요
청원유치원,유치원,사립,37.66613969,127.0611802,11110730,노원구,상계9동,76.7,양호
초안유치원,유치원,사립,37.6304115,127.0438427,11110520,노원구,월계2동,24.8,양호
키즈위즈유치원,유치원,사립,37.66110952,127.0784879,11110640,노원구,중계4동,37.0,양호
풍천유치원,유치원,사립,37.66115913,127.0609969,11110740,노원구,상계10동,0.1,양호
하늘유치원,유치원,사립,37.63487848,127.0510715,11110520,노원구,월계2동,95.0,양호
학여울유치원,유치원,사립,37.63458897,127.0631346,11110590,노원구,하계2동,136.2,양호
한성유치원,유치원,사립,37.6405835,127.0759778,11110580,노원구,하계1동,37.7,양호
한양유치원,유치원,사립,37.61825387,127.0685682,11110530,노원구,월계3동,50.1,양호
효자유치원,유치원,사립,37.62526673,127.064765,11110530,노원구,월계3동,94.4,양호
효천유치원,유치원,사립,37.65136474,127.0782107,11110600,노원구,중계본동,34.3,양호
서울계상초등학교,초등학교,공립,37.66292003,127.0682669,11110690,노원구,상계5동,46.0,양호
서울공릉초등학교,초등학교,공립,37.61849295,127.0741878,11110790,노원구,공릉1동,24.3,양호
서울공연초등학교,초등학교,공립,37.62754817,127.0741645,11110790,노원구,공릉1동,73.7,양호
서울노원초등학교,초등학교,공립,37.67330355,127.0582937,11110650,노원구,상계1동,47.5,양호
서울노일초등학교,초등학교,공립,37.67355394,127.0547777,11110650,노원구,상계1동,39.7,양호
서울녹천초등학교,초등학교,공립,37.62910536,127.0631131,11110530,노원구,월계3동,61.9,양호
서울당현초등학교,초등학교,공립,37.64835245,127.058391,11110770,노원구,상계6.7동,46.6,양호
서울덕암초등학교,초등학교,공립,37.6666235,127.0814678,11110760,노원구,상계3.4동,56.9,양호
서울동일초등학교,초등학교,공립,37.66518157,127.0545951,11110720,노원구,상계8동,60.2,양호
서울불암초등학교,초등학교,공립,37.6507987,127.0806469,11110600,노원구,중계본동,35.3,양호
서울상경초등학교,초등학교,공립,37.67000725,127.0513209,11110720,노원구,상계8동,52.9,양호
서울상계초등학교,초등학교,공립,37.65924306,127.0662421,11110660,노원구,상계2동,58.3,양호
서울상곡초등학교,초등학교,공립,37.6628044,127.062515,11110740,노원구,상계10동,51.1,양호
서울상수초등학교,초등학교,공립,37.65192453,127.0647353,11110770,노원구,상계6.7동,52.7,양호
서울상원초등학교,초등학교,공립,37.66726834,127.0598254,11110730,노원구,상계9동,69.0,양호
서울상월초등학교,초등학교,공립,37.6589725,127.0570925,11110740,노원구,상계10동,34.1,양호
서울상천초등학교,초등학교,공립,37.64637005,127.0581071,11110770,노원구,상계6.7동,63.4,양호
서울선곡초등학교,초등학교,공립,37.61894748,127.0582095,11110510,노원구,월계1동,15.4,양호
서울수락초등학교,초등학교,공립,37.68430919,127.0548343,11110650,노원구,상계1동,40.7,양호
서울수암초등학교,초등학교,공립,37.64823069,127.0813718,11110600,노원구,중계본동,48.1,양호
서울신계초등학교,초등학교,공립,37.63017323,127.052988,11110520,노원구,월계2동,73.9,양호
서울신상계초등학교,초등학교,공립,37.66829685,127.0757904,11110760,노원구,상계3.4동,93.3,양호
서울연지초등학교,초등학교,공립,37.63320323,127.059984,11110530,노원구,월계3동,59.2,양호
서울연촌초등학교,초등학교,공립,37.6349233,127.0728621,11110580,노원구,하계1동,56.7,양호
서울온곡초등학교,초등학교,공립,37.66761734,127.0657902,11110730,노원구,상계9동,86.7,양호
서울용동초등학교,초등학교,공립,37.64170145,127.0694395,11110580,노원구,하계1동,69.0,양호
서울용원초등학교,초등학교,공립,37.62971732,127.0688662,11110790,노원구,공릉1동,40.5,양호
서울원광초등학교,초등학교,공립,37.65415194,127.0747887,11110610,노원구,중계1동,110.4,양호
서울월계초등학교,초등학교,공립,37.62753394,127.0504153,11110520,노원구,월계2동,55.4,양호
서울을지초등학교,초등학교,공립,37.65058921,127.0731299,11110610,노원구,중계1동,59.6,양호
서울중계초등학교,초등학교,공립,37.65785824,127.0730277,11110640,노원구,중계4동,37.7,양호
서울중원초등학교,초등학교,공립,37.64386704,127.0628262,11110780,노원구,중계2.3동,68.8,양호
서울중평초등학교,초등학교,공립,37.63753375,127.0640898,11110590,노원구,하계2동,66.4,양호
서울중현초등학교,초등학교,공립,37.63249127,127.0662355,11110590,노원구,하계2동,64.3,양호
서울청계초등학교,초등학교,공립,37.64528642,127.066442,11110780,노원구,중계2.3동,39.6,양호
서울태랑초등학교,초등학교,공립,37.62625093,127.0905347,11110560,노원구,공릉2동,89.2,양호
서울태릉초등학교,초등학교,공립,37.62276025,127.0852435,11110560,노원구,공릉2동,77.0,양호
서울한천초등학교,초등학교,공립,37.62075829,127.069013,11110530,노원구,월계3동,85.5,양호
상명초등학교,초등학교,사립,37.64871914,127.0675904,11110780,노원구,중계2.3동,68.1,양호
청원초등학교,초등학교,사립,37.66613969,127.0620129,11110730,노원구,상계9동,111.4,양호
태강삼육초등학교,초등학교,사립,37.6450008,127.1062512,11110560,노원구,공릉2동,628.1,확인필요
화랑초등학교,초등학교,사립,37.62932172,127.0939571,11110560,노원구,공릉2동,272.7,주의
공릉중학교,중학교,공립,37.62179906,127.0837653,11110560,노원구,공릉2동,79.0,양호
노원중학교,중학교,공립,37.64932919,127.0594579,11110770,노원구,상계6.7동,62.2,양호
노일중학교,중학교,공립,37.67259732,127.0539025,11110650,노원구,상계1동,46.5,양호
녹천중학교,중학교,공립,37.63157253,127.0620087,11110530,노원구,월계3동,39.2,양호
불암중학교,중학교,공립,37.64607952,127.0735521,11110610,노원구,중계1동,72.7,양호
상경중학교,중학교,공립,37.66716219,127.0533357,11110720,노원구,상계8동,28.2,양호
상계제일중학교,중학교,공립,37.6617373,127.0777604,11110640,노원구,중계4동,63.7,양호
상계중학교,중학교,공립,37.65309508,127.068872,11110660,노원구,상계2동,36.2,양호
상원중학교,중학교,공립,37.67176571,127.0595562,11110650,노원구,상계1동,75.4,양호
수락중학교,중학교,공립,37.6831352,127.0545754,11110650,노원구,상계1동,117.6,양호
신상중학교,중학교,공립,37.65166512,127.0636222,11110770,노원구,상계6.7동,57.4,양호
신창중학교,중학교,공립,37.62860501,127.0474202,11110520,노원구,월계2동,44.3,양호
온곡중학교,중학교,공립,37.66058681,127.0644701,11110740,노원구,상계10동,42.7,양호
월계중학교,중학교,공립,37.63066776,127.0523673,11110520,노원구,월계2동,75.5,양호
을지중학교,중학교,공립,37.64959524,127.071707,11110610,노원구,중계1동,39.7,양호
중계중학교,중학교,공립,37.65478068,127.0754735,11110640,노원구,중계4동,37.3,양호
중원중학교,중학교,공립,37.64425559,127.0680699,11110780,노원구,중계2.3동,66.0,양호
중평중학교,중학교,공립,37.63697564,127.062228,11110590,노원구,하계2동,82.8,양호
태랑중학교,중학교,공립,37.62698477,127.0918527,11110560,노원구,공릉2동,77.9,양호
하계중학교,중학교,공립,37.64134937,127.0719341,11110580,노원구,하계1동,103.1,양호
한천중학교,중학교,공립,37.63135688,127.0721546,11110560,노원구,공릉2동,53.8,양호
광운중학교,중학교,사립,37.62027275,127.0561467,11110510,노원구,월계1동,101.8,양호
상명중학교,중학교,사립,37.64826473,127.0682006,11110780,노원구,중계2.3동,35.2,양호
염광중학교,중학교,사립,37.62840657,127.0491809,11110520,노원구,월계2동,90.8,양호
재현중학교,중학교,사립,37.65946406,127.0814504,11110640,노원구,중계4동,240.4,주의
청원중학교,중학교,사립,37.66613969,127.0620129,11110730,노원구,상계9동,111.4,양호
경기기계공업고등학교,고등학교,공립,37.63129193,127.0742785,11110560,노원구,공릉2동,71.1,양호
노원고등학교,고등학교,공립,37.66211212,127.0531016,11110720,노원구,상계8동,78.8,양호
불암고등학교,고등학교,공립,37.64915718,127.0801792,11110600,노원구,중계본동,57.9,양호
상계고등학교,고등학교,공립,37.65271222,127.0556823,11110770,노원구,상계6.7동,74.8,양호
수락고등학교,고등학교,공립,37.68291768,127.0535593,11110650,노원구,상계1동,95.4,양호
월계고등학교,고등학교,공립,37.6317337,127.0486867,11110520,노원구,월계2동,73.4,양호
광운인공지능고등학교,고등학교,사립,37.6208454,127.0561467,11110510,노원구,월계1동,114.7,양호
대진고등학교,고등학교,사립,37.63736883,127.07504,11110580,노원구,하계1동,23.8,양호
대진여자고등학교,고등학교,사립,37.6453231,127.0672803,11110780,노원구,중계2.3동,61.7,양호
미래산업과학고등학교,고등학교,사립,37.65915108,127.0786348,11110640,노원구,중계4동,83.8,양호
상명고등학교,고등학교,사립,37.64826473,127.0682006,11110780,노원구,중계2.3동,35.2,양호
서라벌고등학교,고등학교,사립,37.64525762,127.0758322,11110610,노원구,중계1동,65.0,양호
서울동산고등학교,고등학교,사립,37.63042074,127.0741844,11110560,노원구,공릉2동,63.7,양호
서울아이티고등학교,고등학교,사립,37.64189113,127.0618203,11110780,노원구,중계2.3동,53.7,양호
염광고등학교,고등학교,사립,37.62840657,127.0495892,11110520,노원구,월계2동,70.6,양호
염광여자메디텍고등학교,고등학교,사립,37.62840657,127.0486739,11110520,노원구,월계2동,118.7,양호
영신간호비즈니스고등학교,고등학교,사립,37.65175083,127.0828722,11110600,노원구,중계본동,65.1,양호
영신여자고등학교,고등학교,사립,37.65175083,127.0828722,11110600,노원구,중계본동,65.1,양호
용화여자고등학교,고등학교,사립,37.65837406,127.0583619,11110740,노원구,상계10동,60.6,양호
인덕과학기술고등학교,고등학교,사립,37.63019529,127.0555547,11110520,노원구,월계2동,83.8,양호
재현고등학교,고등학교,사립,37.65946406,127.0814504,11110640,노원구,중계4동,240.4,주의
청원고등학교,고등학교,사립,37.66613969,127.063149,11110730,노원구,상계9동,142.1,양호
청원여자고등학교,고등학교,사립,37.66613969,127.0612619,11110730,노원구,상계9동,78.2,양호
한국삼육고등학교,고등학교,사립,37.6450008,127.1062512,11110560,노원구,공릉2동,628.1,확인필요
혜성여자고등학교,고등학교,사립,37.64072929,127.0736034,11110580,노원구,하계1동,59.1,양호
서울정민학교,특수학교,공립,37.63389561,127.0732399,11110580,노원구,하계1동,67.9,양호
서울동천학교,특수학교,사립,37.64413352,127.0733938,11110580,노원구,하계1동,52.6,양호
한국삼육중학교,각종학교,사립,37.6450008,127.1062512,11110560,노원구,공릉2동,628.1,확인필요
청암예술학교,고등기술학교,사립,37.65177498,127.0738652,11110610,노원구,중계1동,86.6,양호
서울가인초등학교병설유치원,유치원,공립,37.6601064,127.0434918,11100630,도봉구,창제5동,114.1,양호
서울도봉초등학교병설유치원,유치원,공립,37.67996221,127.0382884,11100640,도봉구,도봉제1동,27.5,양호
서울마들유치원,유치원,공립,37.66087613,127.0475024,11100620,도봉구,창제4동,42.1,양호
서울방학유치원,유치원,공립,37.66103025,127.035854,11100550,도봉구,방학제1동,39.4,양호
서울숭미초등학교병설유치원,유치원,공립,37.6507889,127.0278271,11100510,도봉구,쌍문제1동,59.5,양호
서울신창초등학교병설유치원,유치원,공립,37.63592167,127.0425811,11100610,도봉구,창제3동,32.7,양호
서울신학초등학교병설유치원,유치원,공립,37.66116044,127.0249731,11100570,도봉구,방학제3동,55.1,양호
서울쌍문초등학교병설유치원,유치원,공립,37.6486409,127.0244709,11100510,도봉구,쌍문제1동,65.7,양호
서울오봉초등학교병설유치원,유치원,공립,37.6718842,127.0402882,11100640,도봉구,도봉제1동,41.1,양호
서울월천초등학교병설유치원,유치원,공립,37.6478402,127.0522016,11100620,도봉구,창제4동,48.3,양호
서울창동초등학교병설유치원,유치원,공립,37.65536321,127.0448334,11100630,도봉구,창제5동,39.2,양호
꿈밭유치원,유치원,사립,37.65780114,127.027565,11100570,도봉구,방학제3동,12.1,양호
나래유치원,유치원,사립,37.6714916,127.0477097,11100650,도봉구,도봉제2동,88.4,양호
덕성여자대학교부속유치원,유치원,사립,37.65089321,127.018341,11100510,도봉구,쌍문제1동,93.3,양호
보나유치원,유치원,사립,37.65690459,127.0212127,11100570,도봉구,방학제3동,72.0,양호
사랑유치원,유치원,사립,37.66543135,127.0466725,11100550,도봉구,방학제1동,39.2,양호
삼풍유치원,유치원,사립,37.65679612,127.0456671,11100630,도봉구,창제5동,0.2,양호
선희유치원,유치원,사립,37.65731037,127.0299264,11100540,도봉구,쌍문제4동,51.7,양호
솔샘유치원,유치원,사립,37.65324963,127.0407387,11100630,도봉구,창제5동,11.4,양호
슬기유치원,유치원,사립,37.68400703,127.0482033,11100650,도봉구,도봉제2동,72.2,양호
신창유치원,유치원,사립,37.64137871,127.0409955,11100610,도봉구,창제3동,56.9,양호
유화유치원,유치원,사립,37.6598488,127.0274602,11100570,도봉구,방학제3동,27.7,양호
정의유치원,유치원,사립,37.65239325,127.0313059,11100540,도봉구,쌍문제4동,35.0,양호
청아유치원,유치원,사립,37.65889025,127.0490882,11100620,도봉구,창제4동,71.9,양호
한별유치원,유치원,사립,37.64191461,127.0380083,11100600,도봉구,창제2동,29.2,양호
한사랑유치원,유치원,사립,37.64787978,127.0483521,11100590,도봉구,창제1동,82.4,양호
햇살유치원,유치원,사립,37.6492245,127.0252398,11100510,도봉구,쌍문제1동,50.6,양호
행복한유치원,유치원,사립,37.6591692,127.0322092,11100540,도봉구,쌍문제4동,12.8,양호
서울가인초등학교,초등학교,공립,37.65974191,127.0431592,11100630,도봉구,창제5동,69.5,양호
서울누원초등학교,초등학교,공립,37.68723218,127.0490694,11100650,도봉구,도봉제2동,81.1,양호
서울도봉초등학교,초등학교,공립,37.67996221,127.038218,11100640,도봉구,도봉제1동,33.7,양호
서울방학초등학교,초등학교,공립,37.66434902,127.0321675,11100560,도봉구,방학제2동,68.7,양호
서울백운초등학교,초등학교,공립,37.65350724,127.0139875,11100510,도봉구,쌍문제1동,27.6,양호
서울숭미초등학교,초등학교,공립,37.65040837,127.0279643,11100530,도봉구,쌍문제3동,51.9,양호
서울신방학초등학교,초등학교,공립,37.6666947,127.0292294,11100570,도봉구,방학제3동,5.6,양호
서울신창초등학교,초등학교,공립,37.63592167,127.0421969,11100610,도봉구,창제3동,50.7,양호
서울신학초등학교,초등학교,공립,37.66116044,127.0255131,11100570,도봉구,방학제3동,100.4,양호
서울신화초등학교,초등학교,공립,37.63290178,127.0408596,11100610,도봉구,창제3동,58.6,양호
서울쌍문초등학교,초등학교,공립,37.64888384,127.024308,11100510,도봉구,쌍문제1동,55.5,양호
서울오봉초등학교,초등학교,공립,37.67171929,127.0402882,11100640,도봉구,도봉제1동,46.4,양호
서울월천초등학교,초등학교,공립,37.64804715,127.0522016,11100620,도봉구,창제4동,36.5,양호
서울자운초등학교,초등학교,공립,37.65801124,127.0463946,11100620,도봉구,창제4동,51.5,양호
서울창경초등학교,초등학교,공립,37.65659976,127.0347544,11100520,도봉구,쌍문제2동,34.4,양호
서울창도초등학교,초등학교,공립,37.66414272,127.0490956,11100550,도봉구,방학제1동,47.0,양호
서울창동초등학교,초등학교,공립,37.65536321,127.0446861,11100630,도봉구,창제5동,37.4,양호
서울창림초등학교,초등학교,공립,37.6432559,127.0415487,11100600,도봉구,창제2동,59.0,양호
서울창원초등학교,초등학교,공립,37.65275371,127.040553,11100630,도봉구,창제5동,33.1,양호
서울창일초등학교,초등학교,공립,37.64765735,127.0476797,11100590,도봉구,창제1동,65.8,양호
서울초당초등학교,초등학교,공립,37.6583764,127.0221014,11100570,도봉구,방학제3동,43.5,양호
동북초등학교,초등학교,사립,37.65557861,127.0268289,11100540,도봉구,쌍문제4동,103.4,양호
한신초등학교,초등학교,사립,37.65239325,127.0318063,11100540,도봉구,쌍문제4동,10.5,양호
노곡중학교,중학교,공립,37.64872485,127.053561,11100620,도봉구,창제4동,88.5,양호
도봉중학교,중학교,공립,37.67111226,127.0459742,11100650,도봉구,도봉제2동,35.4,양호
방학중학교,중학교,공립,37.66499409,127.0316064,11100560,도봉구,방학제2동,26.8,양호
백운중학교,중학교,공립,37.65665419,127.0358991,11100520,도봉구,쌍문제2동,53.2,양호
북서울중학교,중학교,공립,37.68161874,127.0430239,11100640,도봉구,도봉제1동,31.5,양호
신도봉중학교,중학교,공립,37.64886551,127.0331989,11100530,도봉구,쌍문제3동,8.7,양호
신방학중학교,중학교,공립,37.66390745,127.0295168,11100570,도봉구,방학제3동,66.9,양호
창동중학교,중학교,공립,37.66312055,127.0497887,11100550,도봉구,방학제1동,118.8,양호
창북중학교,중학교,공립,37.64992634,127.0385766,11100590,도봉구,창제1동,70.5,양호
창일중학교,중학교,공립,37.64872634,127.0465188,11100590,도봉구,창제1동,53.3,양호
효문중학교,중학교,공립,37.65269846,127.0183236,11100510,도봉구,쌍문제1동,61.5,양호
선덕중학교,중학교,사립,37.65557861,127.0268289,11100540,도봉구,쌍문제4동,103.4,양호
정의여자중학교,중학교,사립,37.65239325,127.0318063,11100540,도봉구,쌍문제4동,10.5,양호
누원고등학교,고등학교,공립,37.68556952,127.0498868,11100650,도봉구,도봉제2동,42.6,양호
도봉고등학교,고등학교,공립,37.68714932,127.0428051,11100640,도봉구,도봉제1동,54.6,양호
서울문화고등학교,고등학교,공립,37.66412628,127.0475357,11100550,도봉구,방학제1동,95.6,양호
자운고등학교,고등학교,공립,37.65947989,127.0504663,11100620,도봉구,창제4동,69.7,양호
창동고등학교,고등학교,공립,37.6509897,127.0383612,11100590,도봉구,창제1동,65.5,양호
효문고등학교,고등학교,공립,37.65269846,127.0183324,11100510,도봉구,쌍문제1동,61.9,양호
서울외국어고등학교,고등학교,사립,37.645811,127.0519548,11100620,도봉구,창제4동,8.8,양호
선덕고등학교,고등학교,사립,37.65557861,127.0268289,11100540,도봉구,쌍문제4동,103.4,양호
세그루패션디자인고등학교,고등학교,사립,37.65557861,127.0268289,11100540,도봉구,쌍문제4동,103.4,양호
정의여자고등학교,고등학교,사립,37.65239325,127.0318063,11100540,도봉구,쌍문제4동,10.5,양호
서울도솔학교,특수학교,공립,37.6946486,127.0415942,11100640,도봉구,도봉제1동,74.0,양호
서울군자초등학교병설유치원,유치원,공립,37.56394938,127.0613781,11060870,동대문구,장안제1동,69.5,양호
서울답십리초등학교병설유치원,유치원,공립,37.5688037,127.0554268,11060910,동대문구,답십리제1동,51.7,양호
서울이문유치원,유치원,공립,37.6023428,127.0644908,11060900,동대문구,이문제2동,48.1,양호
서울장평초등학교병설유치원,유치원,공립,37.57390242,127.0738945,11060880,동대문구,장안제2동,14.3,양호
서울전곡초등학교병설유치원,유치원,공립,37.5803414,127.0564893,11060840,동대문구,전농제2동,52.3,양호
서울전동초등학교병설유치원,유치원,공립,37.5786715,127.061212,11060840,동대문구,전농제2동,60.5,양호
서울홍파초등학교병설유치원,유치원,공립,37.58620291,127.0395194,11060820,동대문구,제기동,43.8,양호
서울휘경유치원,유치원,공립,37.58636247,127.0570483,11060730,동대문구,휘경제2동,59.8,양호
서울휘봉초등학교병설유치원,유치원,공립,37.58560129,127.0700991,11060730,동대문구,휘경제2동,89.1,양호
경희유치원,유치원,사립,37.59379956,127.0558253,11060890,동대문구,이문제1동,15.4,양호
그림유치원,유치원,사립,37.57051161,127.0593781,11060860,동대문구,답십리제2동,35.5,양호
동안유치원,유치원,사립,37.5928937,127.0565722,11060890,동대문구,이문제1동,58.7,양호
라온유치원,유치원,사립,37.57026756,127.0576029,11060860,동대문구,답십리제2동,17.4,양호
사군자유치원,유치원,사립,37.56519791,127.0637765,11060870,동대문구,장안제1동,22.5,양호
사랑유치원,유치원,사립,37.58786622,127.04849,11060800,동대문구,청량리동,64.3,양호
산정현유치원,유치원,사립,37.59268086,127.0540699,11060710,동대문구,회기동,6.5,양호
삼성유치원,유치원,사립,37.57523813,127.0516838,11060830,동대문구,전농제1동,38.4,양호
새소리유치원,유치원,사립,37.57740699,127.058878,11060840,동대문구,전농제2동,38.4,양호
새일문유치원,유치원,사립,37.57514389,127.0716663,11060880,동대문구,장안제2동,47.8,양호
세하유치원,유치원,사립,37.56896985,127.0729602,11060880,동대문구,장안제2동,85.7,양호
소화유치원,유치원,사립,37.583068,127.0347776,11060820,동대문구,제기동,27.0,양호
신동아유치원,유치원,사립,37.57287248,127.0331306,11060810,동대문구,용두동,18.2,양호
아이비유치원,유치원,사립,37.58281605,127.0687378,11060730,동대문구,휘경제2동,0.4,양호
예일유치원,유치원,사립,37.5773424,127.066071,11060840,동대문구,전농제2동,29.3,양호
정원유치원,유치원,사립,37.57900887,127.0758346,11060880,동대문구,장안제2동,18.9,양호
젬마유치원,유치원,사립,37.59294099,127.0594206,11060720,동대문구,휘경제1동,45.7,양호
푸른솔유치원,유치원,사립,37.57447447,127.0597451,11060860,동대문구,답십리제2동,0.6,양호
서울군자초등학교,초등학교,공립,37.56394938,127.0613465,11060870,동대문구,장안제1동,68.2,양호
서울답십리초등학교,초등학교,공립,37.5688037,127.0554225,11060910,동대문구,답십리제1동,52.1,양호
서울동답초등학교,초등학교,공립,37.5720154,127.0642055,11060860,동대문구,답십리제2동,76.7,양호
서울배봉초등학교,초등학교,공립,37.58008498,127.0659414,11060840,동대문구,전농제2동,68.5,양호
서울신답초등학교,초등학교,공립,37.57347506,127.0433249,11060810,동대문구,용두동,95.9,양호
서울안평초등학교,초등학교,공립,37.56613641,127.0713495,11060870,동대문구,장안제1동,42.4,양호
서울용두초등학교,초등학교,공립,37.57615297,127.0288848,11060810,동대문구,용두동,19.2,양호
서울이문초등학교,초등학교,공립,37.6023428,127.0641929,11060900,동대문구,이문제2동,53.5,양호
서울장평초등학교,초등학교,공립,37.57390242,127.0732688,11060880,동대문구,장안제2동,32.3,양호
서울전곡초등학교,초등학교,공립,37.58070478,127.0562692,11060840,동대문구,전농제2동,65.4,양호
서울전농초등학교,초등학교,공립,37.57473045,127.0542426,11060910,동대문구,답십리제1동,69.3,양호
서울전동초등학교,초등학교,공립,37.5786715,127.061138,11060840,동대문구,전농제2동,60.6,양호
서울종암초등학교,초등학교,공립,37.58217137,127.0311722,11060820,동대문구,제기동,20.8,양호
서울청량초등학교,초등학교,공립,37.59197701,127.0558443,11060710,동대문구,회기동,28.3,양호
서울홍릉초등학교,초등학교,공립,37.59068612,127.0474406,11060800,동대문구,청량리동,57.8,양호
서울홍파초등학교,초등학교,공립,37.58620291,127.0395874,11060820,동대문구,제기동,38.1,양호
서울휘경초등학교,초등학교,공립,37.58636247,127.0581161,11060730,동대문구,휘경제2동,20.7,양호
서울휘봉초등학교,초등학교,공립,37.58560129,127.0701535,11060730,동대문구,휘경제2동,89.7,양호
경희초등학교,초등학교,사립,37.59379956,127.0491562,11060710,동대문구,회기동,68.0,양호
서울삼육초등학교,초등학교,사립,37.58877858,127.0477488,11060800,동대문구,청량리동,23.8,양호
은석초등학교,초등학교,사립,37.57855902,127.0758507,11060880,동대문구,장안제2동,22.0,양호
동대문중학교,중학교,공립,37.57453006,127.0519039,11060830,동대문구,전농제1동,52.8,양호
성일중학교,중학교,공립,37.58176811,127.0340095,11060820,동대문구,제기동,97.8,양호
숭인중학교,중학교,공립,37.57392056,127.0438537,11060810,동대문구,용두동,86.1,양호
장평중학교,중학교,공립,37.56661723,127.0705317,11060870,동대문구,장안제1동,47.7,양호
전농중학교,중학교,공립,37.58052165,127.0601296,11060840,동대문구,전농제2동,109.9,양호
전동중학교,중학교,공립,37.58556126,127.0711099,11060730,동대문구,휘경제2동,88.0,양호
전일중학교,중학교,공립,37.58180413,127.0583551,11060840,동대문구,전농제2동,148.1,양호
청량중학교,중학교,공립,37.58799834,127.0511245,11060800,동대문구,청량리동,111.4,양호
휘경중학교,중학교,공립,37.58738958,127.0620254,11060730,동대문구,휘경제2동,90.8,양호
경희여자중학교,중학교,사립,37.59379956,127.0527612,11060710,동대문구,회기동,39.3,양호
경희중학교,중학교,사립,37.59379956,127.0548501,11060710,동대문구,회기동,78.8,양호
대광중학교,중학교,사립,37.57795461,127.0247227,11060810,동대문구,용두동,29.8,양호
동국대학교사범대학부속중학교,중학교,사립,37.57800301,127.0752098,11060880,동대문구,장안제2동,68.8,양호
정화여자중학교,중학교,사립,37.58611564,127.0408473,11060820,동대문구,제기동,18.6,양호
휘경여자중학교,중학교,사립,37.58355513,127.0673783,11060730,동대문구,휘경제2동,90.1,양호
청량고등학교,고등학교,공립,37.58856502,127.0510593,11060800,동대문구,청량리동,172.0,양호
휘경공업고등학교,고등학교,공립,37.58471326,127.0695589,11060730,동대문구,휘경제2동,67.3,양호
휘봉고등학교,고등학교,공립,37.58640383,127.0690338,11060730,동대문구,휘경제2동,33.0,양호
경희고등학교,고등학교,사립,37.59379956,127.0548501,11060710,동대문구,회기동,78.8,양호
경희여자고등학교,고등학교,사립,37.59379956,127.0511015,11060710,동대문구,회기동,106.6,양호
대광고등학교,고등학교,사립,37.57795461,127.0247227,11060810,동대문구,용두동,29.8,양호
동국대학교사범대학부속고등학교,고등학교,사립,37.57800301,127.07475,11060880,동대문구,장안제2동,69.8,양호
서울정화고등학교,고등학교,사립,37.5858298,127.0407615,11060820,동대문구,제기동,25.5,양호
해성국제컨벤션고등학교,고등학교,사립,37.58186663,127.0569633,11060840,동대문구,전농제2동,140.6,양호
해성여자고등학교,고등학교,사립,37.58186663,127.0569633,11060840,동대문구,전농제2동,140.6,양호
휘경여자고등학교,고등학교,사립,37.58355513,127.0673783,11060730,동대문구,휘경제2동,90.1,양호
서울강남초등학교병설유치원,유치원,공립,37.50534815,126.952589,11200530,동작구,상도제1동,48.4,양호
서울남성초등학교병설유치원,유치원,공립,37.48413116,126.9769331,11200650,동작구,사당제3동,37.6,양호
서울노량진초등학교병설유치원,유치원,공립,37.51093774,126.9408372,11200720,동작구,노량진제1동,34.6,양호
서울문창초등학교병설유치원,유치원,공립,37.48886886,126.9135639,11200690,동작구,신대방제1동,66.0,양호
서울본동초등학교병설유치원,유치원,공립,37.51004104,126.9536191,11200720,동작구,노량진제1동,56.7,양호
서울상도유치원,유치원,공립,37.50825342,126.9433372,11200720,동작구,노량진제1동,43.4,양호
서울신남성초등학교병설유치원,유치원,공립,37.48893536,126.9645889,11200670,동작구,사당제5동,38.2,양호
서울은로유치원,유치원,공립,37.50374067,126.9607411,11200710,동작구,흑석동,19.8,양호
서울행림초등학교병설유치원,유치원,공립,37.48298324,126.9644101,11200670,동작구,사당제5동,208.5,주의
강남유치원,유치원,사립,37.50349467,126.9496744,11200530,동작구,상도제1동,23.9,양호
노량진교회유치원,유치원,사립,37.51209079,126.9561323,11200720,동작구,노량진제1동,85.3,양호
동그라미유치원,유치원,사립,37.48165299,126.9793666,11200630,동작구,사당제1동,13.5,양호
명수유치원,유치원,사립,37.50921798,126.9607,11200710,동작구,흑석동,12.1,양호
벧엘유치원,유치원,사립,37.50876517,126.9429077,11200720,동작구,노량진제1동,24.7,양호
사랑유치원,유치원,사립,37.49840218,126.9211745,11200680,동작구,대방동,20.9,양호
상도유치원,유치원,사립,37.50157528,126.9519717,11200530,동작구,상도제1동,14.8,양호
상아유치원,유치원,사립,37.49759361,126.9442507,11200560,동작구,상도제4동,16.4,양호
샛별유치원,유치원,사립,37.49804311,126.9502793,11200530,동작구,상도제1동,18.9,양호
소망유치원,유치원,사립,37.50839409,126.9669951,11200710,동작구,흑석동,26.9,양호
송림유치원,유치원,사립,37.48908563,126.9634588,11200670,동작구,사당제5동,70.0,양호
승혜유치원,유치원,사립,37.49867047,126.9370765,11200560,동작구,상도제4동,14.3,양호
시현유치원,유치원,사립,37.50974563,126.948382,11200720,동작구,노량진제1동,42.5,양호
양문유치원,유치원,사립,37.4891941,126.9073908,11200690,동작구,신대방제1동,38.2,양호
열림유치원,유치원,사립,37.50897025,126.9292239,11200680,동작구,대방동,93.7,양호
요요유치원,유치원,사립,37.49560243,126.9126379,11200690,동작구,신대방제1동,19.4,양호
은혜유치원,유치원,사립,37.49778666,126.9332042,11200550,동작구,상도제3동,24.3,양호
중앙대부속유치원,유치원,사립,37.5065874,126.9559983,11200710,동작구,흑석동,85.0,양호
총신대부속유치원,유치원,사립,37.48874283,126.9666222,11200670,동작구,사당제5동,59.1,양호
행복유치원,유치원,사립,37.49568155,126.9411334,11200560,동작구,상도제4동,42.2,양호
행복한숲유치원,유치원,사립,37.50792871,126.949533,11200720,동작구,노량진제1동,33.6,양호
서울강남초등학교,초등학교,공립,37.50534815,126.9535841,11200710,동작구,흑석동,47.8,양호
서울남사초등학교,초등학교,공립,37.48243868,126.9785565,11200630,동작구,사당제1동,49.9,양호
서울남성초등학교,초등학교,공립,37.48413116,126.9758314,11200650,동작구,사당제3동,50.8,양호
서울노량진초등학교,초등학교,공립,37.51093774,126.9409291,11200720,동작구,노량진제1동,27.8,양호
서울대림초등학교,초등학교,공립,37.50584919,126.9253563,11200680,동작구,대방동,14.5,양호
서울동작초등학교,초등학교,공립,37.49442036,126.9770792,11200730,동작구,사당제2동,105.3,양호
서울문창초등학교,초등학교,공립,37.48886886,126.9137666,11200690,동작구,신대방제1동,74.3,양호
서울보라매초등학교,초등학교,공립,37.49585246,126.9160739,11200700,동작구,신대방제2동,45.8,양호
서울본동초등학교,초등학교,공립,37.51004104,126.9537363,11200720,동작구,노량진제1동,63.6,양호
서울삼일초등학교,초등학교,공립,37.48825949,126.975172,11200650,동작구,사당제3동,44.7,양호
서울상도초등학교,초등학교,공립,37.50034791,126.9373558,11200560,동작구,상도제4동,56.7,양호
서울상현초등학교,초등학교,공립,37.49487359,126.9526964,11200530,동작구,상도제1동,50.5,양호
서울신길초등학교,초등학교,공립,37.51088033,126.9265808,11200680,동작구,대방동,4.2,양호
서울신남성초등학교,초등학교,공립,37.48893536,126.9651073,11200670,동작구,사당제5동,54.5,양호
서울신상도초등학교,초등학교,공립,37.50035232,126.9440809,11200540,동작구,상도제2동,68.1,양호
서울영본초등학교,초등학교,공립,37.51004542,126.9485347,11200720,동작구,노량진제1동,55.5,양호
서울영화초등학교,초등학교,공립,37.50860884,126.9330589,11200680,동작구,대방동,34.1,양호
서울은로초등학교,초등학교,공립,37.50374067,126.9602147,11200710,동작구,흑석동,63.1,양호
서울행림초등학교,초등학교,공립,37.48298324,126.9652979,11200670,동작구,사당제5동,130.8,양호
서울흑석초등학교,초등학교,공립,37.50836717,126.9650367,11200710,동작구,흑석동,55.4,양호
중앙대학교사범대학부속초등학교,초등학교,사립,37.50545172,126.960245,11200710,동작구,흑석동,86.7,양호
강남중학교,중학교,공립,37.50839881,126.9225543,11200680,동작구,대방동,171.9,양호
강현중학교,중학교,공립,37.50327132,126.9314655,11200680,동작구,대방동,70.1,양호
국사봉중학교,중학교,공립,37.49332288,126.9441046,11200560,동작구,상도제4동,96.0,양호
남성중학교,중학교,공립,37.47929273,126.9724003,11200660,동작구,사당제4동,23.8,양호
대방중학교,중학교,공립,37.4948134,126.9137335,11200690,동작구,신대방제1동,53.9,양호
동작중학교,중학교,공립,37.49522783,126.9772383,11200730,동작구,사당제2동,112.2,양호
문창중학교,중학교,공립,37.49580131,126.921645,11200700,동작구,신대방제2동,53.7,양호
사당중학교,중학교,공립,37.48789465,126.9688695,11200650,동작구,사당제3동,80.4,양호
상도중학교,중학교,공립,37.49104125,126.961525,11200670,동작구,사당제5동,148.2,양호
상현중학교,중학교,공립,37.49402894,126.9603553,11200530,동작구,상도제1동,25.0,양호
영등포중학교,중학교,공립,37.50748483,126.9337092,11200680,동작구,대방동,69.4,양호
장승중학교,중학교,공립,37.50329089,126.940722,11200540,동작구,상도제2동,67.9,양호
동양중학교,중학교,사립,37.50981686,126.9562366,11200720,동작구,노량진제1동,68.4,양호
성남중학교,중학교,사립,37.50483489,126.9265387,11200680,동작구,대방동,149.6,양호
숭의여자중학교,중학교,사립,37.50815066,126.9292344,11200680,동작구,대방동,96.4,양호
중앙대학교사범대학부속중학교,중학교,사립,37.50400539,126.96152,11200710,동작구,흑석동,67.4,양호
동작고등학교,고등학교,공립,37.48201292,126.9652979,11200670,동작구,사당제5동,111.1,양호
서울공업고등학교,고등학교,공립,37.50584919,126.9225543,11200680,동작구,대방동,42.4,양호
수도여자고등학교,고등학교,공립,37.4931798,126.9155463,11200690,동작구,신대방제1동,67.2,양호
영등포고등학교,고등학교,공립,37.50748483,126.933913,11200680,동작구,대방동,76.3,양호
경문고등학교,고등학교,사립,37.49161412,126.9815837,11200730,동작구,사당제2동,36.7,양호
성남고등학교,고등학교,사립,37.50483489,126.9265387,11200680,동작구,대방동,149.6,양호
숭의여자고등학교,고등학교,사립,37.50815066,126.9288535,11200680,동작구,대방동,111.7,양호
누리학교,특수학교,사립,37.49996956,126.9265092,11200680,동작구,대방동,23.5,양호
서울삼성학교,특수학교,사립,37.49925789,126.9461453,11200560,동작구,상도제4동,55.7,양호
수도여자고등학교 부설 방송통신고등학교,방송통신고,공립,37.4931834,126.9155463,11200690,동작구,신대방제1동,67.1,양호
영등포고등학교 부설 방송통신고등학교,방송통신고,공립,37.5084982,126.933913,11200680,동작구,대방동,105.6,양호
서울공덕초등학교병설유치원,유치원,공립,37.54555338,126.954095,11140770,마포구,공덕동,48.0,양호
서울동교초등학교병설유치원,유치원,공립,37.55868621,126.9025229,11140700,마포구,망원제2동,41.5,양호
서울마포초등학교병설유치원,유치원,공립,37.53847706,126.9491507,11140750,마포구,도화동,38.2,양호
서울상암초등학교병설유치원,유치원,공립,37.57633772,126.8923438,11140740,마포구,상암동,48.4,양호
서울상지초등학교병설유치원,유치원,공립,37.57975232,126.8820743,11140740,마포구,상암동,44.1,양호
서울성산초등학교병설유치원,유치원,공립,37.55317902,126.9115015,11140680,마포구,합정동,22.6,양호
서울성서초등학교병설유치원,유치원,공립,37.5607288,126.9111707,11140720,마포구,성산제1동,55.9,양호
서울소의초등학교병설유치원,유치원,공립,37.5524497,126.9605723,11140770,마포구,공덕동,55.5,양호
서울용강초등학교병설유치원,유치원,공립,37.54910148,126.944044,11140600,마포구,대흥동,21.9,양호
서울중동초등학교병설유치원,유치원,공립,37.5665378,126.9113904,11140730,마포구,성산제2동,57.3,양호
서울창천초등학교병설유치원,유치원,공립,37.55491751,126.9392952,11140600,마포구,대흥동,32.9,양호
서울하늘초등학교병설유치원,유치원,공립,37.58566949,126.8811887,11140740,마포구,상암동,83.0,양호
서울한서초등학교병설유치원,유치원,공립,37.55364861,126.9497792,11140610,마포구,염리동,66.8,양호
나사렛유치원,유치원,사립,37.57437176,126.8903935,11140740,마포구,상암동,39.4,양호
대진유치원,유치원,사립,37.56219995,126.9164203,11140720,마포구,성산제1동,24.8,양호
돌샘유치원,유치원,사립,37.54339339,126.955738,11140770,마포구,공덕동,80.5,양호
마포대진유치원,유치원,사립,37.56184016,126.9193154,11140710,마포구,연남동,17.2,양호
배영유치원,유치원,사립,37.55224602,126.9197697,11140660,마포구,서교동,30.6,양호
삼성그린유치원,유치원,사립,37.53950587,126.951593,11140750,마포구,도화동,9.6,양호
새현대유치원,유치원,사립,37.53926694,126.9542626,11140750,마포구,도화동,26.5,양호
서일유치원,유치원,사립,37.56748187,126.9081826,11140730,마포구,성산제2동,2.5,양호
성결유치원,유치원,사립,37.54624306,126.9373536,11140630,마포구,신수동,49.1,양호
성산아트유치원,유치원,사립,37.56534498,126.9090407,11140730,마포구,성산제2동,7.2,양호
월드유치원,유치원,사립,37.5804066,126.8811431,11140740,마포구,상암동,21.3,양호
정님유치원,유치원,사립,37.54994533,126.9469238,11140610,마포구,염리동,22.9,양호
태영유치원,유치원,사립,37.54567903,126.9431758,11140590,마포구,용강동,25.4,양호
홍익대학교사범대학부속유치원,유치원,사립,37.56231191,126.9192381,11140710,마포구,연남동,57.5,양호
서울공덕초등학교,초등학교,공립,37.54555338,126.9537786,11140770,마포구,공덕동,46.0,양호
서울동교초등학교,초등학교,공립,37.55868621,126.9023504,11140700,마포구,망원제2동,28.7,양호
서울마포초등학교,초등학교,공립,37.53847706,126.9023504,11140680,마포구,합정동,1129.1,확인필요
서울망원초등학교,초등학교,공립,37.56094709,126.9008405,11140700,마포구,망원제2동,21.2,양호
서울상암초등학교,초등학교,공립,37.57633772,126.8922651,11140740,마포구,상암동,53.2,양호
서울상지초등학교,초등학교,공립,37.57975232,126.8821522,11140740,마포구,상암동,48.2,양호
서울서강초등학교,초등학교,공립,37.54837999,126.9265893,11140760,마포구,서강동,83.5,양호
서울서교초등학교,초등학교,공립,37.55440311,126.9251258,11140660,마포구,서교동,33.9,양호
서울성산초등학교,초등학교,공립,37.55317902,126.9111567,11140680,마포구,합정동,52.9,양호
서울성서초등학교,초등학교,공립,37.56046927,126.9111163,11140720,마포구,성산제1동,71.7,양호
서울성원초등학교,초등학교,공립,37.566978,126.9052439,11140730,마포구,성산제2동,23.6,양호
서울소의초등학교,초등학교,공립,37.55242158,126.9608016,11140770,마포구,공덕동,36.1,양호
서울신북초등학교,초등학교,공립,37.57118997,126.9051164,11140730,마포구,성산제2동,32.0,양호
서울신석초등학교,초등학교,공립,37.54446819,126.9378465,11140630,마포구,신수동,66.4,양호
서울아현초등학교,초등학교,공립,37.55583277,126.9559661,11140780,마포구,아현동,39.3,양호
서울염리초등학교,초등학교,공립,37.54236147,126.9461953,11140590,마포구,용강동,28.6,양호
서울용강초등학교,초등학교,공립,37.54910148,126.9440167,11140600,마포구,대흥동,19.5,양호
서울중동초등학교,초등학교,공립,37.56686412,126.911279,11140730,마포구,성산제2동,39.0,양호
서울창천초등학교,초등학교,공립,37.55491751,126.9393201,11140600,마포구,대흥동,34.1,양호
서울하늘초등학교,초등학교,공립,37.58566949,126.8806962,11140740,마포구,상암동,44.6,양호
서울한서초등학교,초등학교,공립,37.55364861,126.9495758,11140610,마포구,염리동,67.3,양호
홍익대학교사범대학부속초등학교,초등학교,사립,37.56024677,126.9133205,11140720,마포구,성산제1동,77.4,양호
상암중학교,중학교,공립,37.57905528,126.8878697,11140740,마포구,상암동,115.0,양호
서울여자중학교,중학교,공립,37.54825306,126.9485819,11140610,마포구,염리동,63.5,양호
성사중학교,중학교,공립,37.5678458,126.9133116,11140730,마포구,성산제2동,71.9,양호
성산중학교,중학교,공립,37.54740195,126.9160619,11140680,마포구,합정동,58.8,양호
성서중학교,중학교,공립,37.56280681,126.908731,11140720,마포구,성산제1동,55.9,양호
신수중학교,중학교,공립,37.54657576,126.9336034,11140630,마포구,신수동,48.8,양호
아현중학교,중학교,공립,37.55667235,126.9569602,11140780,마포구,아현동,72.4,양호
중암중학교,중학교,공립,37.5727305,126.9033873,11140730,마포구,성산제2동,25.8,양호
창천중학교,중학교,공립,37.55491751,126.9393201,11140600,마포구,대흥동,34.1,양호
경성중학교,중학교,사립,37.56231191,126.9193893,11140710,마포구,연남동,53.9,양호
광성중학교,중학교,사립,37.54919536,126.9363687,11140630,마포구,신수동,46.8,양호
동도중학교,중학교,사립,37.54682139,126.9473737,11140610,마포구,염리동,33.5,양호
숭문중학교,중학교,사립,37.55089201,126.9457055,11140600,마포구,대흥동,62.1,양호
홍익대학교사범대학부속여자중학교,중학교,사립,37.56024677,126.9133205,11140720,마포구,성산제1동,77.4,양호
상암고등학교,고등학교,공립,37.58114524,126.8836186,11140740,마포구,상암동,92.0,양호
서울여자고등학교,고등학교,공립,37.54825306,126.9485819,11140610,마포구,염리동,63.5,양호
경성고등학교,고등학교,사립,37.56231191,126.9193893,11140710,마포구,연남동,53.9,양호
광성고등학교,고등학교,사립,37.54919536,126.9363687,11140630,마포구,신수동,46.8,양호
서울디자인고등학교,고등학교,사립,37.54682139,126.9473737,11140610,마포구,염리동,33.5,양호
숭문고등학교,고등학교,사립,37.55089201,126.9457709,11140600,마포구,대흥동,57.4,양호
한세사이버보안고등학교,고등학교,사립,37.5517991,126.9520022,11140780,마포구,아현동,69.2,양호
홍익대학교사범대학부속여자고등학교,고등학교,사립,37.56024677,126.9126511,11140720,마포구,성산제1동,85.8,양호
홍익디자인고등학교,고등학교,사립,37.56231191,126.9193893,11140710,마포구,연남동,53.9,양호
한국우진학교,특수학교,국립,37.57100104,126.9032822,11140730,마포구,성산제2동,62.4,양호
아현산업정보학교,각종학교,공립,37.55690178,126.9579724,11140780,마포구,아현동,141.1,양호
아현중학교 부설 방송통신중학교,방송통신중,공립,37.5564588,126.9569602,11140780,마포구,아현동,91.2,양호
서울가재울초등학교병설유치원,유치원,공립,37.57376381,126.9183876,11130690,서대문구,남가좌제1동,38.6,양호
서울금화초등학교병설유치원,유치원,공립,37.56833122,126.9629199,11130520,서대문구,천연동,50.4,양호
서울북성유치원,유치원,공립,37.55947827,126.951274,11130740,서대문구,북아현동,34.0,양호
서울인왕초등학교병설유치원,유치원,공립,37.590221,126.9448058,11130640,서대문구,홍제제3동,30.5,양호
서울홍제초등학교병설유치원,유치원,공립,37.59350477,126.94542,11130660,서대문구,홍은제1동,34.1,양호
경복유치원,유치원,사립,37.59518688,126.9452774,11130660,서대문구,홍은제1동,45.6,양호
명지전문대학부속명지유치원,유치원,사립,37.58362615,126.9265732,11130680,서대문구,홍은제2동,44.2,양호
벧엘유치원,유치원,사립,37.56615879,126.9322228,11130760,서대문구,연희동,55.2,양호
삼성유치원,유치원,사립,37.58158456,126.9192427,11130720,서대문구,북가좌제2동,31.8,양호
새나유치원,유치원,사립,37.57489202,126.9208082,11130700,서대문구,남가좌제2동,55.2,양호
세종유치원,유치원,사립,37.57727993,126.9131034,11130720,서대문구,북가좌제2동,8.8,양호
신촌유치원,유치원,사립,37.55738349,126.9314518,11130750,서대문구,신촌동,27.5,양호
신현유치원,유치원,사립,37.5586556,126.9471184,11130750,서대문구,신촌동,17.6,양호
연유치원,유치원,사립,37.58189138,126.9240843,11130700,서대문구,남가좌제2동,13.9,양호
이화여자대학교사범대학부속이화유치원,유치원,사립,37.56712824,126.9471765,11130750,서대문구,신촌동,17.5,양호
조은유치원,유치원,사립,37.57757512,126.9165623,11130700,서대문구,남가좌제2동,39.8,양호
한양제일유치원,유치원,사립,37.58302406,126.9479788,11130620,서대문구,홍제제1동,71.4,양호
해맑은유치원,유치원,사립,37.57740044,126.9056626,11130710,서대문구,북가좌제1동,52.6,양호
현대경복유치원,유치원,사립,37.58631938,126.951557,11130650,서대문구,홍제제2동,24.3,양호
현대홍익유치원,유치원,사립,37.58403492,126.9432392,11130620,서대문구,홍제제1동,28.2,양호
홍제성당유치원,유치원,사립,37.58999186,126.9437484,11130640,서대문구,홍제제3동,23.5,양호
서울가재울초등학교,초등학교,공립,37.57376381,126.9186049,11130690,서대문구,남가좌제1동,38.4,양호
서울고은초등학교,초등학교,공립,37.5848152,126.9433678,11130620,서대문구,홍제제1동,50.4,양호
서울금화초등학교,초등학교,공립,37.56833122,126.9630251,11130520,서대문구,천연동,48.3,양호
서울대신초등학교,초등학교,공립,37.55827708,126.947849,11130740,서대문구,북아현동,51.9,양호
서울미동초등학교,초등학교,공립,37.56312517,126.9662737,11130730,서대문구,충현동,71.1,양호
서울북가좌초등학교,초등학교,공립,37.57795163,126.9074665,11130710,서대문구,북가좌제1동,78.0,양호
서울북성초등학교,초등학교,공립,37.55962712,126.951959,11130740,서대문구,북아현동,75.3,양호
서울안산초등학교,초등학교,공립,37.57913389,126.9515238,11130620,서대문구,홍제제1동,52.8,양호
서울연가초등학교,초등학교,공립,37.57921239,126.9180758,11130700,서대문구,남가좌제2동,47.9,양호
서울연희초등학교,초등학교,공립,37.5686833,126.9339564,11130760,서대문구,연희동,49.0,양호
서울인왕초등학교,초등학교,공립,37.590221,126.9450604,11130640,서대문구,홍제제3동,47.4,양호
서울창서초등학교,초등학교,공립,37.55762599,126.9338905,11130750,서대문구,신촌동,51.5,양호
서울홍연초등학교,초등학교,공립,37.58226544,126.9309472,11130680,서대문구,홍은제2동,29.3,양호
서울홍은초등학교,초등학교,공립,37.59733236,126.9496287,11130640,서대문구,홍제제3동,37.6,양호
서울홍제초등학교,초등학교,공립,37.59350477,126.9448285,11130660,서대문구,홍은제1동,14.0,양호
경기초등학교,초등학교,사립,37.56511089,126.9628701,11130730,서대문구,충현동,49.9,양호
명지초등학교,초등학교,사립,37.58374152,126.9280461,11130680,서대문구,홍은제2동,22.6,양호
이화여자대학교사범대학부속초등학교,초등학교,사립,37.56114994,126.9426231,11130750,서대문구,신촌동,65.7,양호
추계초등학교,초등학교,사립,37.56167182,126.9534442,11130730,서대문구,충현동,48.5,양호
가재울중학교,중학교,공립,37.57517311,126.9104,11130710,서대문구,북가좌제1동,45.0,양호
서연중학교,중학교,공립,37.56783384,126.9276607,11130760,서대문구,연희동,84.3,양호
신연중학교,중학교,공립,37.5827153,126.9394981,11130760,서대문구,연희동,59.8,양호
연북중학교,중학교,공립,37.57757796,126.9379856,11130760,서대문구,연희동,43.7,양호
연희중학교,중학교,공립,37.57897403,126.9187767,11130700,서대문구,남가좌제2동,48.1,양호
인왕중학교,중학교,공립,37.59287229,126.9517708,11130640,서대문구,홍제제3동,85.9,양호
홍은중학교,중학교,공립,37.59281915,126.9351327,11130680,서대문구,홍은제2동,52.8,양호
동명여자중학교,중학교,사립,37.56854756,126.962344,11130520,서대문구,천연동,48.2,양호
명지중학교,중학교,사립,37.58431888,126.9270773,11130680,서대문구,홍은제2동,69.3,양호
이화여자대학교사범대학부속이화금란중학교,중학교,사립,37.5625347,126.9445007,11130750,서대문구,신촌동,131.6,양호
인창중학교,중학교,사립,37.56488633,126.9639075,11130730,서대문구,충현동,57.0,양호
정원여자중학교,중학교,사립,37.5853804,126.9332912,11130680,서대문구,홍은제2동,77.8,양호
중앙여자중학교,중학교,사립,37.56167182,126.9531684,11130730,서대문구,충현동,24.9,양호
한성중학교,중학교,사립,37.55994779,126.9545831,11130740,서대문구,북아현동,136.4,양호
가재울고등학교,고등학교,공립,37.57444592,126.9095793,11130710,서대문구,북가좌제1동,30.1,양호
한성과학고등학교,고등학교,공립,37.57543493,126.9527945,11130520,서대문구,천연동,144.4,양호
명지고등학교,고등학교,사립,37.58431888,126.927378,11130680,서대문구,홍은제2동,68.5,양호
이화여자대학교사범대학부속이화금란고등학교,고등학교,사립,37.56638909,126.9473307,11130750,서대문구,신촌동,84.2,양호
인창고등학교,고등학교,사립,37.56488633,126.9639075,11130730,서대문구,충현동,57.0,양호
중앙여자고등학교,고등학교,사립,37.56167182,126.9528054,11130730,서대문구,충현동,11.5,양호
한성고등학교,고등학교,사립,37.55994779,126.9545831,11130740,서대문구,북아현동,136.4,양호
연세대학교재활학교,특수학교,사립,37.57083118,126.931915,11130760,서대문구,연희동,107.0,양호
서울반포초등학교병설유치원,유치원,공립,37.50239316,126.9907202,11220560,서초구,반포본동,158.7,양호
서울방배초등학교병설유치원,유치원,공립,37.48669374,126.9878406,11220650,서초구,방배4동,12.9,양호
서울서래초등학교병설유치원,유치원,공립,37.49629845,126.989322,11220610,서초구,방배본동,75.8,양호
서울양재유치원,유치원,공립,37.47416612,127.0318924,11220660,서초구,양재1동,10.2,양호
서울어진유치원,유치원,공립,37.46178528,127.0249631,11220660,서초구,양재1동,84.8,양호
서울언남초등학교병설유치원,유치원,공립,37.45411142,127.0614355,11220680,서초구,내곡동,49.9,양호
서울우면초등학교병설유치원,유치원,공립,37.46471108,127.0237693,11220660,서초구,양재1동,70.8,양호
서울우솔초등학교병설유치원,유치원,공립,37.45708762,127.0192736,11220660,서초구,양재1동,69.5,양호
서울우암초등학교병설유치원,유치원,공립,37.47212289,127.0241244,11220660,서초구,양재1동,22.5,양호
서울원명초등학교병설유치원,유치원,공립,37.50077858,127.0167083,11220540,서초구,서초4동,25.8,양호
서울청계숲유치원,유치원,공립,37.4477926,127.0577422,11220680,서초구,내곡동,22.7,양호
구룡유치원,유치원,사립,37.47129254,127.0488435,11220670,서초구,양재2동,56.4,양호
동화유치원,유치원,사립,37.49580602,127.018662,11220540,서초구,서초4동,29.8,양호
반포자이유치원,유치원,사립,37.50474126,127.0140157,11220570,서초구,반포1동,15.7,양호
새성민유치원,유치원,사립,37.48067783,126.9961072,11220640,서초구,방배3동,26.4,양호
새순유치원,유치원,사립,37.4886317,126.9883682,11220650,서초구,방배4동,41.4,양호
서초유치원,유치원,사립,37.46073435,127.0162859,11220660,서초구,양재1동,86.4,양호
석문유치원,유치원,사립,37.49236535,127.0219485,11220510,서초구,서초1동,37.4,양호
여나유치원,유치원,사립,37.49829455,127.014022,11220540,서초구,서초4동,63.2,양호
영생유치원,유치원,사립,37.50500366,126.9956764,11220580,서초구,반포2동,60.5,양호
우정유치원,유치원,사립,37.49316855,127.0233093,11220520,서초구,서초2동,3.5,양호
천사유치원,유치원,사립,37.47479785,127.0320878,11220660,서초구,양재1동,1.2,양호
하나유치원,유치원,사립,37.51521201,127.0102735,11220550,서초구,잠원동,0.8,양호
한신유치원,유치원,사립,37.50906105,127.0047787,11220590,서초구,반포3동,68.7,양호
서울교육대학교부설초등학교,초등학교,국립,37.48876279,127.015218,11220510,서초구,서초1동,34.9,양호
서울매헌초등학교,초등학교,공립,37.47093781,127.042085,11220670,서초구,양재2동,71.2,양호
서울반원초등학교,초등학교,공립,37.51035995,127.0039023,11220590,서초구,반포3동,82.6,양호
서울반포초등학교,초등학교,공립,37.50239316,126.9910992,11220560,서초구,반포본동,137.0,양호
서울방배초등학교,초등학교,공립,37.48669374,126.9874257,11220650,서초구,방배4동,29.7,양호
서울방일초등학교,초등학교,공립,37.48552189,126.9982024,11220620,서초구,방배1동,19.8,양호
서울방현초등학교,초등학교,공립,37.4764831,126.9901785,11220640,서초구,방배3동,135.3,양호
서울서래초등학교,초등학교,공립,37.49629845,126.9898009,11220610,서초구,방배본동,90.3,양호
서울서원초등학교,초등학교,공립,37.50276771,127.0151377,11220570,서초구,반포1동,82.2,양호
서울서이초등학교,초등학교,공립,37.49174833,127.0259307,11220520,서초구,서초2동,17.9,양호
서울서일초등학교,초등학교,공립,37.48528558,127.0222041,11220510,서초구,서초1동,22.0,양호
서울서초초등학교,초등학교,공립,37.49903716,127.0242296,11220540,서초구,서초4동,68.2,양호
서울신동초등학교,초등학교,공립,37.51718883,127.0116439,11220550,서초구,잠원동,32.9,양호
서울신중초등학교,초등학교,공립,37.48015883,127.0098006,11220530,서초구,서초3동,32.0,양호
서울양재초등학교,초등학교,공립,37.47416612,127.0316178,11220660,서초구,양재1동,33.8,양호
서울언남초등학교,초등학교,공립,37.45411142,127.0617096,11220680,서초구,내곡동,60.0,양호
서울우면초등학교,초등학교,공립,37.4645801,127.0237457,11220660,서초구,양재1동,57.8,양호
서울우솔초등학교,초등학교,공립,37.45708762,127.0193154,11220660,서초구,양재1동,70.9,양호
서울우암초등학교,초등학교,공립,37.47212289,127.0239065,11220660,서초구,양재1동,21.3,양호
서울원명초등학교,초등학교,공립,37.50077858,127.0165694,11220540,서초구,서초4동,38.0,양호
서울원촌초등학교,초등학교,공립,37.50645217,127.0124612,11220570,서초구,반포1동,132.4,양호
서울이수초등학교,초등학교,공립,37.47854521,126.9845727,11220630,서초구,방배2동,32.4,양호
서울잠원초등학교,초등학교,공립,37.50175578,126.9977047,11220580,서초구,반포2동,64.4,양호
계성초등학교,초등학교,사립,37.50440836,126.9964732,11220580,서초구,반포2동,51.0,양호
경원중학교,중학교,공립,37.51157775,127.0089613,11220590,서초구,반포3동,42.1,양호
내곡중학교,중학교,공립,37.45200429,127.0544483,11220680,서초구,내곡동,53.6,양호
반포중학교,중학교,공립,37.50347788,126.9918514,11220560,서초구,반포본동,15.7,양호
방배중학교,중학교,공립,37.49478548,126.9982545,11220600,서초구,반포4동,41.5,양호
서운중학교,중학교,공립,37.49421982,127.0247491,11220520,서초구,서초2동,115.7,양호
서일중학교,중학교,공립,37.49856065,127.0221387,11220540,서초구,서초4동,76.1,양호
서초중학교,중학교,공립,37.48553887,127.0087082,11220530,서초구,서초3동,26.6,양호
신동중학교,중학교,공립,37.51673859,127.0129459,11220550,서초구,잠원동,73.6,양호
신반포중학교,중학교,공립,37.50595375,126.995876,11220580,서초구,반포2동,92.1,양호
언남중학교,중학교,공립,37.47240159,127.0444116,11220670,서초구,양재2동,42.4,양호
영동중학교,중학교,공립,37.46598635,127.0253527,11220660,서초구,양재1동,123.2,양호
원촌중학교,중학교,공립,37.50633961,127.0139388,11220570,서초구,반포1동,32.4,양호
이수중학교,중학교,공립,37.48057391,126.9903022,11220630,서초구,방배2동,89.9,양호
동덕여자중학교,중학교,사립,37.47659877,126.9927567,11220640,서초구,방배3동,49.2,양호
서문여자중학교,중학교,사립,37.4879364,126.985083,11220650,서초구,방배4동,30.2,양호
세화여자중학교,중학교,사립,37.50219447,126.9922636,11220580,서초구,반포2동,101.6,양호
반포고등학교,고등학교,공립,37.50271338,127.016153,11220570,서초구,반포1동,55.7,양호
서울고등학교,고등학교,공립,37.48338317,127.005399,11220530,서초구,서초3동,96.4,양호
서울전자고등학교,고등학교,공립,37.46972221,126.988415,11220630,서초구,방배2동,129.8,양호
서초고등학교,고등학교,공립,37.4897485,127.0057059,11220530,서초구,서초3동,26.5,양호
양재고등학교,고등학교,공립,37.48331611,127.0324921,11220520,서초구,서초2동,38.2,양호
언남고등학교,고등학교,공립,37.4723758,127.042718,11220670,서초구,양재2동,28.4,양호
동덕여자고등학교,고등학교,사립,37.47659877,126.9927567,11220640,서초구,방배3동,49.2,양호
상문고등학교,고등학교,사립,37.4797576,127.0045069,11220530,서초구,서초3동,43.6,양호
서문여자고등학교,고등학교,사립,37.4879364,126.985083,11220650,서초구,방배4동,30.2,양호
세화고등학교,고등학교,사립,37.50219447,126.9922636,11220580,서초구,반포2동,101.6,양호
세화여자고등학교,고등학교,사립,37.50219447,126.9922636,11220580,서초구,반포2동,101.6,양호
서울나래학교,특수학교,공립,37.46377299,127.0515483,11220680,서초구,내곡동,94.6,양호
다니엘학교,특수학교,사립,37.46066837,127.0921844,11220680,서초구,내곡동,208.7,주의
서초문화예술정보학교,각종학교,공립,37.48796265,127.0296992,11220520,서초구,서초2동,26.8,양호
서울경동유치원,유치원,공립,37.54360478,127.0505122,11040680,성동구,성수2가제3동,77.3,양호
서울경수초등학교병설유치원,유치원,공립,37.54044251,127.05807,11040670,성동구,성수2가제1동,58.6,양호
서울경일초등학교병설유치원,유치원,공립,37.54060071,127.0466116,11040650,성동구,성수1가제1동,51.7,양호
서울금호초등학교병설유치원,유치원,공립,37.5527965,127.0199438,11040720,성동구,금호2.3가동,52.4,양호
서울동명초등학교병설유치원,유치원,공립,37.56815426,127.0354083,11040540,성동구,마장동,48.6,양호
서울마장초등학교병설유치원,유치원,공립,37.56831013,127.0421279,11040540,성동구,마장동,102.1,양호
서울무학초등학교병설유치원,유치원,공립,37.5628737,127.0273315,11040520,성동구,왕십리제2동,18.6,양호
서울사근초등학교병설유치원,유치원,공립,37.55424436,127.0496697,11040550,성동구,사근동,87.0,양호
서울성수초등학교병설유치원,유치원,공립,37.5443136,127.0631681,11040680,성동구,성수2가제3동,58.6,양호
서울송원초등학교병설유치원,유치원,공립,37.55415944,127.0695264,11040690,성동구,송정동,47.1,양호
서울숭신초등학교병설유치원,유치원,공립,37.56742246,127.027889,11040710,성동구,왕십리도선동,30.6,양호
서울옥수초등학교병설유치원,유치원,공립,37.54618794,127.0226026,11040620,성동구,금호4가동,59.7,양호
서울옥정초등학교병설유치원,유치원,공립,37.54222632,127.0156315,11040730,성동구,옥수동,27.1,양호
서울용답초등학교병설유치원,유치원,공립,37.56194644,127.053263,11040700,성동구,용답동,6.2,양호
경동유치원,유치원,사립,37.55343232,127.0283705,11040590,성동구,금호1가동,57.3,양호
금호유치원,유치원,사립,37.54867966,127.0235921,11040720,성동구,금호2.3가동,22.6,양호
로사유치원,유치원,사립,37.53948182,127.0462979,11040650,성동구,성수1가제1동,83.3,양호
미타유치원,유치원,사립,37.5431924,127.0174181,11040730,성동구,옥수동,26.5,양호
성심유치원,유치원,사립,37.56599898,127.033411,11040710,성동구,왕십리도선동,23.8,양호
세성유치원,유치원,사립,37.55386029,127.0340549,11040580,성동구,응봉동,0.2,양호
세인유치원,유치원,사립,37.56525008,127.0465252,11040540,성동구,마장동,43.3,양호
아이들세상유치원,유치원,사립,37.54535444,127.0178715,11040620,성동구,금호4가동,5.5,양호
에덴유치원,유치원,사립,37.55820464,127.0292425,11040570,성동구,행당제2동,38.3,양호
옥수삼성유치원,유치원,사립,37.54260223,127.0140223,11040730,성동구,옥수동,72.1,양호
옥수예일유치원,유치원,사립,37.54454613,127.0115516,11040730,성동구,옥수동,38.4,양호
율화유치원,유치원,사립,37.55365328,127.0384228,11040560,성동구,행당제1동,9.2,양호
조은유치원,유치원,사립,37.56975958,127.041415,11040540,성동구,마장동,75.8,양호
한양여자대학교부속유치원,유치원,사립,37.55841379,127.048996,11040550,성동구,사근동,138.4,양호
서울경동초등학교,초등학교,공립,37.54360478,127.0502832,11040650,성동구,성수1가제1동,68.8,양호
서울경수초등학교,초등학교,공립,37.54044251,127.0583587,11040670,성동구,성수2가제1동,65.8,양호
서울경일초등학교,초등학교,공립,37.54060071,127.0468669,11040650,성동구,성수1가제1동,48.6,양호
서울금북초등학교,초등학교,공립,37.55728356,127.0235127,11040520,성동구,왕십리제2동,63.8,양호
서울금옥초등학교,초등학교,공립,37.54630193,127.017485,11040620,성동구,금호4가동,40.6,양호
서울금호초등학교,초등학교,공립,37.5527965,127.0203276,11040720,성동구,금호2.3가동,39.8,양호
서울동명초등학교,초등학교,공립,37.56815426,127.0352332,11040540,성동구,마장동,38.6,양호
서울동호초등학교,초등학교,공립,37.54659514,127.0101336,11040730,성동구,옥수동,73.3,양호
서울마장초등학교,초등학교,공립,37.56831013,127.042205,11040540,성동구,마장동,97.9,양호
서울무학초등학교,초등학교,공립,37.56309775,127.029532,11040520,성동구,왕십리제2동,65.6,양호
서울사근초등학교,초등학교,공립,37.56267289,127.0478174,11040550,성동구,사근동,45.0,양호
서울성수초등학교,초등학교,공립,37.5443136,127.0631573,11040680,성동구,성수2가제3동,58.8,양호
서울송원초등학교,초등학교,공립,37.55415944,127.0694688,11040690,성동구,송정동,42.2,양호
서울숭신초등학교,초등학교,공립,37.56742246,127.0277668,11040710,성동구,왕십리도선동,21.0,양호
서울옥수초등학교,초등학교,공립,37.54618794,127.021758,11040620,성동구,금호4가동,88.1,양호
서울옥정초등학교,초등학교,공립,37.54222632,127.0156748,11040730,성동구,옥수동,24.8,양호
서울용답초등학교,초등학교,공립,37.56072691,127.0535444,11040700,성동구,용답동,62.4,양호
서울응봉초등학교,초등학교,공립,37.550254,127.0337209,11040580,성동구,응봉동,29.5,양호
서울행당초등학교,초등학교,공립,37.55611005,127.0346845,11040560,성동구,행당제1동,40.4,양호
서울행현초등학교,초등학교,공립,37.55770849,127.0293584,11040570,성동구,행당제2동,48.3,양호
한양초등학교,초등학교,사립,37.55781103,127.0506164,11040550,성동구,사근동,42.5,양호
경수중학교,중학교,공립,37.53953046,127.0583587,11040670,성동구,성수2가제1동,43.9,양호
경일중학교,중학교,공립,37.5437831,127.0480483,11040650,성동구,성수1가제1동,40.7,양호
광희중학교,중학교,공립,37.55115477,127.0338846,11040580,성동구,응봉동,90.4,양호
동마중학교,중학교,공립,37.56200431,127.0403012,11040550,성동구,사근동,71.4,양호
마장중학교,중학교,공립,37.56831013,127.042205,11040540,성동구,마장동,97.9,양호
무학중학교,중학교,공립,37.55770089,127.03277,11040570,성동구,행당제2동,57.5,양호
성수중학교,중학교,공립,37.54717658,127.0387013,11040660,성동구,성수1가제2동,75.7,양호
성원중학교,중학교,공립,37.53934541,127.0513099,11040670,성동구,성수2가제1동,24.2,양호
옥정중학교,중학교,공립,37.54135868,127.0125119,11040730,성동구,옥수동,55.9,양호
행당중학교,중학교,공립,37.55421309,127.041886,11040550,성동구,사근동,57.8,양호
한양대학교사범대학부속중학교,중학교,사립,37.56191915,127.043158,11040540,성동구,마장동,73.8,양호
경일고등학교,고등학교,공립,37.5437831,127.0480483,11040650,성동구,성수1가제1동,40.7,양호
금호고등학교,고등학교,공립,37.5535291,127.0237374,11040590,성동구,금호1가동,58.4,양호
덕수고등학교,고등학교,공립,37.55557477,127.0424482,11040550,성동구,사근동,71.4,양호
도선고등학교,고등학교,공립,37.56684545,127.0270136,11040710,성동구,왕십리도선동,71.5,양호
무학여자고등학교,고등학교,공립,37.55701198,127.0333298,11040570,성동구,행당제2동,65.7,양호
서울방송고등학교,고등학교,공립,37.54776656,127.0105807,11040730,성동구,옥수동,36.1,양호
성수고등학교,고등학교,공립,37.54717658,127.0387013,11040660,성동구,성수1가제2동,75.7,양호
성수공업고등학교,고등학교,공립,37.54054083,127.0514262,11040670,성동구,성수2가제1동,81.7,양호
한양대학교사범대학부속고등학교,고등학교,사립,37.56191915,127.0422967,11040540,성동구,마장동,39.3,양호
서울길원초등학교병설유치원,유치원,공립,37.6090648,127.0167995,11080660,성북구,길음제1동,111.5,양호
서울길음유치원,유치원,공립,37.61376772,127.0171075,11080660,성북구,길음제1동,64.8,양호
서울돈암초등학교병설유치원,유치원,공립,37.59374598,127.0131031,11080830,성북구,동선동,47.9,양호
서울동신초등학교병설유치원,유치원,공립,37.5832886,127.0170581,11080610,성북구,보문동,34.2,양호
서울삼선초등학교병설유치원,유치원,공립,37.58581825,127.0130061,11080820,성북구,삼선동,33.7,양호
서울석관초등학교병설유치원,유치원,공립,37.61099812,127.0584714,11080850,성북구,석관동,31.9,양호
서울성북초등학교병설유치원,유치원,공립,37.59369449,126.9989277,11080810,성북구,성북동,37.7,양호
서울숭곡초등학교병설유치원,유치원,공립,37.60795894,127.0325776,11080710,성북구,월곡제1동,71.1,양호
서울숭례초등학교병설유치원,유치원,공립,37.59450466,127.0352877,11080840,성북구,종암동,13.2,양호
서울장곡초등학교병설유치원,유치원,공립,37.61655585,127.0477272,11080760,성북구,장위제1동,19.6,양호
서울장월초등학교병설유치원,유치원,공립,37.62194041,127.0471733,11080780,성북구,장위제3동,73.9,양호
서울장위초등학교병설유치원,유치원,공립,37.61143826,127.0500037,11080770,성북구,장위제2동,26.3,양호
서울정덕초등학교병설유치원,유치원,공립,37.59770087,127.013425,11080830,성북구,동선동,71.7,양호
서울좋은소리유치원,유치원,공립,37.60838808,127.0188305,11080660,성북구,길음제1동,47.4,양호
서울청덕초등학교병설유치원,유치원,공립,37.61203375,127.0003343,11080640,성북구,정릉제3동,78.3,양호
개동유치원,유치원,사립,37.61576782,127.0049316,11080650,성북구,정릉제4동,48.7,양호
나래유치원,유치원,사립,37.60954832,127.0226568,11080660,성북구,길음제1동,13.3,양호
덕수유치원,유치원,사립,37.59409321,126.9949236,11080810,성북구,성북동,50.8,양호
동덕여자대학교부속유치원,유치원,사립,37.6062527,127.0440048,11080720,성북구,월곡제2동,34.2,양호
동선유치원,유치원,사립,37.58403105,127.0203783,11080610,성북구,보문동,13.0,양호
두산효자유치원,유치원,사립,37.6130649,127.0699593,11080850,성북구,석관동,73.9,양호
루이유치원,유치원,사립,37.60714324,127.0164367,11080660,성북구,길음제1동,5.6,양호
반디유치원,유치원,사립,37.5960197,127.008738,11080590,성북구,돈암제2동,45.6,양호
사랑유치원,유치원,사립,37.59989647,127.0363119,11080840,성북구,종암동,30.2,양호
새삼선유치원,유치원,사립,37.59015654,127.0058135,11080810,성북구,성북동,49.2,양호
새싹유치원,유치원,사립,37.60312704,127.0145416,11080620,성북구,정릉제1동,27.9,양호
서울베네딕도유치원,유치원,사립,37.59965638,127.015804,11080620,성북구,정릉제1동,28.9,양호
선한유치원,유치원,사립,37.60384879,127.0205038,11080660,성북구,길음제1동,17.7,양호
성신유치원,유치원,사립,37.5922033,127.02117,11080830,성북구,동선동,67.2,양호
세아유치원,유치원,사립,37.5960197,127.011196,11080590,성북구,돈암제2동,115.8,양호
신암유치원,유치원,사립,37.58663323,127.0175009,11080610,성북구,보문동,50.8,양호
아랑유치원,유치원,사립,37.5974589,127.0177703,11080590,성북구,돈암제2동,45.9,양호
영광유치원,유치원,사립,37.5955774,127.0234561,11080830,성북구,동선동,47.5,양호
영암유치원,유치원,사립,37.58215646,127.0234787,11080600,성북구,안암동,39.4,양호
영재유치원,유치원,사립,37.59743198,127.0347675,11080840,성북구,종암동,24.7,양호
영천유치원,유치원,사립,37.61413146,127.040481,11080760,성북구,장위제1동,35.2,양호
우촌유치원,유치원,사립,37.59558967,127.0121197,11080590,성북구,돈암제2동,23.4,양호
은영유치원,유치원,사립,37.5846233,127.0166821,11080610,성북구,보문동,23.1,양호
은하유치원,유치원,사립,37.60948121,127.058678,11080850,성북구,석관동,6.4,양호
좋은나라유치원,유치원,사립,37.60113679,127.037548,11080840,성북구,종암동,49.5,양호
천사유치원,유치원,사립,37.5960197,127.0087724,11080590,성북구,돈암제2동,43.9,양호
탑주유치원,유치원,사립,37.60477383,127.0406257,11080710,성북구,월곡제1동,65.8,양호
한가람유치원,유치원,사립,37.61630061,127.0102897,11080650,성북구,정릉제4동,22.4,양호
한마음유치원,유치원,사립,37.61618927,127.0411879,11080760,성북구,장위제1동,6.5,양호
해뜨는유치원,유치원,사립,37.6048771,127.015729,11080620,성북구,정릉제1동,12.4,양호
희망찬유치원,유치원,사립,37.59839666,127.023947,11080580,성북구,돈암제1동,8.9,양호
서울개운초등학교,초등학교,공립,37.6017675,127.0275455,11080580,성북구,돈암제1동,76.1,양호
서울길원초등학교,초등학교,공립,37.6090648,127.0167359,11080660,성북구,길음제1동,114.8,양호
서울길음초등학교,초등학교,공립,37.6138915,127.0170282,11080660,성북구,길음제1동,50.8,양호
서울돈암초등학교,초등학교,공립,37.5933258,127.0131251,11080830,성북구,동선동,80.3,양호
서울동신초등학교,초등학교,공립,37.58328607,127.0168792,11080610,성북구,보문동,42.1,양호
서울미아초등학교,초등학교,공립,37.6106007,127.0215272,11080660,성북구,길음제1동,54.5,양호
서울삼선초등학교,초등학교,공립,37.5862039,127.0125195,11080820,성북구,삼선동,72.1,양호
서울석계초등학교,초등학교,공립,37.60881448,127.0697429,11080850,성북구,석관동,53.5,양호
서울석관초등학교,초등학교,공립,37.6107022,127.0587533,11080850,성북구,석관동,53.7,양호
서울성북초등학교,초등학교,공립,37.5938424,126.9983645,11080810,성북구,성북동,66.8,양호
서울숭곡초등학교,초등학교,공립,37.60795894,127.0327961,11080710,성북구,월곡제1동,66.9,양호
서울숭덕초등학교,초등학교,공립,37.60384006,127.013379,11080630,성북구,정릉제2동,26.8,양호
서울숭례초등학교,초등학교,공립,37.59450466,127.0351047,11080840,성북구,종암동,22.6,양호
서울숭인초등학교,초등학교,공립,37.6091608,127.0383578,11080710,성북구,월곡제1동,56.6,양호
서울안암초등학교,초등학교,공립,37.58751512,127.022577,11080600,성북구,안암동,34.5,양호
서울월곡초등학교,초등학교,공립,37.60999489,127.046418,11080770,성북구,장위제2동,68.7,양호
서울일신초등학교,초등학교,공립,37.59881313,127.040157,11080840,성북구,종암동,44.4,양호
서울장곡초등학교,초등학교,공립,37.61655585,127.0479449,11080760,성북구,장위제1동,30.8,양호
서울장월초등학교,초등학교,공립,37.62194041,127.0471649,11080780,성북구,장위제3동,73.6,양호
서울장위초등학교,초등학교,공립,37.61143826,127.0499238,11080770,성북구,장위제2동,22.4,양호
서울정덕초등학교,초등학교,공립,37.59770087,127.0133571,11080830,성북구,동선동,77.6,양호
서울정릉초등학교,초등학교,공립,37.61955922,127.0052212,11080650,성북구,정릉제4동,12.9,양호
서울정수초등학교,초등학교,공립,37.60384584,127.0076054,11080630,성북구,정릉제2동,40.2,양호
서울청덕초등학교,초등학교,공립,37.61203375,127.0003392,11080640,성북구,정릉제3동,78.7,양호
광운초등학교,초등학교,사립,37.61916406,127.054774,11080780,성북구,장위제3동,85.5,양호
대광초등학교,초등학교,사립,37.5789816,127.0235617,11080610,성북구,보문동,31.4,양호
매원초등학교,초등학교,사립,37.5979471,127.0199016,11080580,성북구,돈암제1동,69.4,양호
성신초등학교,초등학교,사립,37.59389556,127.0224394,11080830,성북구,동선동,63.9,양호
우촌초등학교,초등학교,사립,37.59558967,127.011768,11080590,성북구,돈암제2동,54.3,양호
서울대학교사범대학부설중학교,중학교,국립,37.5958211,127.038549,11080840,성북구,종암동,76.1,양호
개운중학교,중학교,공립,37.59462639,127.0248807,11080580,성북구,돈암제1동,134.1,양호
길음중학교,중학교,공립,37.61408912,127.0172504,11080660,성북구,길음제1동,57.3,양호
북악중학교,중학교,공립,37.60682489,127.0017022,11080640,성북구,정릉제3동,36.0,양호
삼선중학교,중학교,공립,37.59148356,127.0079042,11080810,성북구,성북동,48.2,양호
석관중학교,중학교,공립,37.60836009,127.0664388,11080850,성북구,석관동,36.8,양호
숭곡중학교,중학교,공립,37.60847774,127.0313391,11080710,성북구,월곡제1동,54.8,양호
월곡중학교,중학교,공립,37.60657563,127.0480815,11080720,성북구,월곡제2동,80.7,양호
장위중학교,중학교,공립,37.61162309,127.0415045,11080760,성북구,장위제1동,41.8,양호
종암중학교,중학교,공립,37.59345935,127.0317443,11080840,성북구,종암동,86.8,양호
고려대학교사범대학부속중학교,중학교,사립,37.60920483,127.0012996,11080640,성북구,정릉제3동,134.2,양호
고명중학교,중학교,사립,37.59767373,127.0199016,11080590,성북구,돈암제2동,60.0,양호
남대문중학교,중학교,사립,37.61820551,127.0557873,11080780,성북구,장위제3동,69.4,양호
동구여자중학교,중학교,사립,37.59337119,127.0071027,11080810,성북구,성북동,87.4,양호
성신여자중학교,중학교,사립,37.59389556,127.0233592,11080830,성북구,동선동,101.1,양호
용문중학교,중학교,사립,37.58867918,127.0244088,11080600,성북구,안암동,98.1,양호
한성여자중학교,중학교,사립,37.58199973,127.0106694,11080820,성북구,삼선동,86.1,양호
홍익대학교사범대학부속중학교,중학교,사립,37.59382657,127.0032562,11080810,성북구,성북동,90.5,양호
서울대학교사범대학부설고등학교,고등학교,국립,37.59240692,127.038549,11080840,성북구,종암동,36.3,양호
경동고등학교,고등학교,공립,37.58517206,127.0149147,11080610,성북구,보문동,140.0,양호
서울도시과학기술고등학교,고등학교,공립,37.60774641,127.03236,11080710,성북구,월곡제1동,100.3,양호
석관고등학교,고등학교,공립,37.60929175,127.0664232,11080850,성북구,석관동,39.8,양호
계성고등학교,고등학교,사립,37.60814165,127.0207617,11080660,성북구,길음제1동,46.8,양호
고려대학교사범대학부속고등학교,고등학교,사립,37.60920483,127.0012996,11080640,성북구,정릉제3동,134.2,양호
고명외식고등학교,고등학교,사립,37.59767373,127.0199016,11080590,성북구,돈암제2동,60.0,양호
대일외국어고등학교,고등학교,사립,37.6137985,127.013585,11080650,성북구,정릉제4동,114.3,양호
서울동구고등학교,고등학교,사립,37.5935994,127.0071028,11080590,성북구,돈암제2동,109.8,양호
성신여자고등학교,고등학교,사립,37.59393378,127.0224265,11080830,성북구,동선동,59.7,양호
용문고등학교,고등학교,사립,37.5883248,127.0243824,11080600,성북구,안암동,71.8,양호
한성여자고등학교,고등학교,사립,37.58277144,127.0115434,11080820,성북구,삼선동,77.6,양호
홍익대학교사범대학부속고등학교,고등학교,사립,37.59382657,127.0032562,11080810,성북구,성북동,90.5,양호
서울다원학교,특수학교,공립,37.59422639,126.9912731,11080810,성북구,성북동,65.0,양호
경동고등학교 부설 방송통신고등학교,방송통신고,공립,37.5861997,127.0146321,11080820,성북구,삼선동,73.8,양호
서울가락초등학교병설유치원,유치원,공립,37.50002142,127.1076051,11240630,송파구,석촌동,41.3,양호
서울거여초등학교병설유치원,유치원,공립,37.50452806,127.1412332,11240600,송파구,오금동,74.7,양호
서울거원초등학교병설유치원,유치원,공립,37.48762409,127.1449352,11240540,송파구,거여2동,69.7,양호
서울남천초등학교병설유치원,유치원,공립,37.50106201,127.1505071,11240560,송파구,마천2동,67.9,양호
서울방이초등학교병설유치원,유치원,공립,37.51281601,127.1206448,11240570,송파구,방이1동,47.0,양호
서울세륜초등학교병설유치원,유치원,공립,37.51812124,127.1341033,11240590,송파구,오륜동,53.6,양호
서울솔가람유치원,유치원,공립,37.47801816,127.1409698,11240820,송파구,위례동,48.3,양호
서울솔방울유치원,유치원,공립,37.5046722,127.1173528,11240620,송파구,송파2동,30.2,양호
서울송전초등학교병설유치원,유치원,공립,37.50822822,127.0948954,11240800,송파구,잠실3동,85.2,양호
서울송파위례유치원,유치원,공립,37.4900434,127.1473532,11240540,송파구,거여2동,90.1,양호
서울송파초등학교병설유치원,유치원,공립,37.50658829,127.1107939,11240610,송파구,송파1동,39.7,양호
서울신천초등학교병설유치원,유치원,공립,37.51365292,127.0957805,11240800,송파구,잠실3동,128.6,양호
서울아주초등학교병설유치원,유치원,공립,37.5057882,127.0755453,11240780,송파구,잠실7동,48.1,양호
서울영풍초등학교병설유치원,유치원,공립,37.49621956,127.1430144,11240530,송파구,거여1동,60.3,양호
서울위례별유치원,유치원,공립,37.47774718,127.1456167,11240820,송파구,위례동,40.2,양호
서울위례솔초등학교병설유치원,유치원,공립,37.4870071,127.1505885,11240820,송파구,위례동,127.8,양호
서울잠신초등학교병설유치원,유치원,공립,37.51414863,127.0879439,11240790,송파구,잠실2동,53.3,양호
서울잠일초등학교병설유치원,유치원,공립,37.51474164,127.0816357,11240790,송파구,잠실2동,76.2,양호
서울평화초등학교병설유치원,유치원,공립,37.4915689,127.1228253,11240650,송파구,가락본동,41.8,양호
꿀벌유치원,유치원,사립,37.49076005,127.144564,11240540,송파구,거여2동,86.5,양호
동화나라유치원,유치원,사립,37.528814,127.115422,11240520,송파구,풍납2동,0.4,양호
란키즈유치원,유치원,사립,37.48076922,127.1262897,11240810,송파구,장지동,35.3,양호
리아유치원,유치원,사립,37.51432528,127.1352872,11240590,송파구,오륜동,155.5,양호
불광유치원,유치원,사립,37.50690974,127.102131,11240630,송파구,석촌동,29.5,양호
삼성유치원,유치원,사립,37.48954173,127.1293736,11240680,송파구,문정1동,84.3,양호
생명나무유치원,유치원,사립,37.47768834,127.1288062,11240810,송파구,장지동,60.8,양호
석촌유치원,유치원,사립,37.50287677,127.1066893,11240630,송파구,석촌동,33.2,양호
송파유정유치원,유치원,사립,37.48572308,127.1330638,11240810,송파구,장지동,45.0,양호
수정유치원,유치원,사립,37.51625713,127.1147948,11240580,송파구,방이2동,24.4,양호
아이코리아부속새세대유치원,유치원,사립,37.48255212,127.1332808,11240810,송파구,장지동,70.9,양호
아주유치원,유치원,사립,37.48863409,127.1465953,11240540,송파구,거여2동,40.6,양호
예은유치원,유치원,사립,37.50473232,127.1204121,11240620,송파구,송파2동,15.5,양호
올림픽유치원,유치원,사립,37.51432528,127.1305439,11240590,송파구,오륜동,144.5,양호
우일유치원,유치원,사립,37.5286778,127.1134039,11240520,송파구,풍납2동,85.8,양호
위례우일유치원,유치원,사립,37.4965529,127.1577896,11240550,송파구,마천1동,96.2,양호
은선유치원,유치원,사립,37.49216591,127.1263263,11240670,송파구,가락2동,28.7,양호
의명유치원,유치원,사립,37.5044872,127.1256235,11240650,송파구,가락본동,85.0,양호
잠실럭키유치원,유치원,사립,37.51547399,127.0906932,11240790,송파구,잠실2동,131.4,양호
장미유치원,유치원,사립,37.51792783,127.1008264,11240770,송파구,잠실6동,60.5,양호
제일무궁화유치원,유치원,사립,37.49474163,127.1309954,11240670,송파구,가락2동,24.6,양호
티움유치원,유치원,사립,37.50109778,127.115263,11240620,송파구,송파2동,29.4,양호
한가람유치원,유치원,사립,37.53647547,127.1147113,11240510,송파구,풍납1동,57.2,양호
햇빛유치원,유치원,사립,37.52049132,127.1141245,11240750,송파구,잠실4동,32.8,양호
현대유치원,유치원,사립,37.52913316,127.1189025,11240520,송파구,풍납2동,86.7,양호
혜림유치원,유치원,사립,37.49434681,127.1352269,11240670,송파구,가락2동,15.5,양호
홍익가족유치원,유치원,사립,37.50616766,127.0949596,11240640,송파구,삼전동,52.9,양호
서울가동초등학교,초등학교,공립,37.49743622,127.130219,11240670,송파구,가락2동,63.5,양호
서울가락초등학교,초등학교,공립,37.50002142,127.1076957,11240630,송파구,석촌동,47.2,양호
서울가원초등학교,초등학교,공립,37.48932965,127.1110221,11240690,송파구,문정2동,94.8,양호
서울가주초등학교,초등학교,공립,37.49656712,127.1293812,11240670,송파구,가락2동,71.6,양호
서울개롱초등학교,초등학교,공립,37.49736265,127.1398426,11240600,송파구,오금동,51.7,양호
서울거여초등학교,초등학교,공립,37.50452806,127.1410936,11240600,송파구,오금동,64.9,양호
서울거원초등학교,초등학교,공립,37.48762409,127.1447579,11240540,송파구,거여2동,74.4,양호
서울남천초등학교,초등학교,공립,37.50106201,127.1505715,11240560,송파구,마천2동,63.9,양호
서울마천초등학교,초등학교,공립,37.49536358,127.1524746,11240550,송파구,마천1동,56.0,양호
서울문덕초등학교,초등학교,공립,37.48518026,127.1275633,11240810,송파구,장지동,49.3,양호
서울문정초등학교,초등학교,공립,37.48907252,127.1289195,11240680,송파구,문정1동,78.9,양호
서울문현초등학교,초등학교,공립,37.48279057,127.1302443,11240810,송파구,장지동,60.0,양호
서울방산초등학교,초등학교,공립,37.50955569,127.1211143,11240570,송파구,방이1동,62.2,양호
서울방이초등학교,초등학교,공립,37.51281601,127.1205626,11240570,송파구,방이1동,44.1,양호
서울버들초등학교,초등학교,공립,37.51023591,127.0890283,11240800,송파구,잠실3동,71.3,양호
서울삼전초등학교,초등학교,공립,37.50167241,127.0927452,11240640,송파구,삼전동,35.2,양호
서울석촌초등학교,초등학교,공립,37.50293065,127.1048724,11240630,송파구,석촌동,53.4,양호
서울세륜초등학교,초등학교,공립,37.51812124,127.1341356,11240590,송파구,오륜동,50.7,양호
서울송례초등학교,초등학교,공립,37.47789111,127.1385039,11240820,송파구,위례동,70.1,양호
서울송전초등학교,초등학교,공립,37.50822822,127.0949748,11240800,송파구,잠실3동,91.3,양호
서울송파초등학교,초등학교,공립,37.50658829,127.1108763,11240610,송파구,송파1동,33.5,양호
서울신가초등학교,초등학교,공립,37.50036242,127.1198579,11240650,송파구,가락본동,111.9,양호
서울신천초등학교,초등학교,공립,37.51365292,127.0953838,11240800,송파구,잠실3동,104.5,양호
서울아주초등학교,초등학교,공립,37.50582772,127.0755453,11240780,송파구,잠실7동,50.6,양호
서울영풍초등학교,초등학교,공립,37.49621956,127.1429912,11240530,송파구,거여1동,59.6,양호
서울오금초등학교,초등학교,공립,37.50886327,127.1317034,11240600,송파구,오금동,64.0,양호
서울오륜초등학교,초등학교,공립,37.51203913,127.1347813,11240590,송파구,오륜동,63.8,양호
서울위례별초등학교,초등학교,공립,37.47876407,127.14503,11240820,송파구,위례동,88.6,양호
서울위례솔초등학교,초등학교,공립,37.4962643,127.1505885,11240550,송파구,마천1동,48.2,양호
서울잠동초등학교,초등학교,공립,37.51774311,127.1000026,11240770,송파구,잠실6동,44.2,양호
서울잠신초등학교,초등학교,공립,37.51414863,127.0879195,11240790,송파구,잠실2동,55.4,양호
서울잠실초등학교,초등학교,공립,37.52018699,127.1114733,11240750,송파구,잠실4동,42.8,양호
서울잠일초등학교,초등학교,공립,37.51474164,127.081572,11240790,송파구,잠실2동,73.2,양호
서울잠전초등학교,초등학교,공립,37.50729137,127.0842277,11240710,송파구,잠실본동,25.2,양호
서울잠현초등학교,초등학교,공립,37.52258635,127.1047535,11240750,송파구,잠실4동,61.4,양호
서울중대초등학교,초등학교,공립,37.49981243,127.1135642,11240620,송파구,송파2동,74.2,양호
서울토성초등학교,초등학교,공립,37.53188273,127.1155695,11240520,송파구,풍납2동,44.7,양호
서울평화초등학교,초등학교,공립,37.4915689,127.1228091,11240650,송파구,가락본동,43.2,양호
서울풍납초등학교,초등학교,공립,37.53518867,127.1174625,11240510,송파구,풍납1동,35.2,양호
서울풍성초등학교,초등학교,공립,37.52629399,127.1137028,11240520,송파구,풍납2동,82.9,양호
서울해누리초등학교,초등학교,공립,37.4984111,127.1024215,11240630,송파구,석촌동,56.1,양호
가락중학교,중학교,공립,37.50248483,127.1186676,11240620,송파구,송파2동,65.0,양호
가원중학교,중학교,공립,37.49064979,127.1230469,11240650,송파구,가락본동,61.7,양호
거원중학교,중학교,공립,37.48772357,127.1465347,11240540,송파구,거여2동,87.7,양호
문정중학교,중학교,공립,37.48848195,127.1299473,11240680,송파구,문정1동,34.7,양호
문현중학교,중학교,공립,37.48058516,127.1279339,11240810,송파구,장지동,46.7,양호
방산중학교,중학교,공립,37.50937108,127.1219039,11240570,송파구,방이1동,41.0,양호
방이중학교,중학교,공립,37.51500929,127.113231,11240580,송파구,방이2동,27.8,양호
서울체육중학교,중학교,공립,37.52126316,127.130579,11240590,송파구,오륜동,163.8,양호
석촌중학교,중학교,공립,37.50086337,127.1212477,11240650,송파구,가락본동,88.2,양호
세륜중학교,중학교,공립,37.50843273,127.1312179,11240600,송파구,오금동,59.7,양호
송례중학교,중학교,공립,37.47783305,127.1396549,11240820,송파구,위례동,63.6,양호
송파중학교,중학교,공립,37.49618737,127.1297717,11240670,송파구,가락2동,51.3,양호
신천중학교,중학교,공립,37.51571046,127.0783933,11240790,송파구,잠실2동,73.5,양호
아주중학교,중학교,공립,37.50523112,127.0757775,11240780,송파구,잠실7동,71.4,양호
오금중학교,중학교,공립,37.50527167,127.1282173,11240600,송파구,오금동,68.6,양호
오륜중학교,중학교,공립,37.51632434,127.1388726,11240590,송파구,오륜동,109.9,양호
오주중학교,중학교,공립,37.50150683,127.136224,11240600,송파구,오금동,59.8,양호
위례솔중학교,중학교,공립,37.4900434,127.1505885,11240820,송파구,위례동,67.9,양호
잠신중학교,중학교,공립,37.51521456,127.0876619,11240790,송파구,잠실2동,128.1,양호
잠실중학교,중학교,공립,37.51686625,127.0993758,11240770,송파구,잠실6동,78.8,양호
풍납중학교,중학교,공립,37.52559738,127.1159443,11240520,송파구,풍납2동,37.4,양호
풍성중학교,중학교,공립,37.52544023,127.1127759,11240520,송파구,풍납2동,76.6,양호
해누리중학교,중학교,공립,37.4984111,127.1019563,11240630,송파구,석촌동,40.1,양호
배명중학교,중학교,사립,37.49797695,127.0955809,11240640,송파구,삼전동,91.7,양호
보성중학교,중학교,사립,37.51981987,127.1351642,11240590,송파구,오륜동,67.2,양호
보인중학교,중학교,사립,37.49705832,127.1388757,11240600,송파구,오금동,119.8,양호
영파여자중학교,중학교,사립,37.5329492,127.1202571,11240520,송파구,풍납2동,71.4,양호
일신여자중학교,중학교,사립,37.50177385,127.1135991,11240620,송파구,송파2동,85.0,양호
정신여자중학교,중학교,사립,37.50921317,127.0727415,11240780,송파구,잠실7동,116.8,양호
가락고등학교,고등학교,공립,37.50156161,127.1165911,11240620,송파구,송파2동,39.0,양호
덕수고등학교(일반고),고등학교,공립,37.4851965,127.1468437,11240820,송파구,위례동,82.1,양호
문정고등학교,고등학교,공립,37.48517816,127.1267288,11240680,송파구,문정1동,55.9,양호
문현고등학교,고등학교,공립,37.48131333,127.1287497,11240810,송파구,장지동,57.2,양호
방산고등학교,고등학교,공립,37.50839878,127.1204817,11240570,송파구,방이1동,70.8,양호
서울인공지능고등학교,고등학교,공립,37.4917279,127.142539,11240820,송파구,위례동,82.7,양호
서울체육고등학교,고등학교,공립,37.52126316,127.130579,11240590,송파구,오륜동,163.8,양호
오금고등학교,고등학교,공립,37.50453073,127.1292797,11240600,송파구,오금동,81.7,양호
잠신고등학교,고등학교,공립,37.5147019,127.0889781,11240790,송파구,잠실2동,35.4,양호
잠실고등학교,고등학교,공립,37.52274939,127.1062937,11240750,송파구,잠실4동,82.4,양호
잠일고등학교,고등학교,공립,37.51452063,127.0824983,11240790,송파구,잠실2동,78.1,양호
창덕여자고등학교,고등학교,공립,37.516244,127.1399737,11240590,송파구,오륜동,133.1,양호
배명고등학교,고등학교,사립,37.49797695,127.0955809,11240640,송파구,삼전동,91.7,양호
보성고등학교,고등학교,사립,37.51981987,127.1351642,11240590,송파구,오륜동,67.2,양호
보인고등학교,고등학교,사립,37.49705832,127.1388757,11240600,송파구,오금동,119.8,양호
영동일고등학교,고등학교,사립,37.51000006,127.0897897,11240800,송파구,잠실3동,105.5,양호
영파여자고등학교,고등학교,사립,37.5329492,127.1202571,11240520,송파구,풍납2동,71.4,양호
일신여자상업고등학교,고등학교,사립,37.50177385,127.1135991,11240620,송파구,송파2동,85.0,양호
잠실여자고등학교,고등학교,사립,37.50177385,127.1135991,11240620,송파구,송파2동,85.0,양호
정신여자고등학교,고등학교,사립,37.50921317,127.0727415,11240780,송파구,잠실7동,116.8,양호
광성하늘빛학교,특수학교,사립,37.53737525,127.1224788,11240510,송파구,풍납1동,36.0,양호
한국육영학교,특수학교,사립,37.48208551,127.1324901,11240810,송파구,장지동,118.5,양호
서울강신초등학교병설유치원,유치원,공립,37.54340583,126.8296473,11150610,양천구,신월5동,78.2,양호
서울강월초등학교병설유치원,유치원,공립,37.51633727,126.8334292,11150630,양천구,신월7동,76.9,양호
서울경인유치원,유치원,공립,37.53305572,126.8865655,11150710,양천구,목5동,68.3,양호
서울서정초등학교병설유치원,유치원,공립,37.52424815,126.8675049,11150510,양천구,목1동,42.4,양호
서울신기초등학교병설유치원,유치원,공립,37.51131054,126.8542122,11150660,양천구,신정3동,41.2,양호
서울신원초등학교병설유치원,유치원,공립,37.52925532,126.8309474,11150590,양천구,신월3동,16.9,양호
서울신은초등학교병설유치원,유치원,공립,37.51391229,126.8321693,11150660,양천구,신정3동,15.5,양호
서울신정유치원,유치원,공립,37.51357207,126.8333725,11150660,양천구,신정3동,31.1,양호
서울양동초등학교병설유치원,유치원,공립,37.5261532,126.8512105,11150720,양천구,신정4동,69.0,양호
서울양목초등학교병설유치원,유치원,공립,37.52391824,126.8614715,11150720,양천구,신정4동,40.7,양호
서울양화초등학교병설유치원,유치원,공립,37.54393268,126.8746309,11150520,양천구,목2동,39.5,양호
서울영도초등학교병설유치원,유치원,공립,37.51050464,126.8715056,11150700,양천구,신정7동,73.4,양호
서울월촌초등학교병설유치원,유치원,공립,37.51050464,126.8761842,11150690,양천구,신정6동,261.8,주의
서울장수초등학교병설유치원,유치원,공립,37.51299579,126.8451589,11150660,양천구,신정3동,16.0,양호
경성유치원,유치원,사립,37.51038926,126.864068,11150700,양천구,신정7동,7.6,양호
계상유치원,유치원,사립,37.51250881,126.8398507,11150660,양천구,신정3동,0.2,양호
광영유치원,유치원,사립,37.53757519,126.8247075,11150590,양천구,신월3동,85.1,양호
꿈꾸는유치원,유치원,사립,37.52086958,126.8401964,11150600,양천구,신월4동,17.7,양호
꿈나무유치원,유치원,사립,37.53979897,126.8675371,11150530,양천구,목3동,11.7,양호
동연유치원,유치원,사립,37.54393268,126.8676988,11150520,양천구,목2동,19.7,양호
등대유치원,유치원,사립,37.54393268,126.877925,11150520,양천구,목2동,30.0,양호
등촌유치원,유치원,사립,37.54393268,126.865,11150530,양천구,목3동,19.9,양호
목동다솜유치원,유치원,사립,37.52424734,126.8387712,11150600,양천구,신월4동,9.6,양호
목동유치원,유치원,사립,37.52437635,126.860563,11150720,양천구,신정4동,12.7,양호
목성유치원,유치원,사립,37.54275674,126.8611213,11150530,양천구,목3동,177.4,양호
빛나유치원,유치원,사립,37.5281401,126.8675916,11150510,양천구,목1동,27.2,양호
새서울유치원,유치원,사립,37.54434786,126.8621963,11150530,양천구,목3동,37.7,양호
샘터유치원,유치원,사립,37.51720431,126.8324851,11150630,양천구,신월7동,77.3,양호
세신유치원,유치원,사립,37.54393268,126.8568268,11150530,양천구,목3동,494.7,주의
세화유치원,유치원,사립,37.54557839,126.8750088,11150520,양천구,목2동,53.2,양호
신목유치원,유치원,사립,37.54393268,126.870203,11150520,양천구,목2동,17.1,양호
신예유치원,유치원,사립,37.51232149,126.853759,11150660,양천구,신정3동,26.8,양호
아란유치원,유치원,사립,37.5473422,126.8713975,11150520,양천구,목2동,43.9,양호
어린이의정원유치원,유치원,사립,37.54393268,126.8646413,11150530,양천구,목3동,29.9,양호
원일유치원,유치원,사립,37.54434786,126.8820632,11150520,양천구,목2동,33.3,양호
튼튼유치원,유치원,사립,37.52701227,126.8573081,11150720,양천구,신정4동,27.0,양호
한서유치원,유치원,사립,37.52241508,126.8856461,11150650,양천구,신정2동,619.0,확인필요
해림유치원,유치원,사립,37.54393268,126.88199,11150710,양천구,목5동,50.1,양호
서울갈산초등학교,초등학교,공립,37.51212247,126.8699775,11150700,양천구,신정7동,47.0,양호
서울강서초등학교,초등학교,공립,37.52269004,126.8409133,11150600,양천구,신월4동,32.8,양호
서울강신초등학교,초등학교,공립,37.54340583,126.8295869,11150610,양천구,신월5동,73.9,양호
서울강월초등학교,초등학교,공립,37.51633727,126.8341623,11150630,양천구,신월7동,41.9,양호
서울경인초등학교,초등학교,공립,37.53305572,126.8863349,11150710,양천구,목5동,48.3,양호
서울계남초등학교,초등학교,공립,37.51015624,126.8599994,11150700,양천구,신정7동,76.8,양호
서울남명초등학교,초등학교,공립,37.51520942,126.8538873,11150660,양천구,신정3동,61.8,양호
서울목동초등학교,초등학교,공립,37.52278802,126.8721597,11150510,양천구,목1동,31.7,양호
서울목운초등학교,초등학교,공립,37.52699566,126.8730106,11150510,양천구,목1동,41.3,양호
서울목원초등학교,초등학교,공립,37.51607792,126.8824793,11150650,양천구,신정2동,330.8,주의
서울서정초등학교,초등학교,공립,37.52424815,126.8671743,11150510,양천구,목1동,48.7,양호
서울신강초등학교,초등학교,공립,37.52567339,126.8416634,11150580,양천구,신월2동,30.7,양호
서울신기초등학교,초등학교,공립,37.51131054,126.8540515,11150660,양천구,신정3동,38.4,양호
서울신남초등학교,초등학교,공립,37.51651386,126.8449974,11150620,양천구,신월6동,28.6,양호
서울신목초등학교,초등학교,공립,37.51698997,126.8726846,11150650,양천구,신정2동,35.9,양호
서울신서초등학교,초등학교,공립,37.52054013,126.8625771,11150640,양천구,신정1동,36.1,양호
서울신원초등학교,초등학교,공립,37.52925532,126.8299687,11150590,양천구,신월3동,82.7,양호
서울신은초등학교,초등학교,공립,37.51391229,126.8320256,11150660,양천구,신정3동,8.8,양호
서울양강초등학교,초등학교,공립,37.52361078,126.8479995,11150580,양천구,신월2동,57.4,양호
서울양동초등학교,초등학교,공립,37.52625883,126.8511712,11150720,양천구,신정4동,75.3,양호
서울양명초등학교,초등학교,공립,37.51607792,126.8559501,11150640,양천구,신정1동,88.5,양호
서울양목초등학교,초등학교,공립,37.52391824,126.8616404,11150720,양천구,신정4동,26.8,양호
서울양원초등학교,초등학교,공립,37.53819624,126.8233181,11150590,양천구,신월3동,70.5,양호
서울양화초등학교,초등학교,공립,37.54365578,126.8744087,11150520,양천구,목2동,20.7,양호
서울영도초등학교,초등학교,공립,37.5359414,126.8716258,11150710,양천구,목5동,51.5,양호
서울월촌초등학교,초등학교,공립,37.540686,126.8764371,11150710,양천구,목5동,34.9,양호
서울은정초등학교,초등학교,공립,37.51105429,126.8669853,11150700,양천구,신정7동,70.2,양호
서울장수초등학교,초등학교,공립,37.51299579,126.8450848,11150660,양천구,신정3동,11.8,양호
서울정목초등학교,초등학교,공립,37.53651805,126.8703211,11150540,양천구,목4동,45.6,양호
서울지향초등학교,초등학교,공립,37.51317511,126.8371854,11150660,양천구,신정3동,76.5,양호
강신중학교,중학교,공립,37.51448485,126.8388714,11150660,양천구,신정3동,80.8,양호
금옥중학교,중학교,공립,37.51080135,126.8442611,11150660,양천구,신정3동,79.0,양호
목동중학교,중학교,공립,37.52094336,126.8717016,11150650,양천구,신정2동,54.9,양호
목운중학교,중학교,공립,37.52699566,126.8730106,11150510,양천구,목1동,41.3,양호
목일중학교,중학교,공립,37.51348247,126.8737628,11150690,양천구,신정6동,61.0,양호
신남중학교,중학교,공립,37.52062655,126.8478625,11150580,양천구,신월2동,56.8,양호
신목중학교,중학교,공립,37.54836293,126.8728552,11150520,양천구,목2동,187.2,양호
신서중학교,중학교,공립,37.51604673,126.8559501,11150640,양천구,신정1동,87.3,양호
신원중학교,중학교,공립,37.53630665,126.8238344,11150590,양천구,신월3동,37.3,양호
신월중학교,중학교,공립,37.54046137,126.8285666,11150610,양천구,신월5동,31.4,양호
신화중학교,중학교,공립,37.54011033,126.8300275,11150610,양천구,신월5동,42.7,양호
양강중학교,중학교,공립,37.52419119,126.849861,11150580,양천구,신월2동,53.7,양호
양동중학교,중학교,공립,37.54275674,126.8691419,11150520,양천구,목2동,5.3,양호
양서중학교,중학교,공립,37.53226598,126.8291403,11150590,양천구,신월3동,22.5,양호
양천중학교,중학교,공립,37.5195248,126.8307371,11150630,양천구,신월7동,74.0,양호
월촌중학교,중학교,공립,37.53705346,126.882725,11150710,양천구,목5동,25.2,양호
봉영여자중학교,중학교,사립,37.50920292,126.8607466,11150700,양천구,신정7동,93.1,양호
양정중학교,중학교,사립,37.53494577,126.8871706,11150710,양천구,목5동,69.6,양호
영도중학교,중학교,사립,37.53630577,126.8663661,11150540,양천구,목4동,66.6,양호
금옥여자고등학교,고등학교,공립,37.51080135,126.8442611,11150660,양천구,신정3동,79.0,양호
서울금융고등학교,고등학교,공립,37.53767066,126.8255403,11150590,양천구,신월3동,71.5,양호
신목고등학교,고등학교,공립,37.51318624,126.8734611,11150690,양천구,신정6동,101.9,양호
신서고등학교,고등학교,공립,37.52391249,126.860093,11150720,양천구,신정4동,44.0,양호
강서고등학교,고등학교,사립,37.53630577,126.8663661,11150540,양천구,목4동,66.6,양호
광영고등학교,고등학교,사립,37.53757519,126.8241074,11150590,양천구,신월3동,68.3,양호
광영여자고등학교,고등학교,사립,37.53757519,126.8241074,11150590,양천구,신월3동,68.3,양호
대일관광고등학교,고등학교,사립,37.51141297,126.8350287,11150660,양천구,신정3동,36.3,양호
목동고등학교,고등학교,사립,37.50920292,126.8607466,11150700,양천구,신정7동,93.1,양호
백암고등학교,고등학교,사립,37.5120379,126.8440539,11150660,양천구,신정3동,59.1,양호
서울영상고등학교,고등학교,사립,37.52330454,126.8600909,11150720,양천구,신정4동,52.1,양호
양정고등학교,고등학교,사립,37.53494577,126.8871706,11150710,양천구,목5동,69.6,양호
양천고등학교,고등학교,사립,37.50951815,126.8459167,11150660,양천구,신정3동,54.0,양호
진명여자고등학교,고등학교,사립,37.5237223,126.8661396,11150510,양천구,목1동,80.2,양호
한가람고등학교,고등학교,사립,37.5373991,126.8841248,11150710,양천구,목5동,33.4,양호
서울당중초등학교병설유치원,유치원,공립,37.52652102,126.8900609,11190610,영등포구,양평제1동,36.3,양호
서울대길초등학교병설유치원,유치원,공립,37.4977844,126.9132303,11190680,영등포구,신길제6동,38.4,양호
서울대동초등학교병설유치원,유치원,공립,37.49370356,126.9001188,11190710,영등포구,대림제2동,49.4,양호
서울대방초등학교병설유치원,유치원,공립,37.50280186,126.9195559,11190690,영등포구,신길제7동,60.3,양호
서울도신초등학교병설유치원,유치원,공립,37.49926568,126.9007128,11190720,영등포구,대림제3동,23.9,양호
서울선유초등학교병설유치원,유치원,공립,37.5328162,126.8927942,11190620,영등포구,양평제2동,59.5,양호
서울영동초등학교병설유치원,유치원,공립,37.52701646,126.9077092,11190560,영등포구,당산제2동,37.8,양호
서울영등포초등학교병설유치원,유치원,공립,37.51294926,126.8982604,11190760,영등포구,문래동,69.9,양호
서울영림초등학교병설유치원,유치원,공립,37.48723829,126.9022829,11190710,영등포구,대림제2동,22.4,양호
서울영중초등학교병설유치원,유치원,공립,37.52328364,126.9043465,11190740,영등포구,영등포동,52.8,양호
서울우신초등학교병설유치원,유치원,공립,37.50942239,126.9113778,11190660,영등포구,신길제4동,51.9,양호
서울윤중초등학교병설유치원,유치원,공립,37.51964265,126.9225912,11190540,영등포구,여의동,100.0,양호
굿프랜드유치원,유치원,사립,37.49840639,126.9108675,11190680,영등포구,신길제6동,63.2,양호
돈보스꼬유치원,유치원,사립,37.51054501,126.9013857,11190750,영등포구,도림동,43.1,양호
동천유치원,유치원,사립,37.50635015,126.9121232,11190660,영등포구,신길제4동,33.2,양호
명신유치원,유치원,사립,37.50742703,126.9083669,11190650,영등포구,신길제3동,18.2,양호
무지개영재유치원,유치원,사립,37.52510792,126.8937427,11190550,영등포구,당산제1동,21.6,양호
살레시오성미유치원,유치원,사립,37.50131416,126.9085586,11190670,영등포구,신길제5동,101.1,양호
성락유치원,유치원,사립,37.50396169,126.9011504,11190650,영등포구,신길제3동,17.1,양호
성모유치원,유치원,사립,37.50521478,126.9208397,11190690,영등포구,신길제7동,39.2,양호
성요셉유치원,유치원,사립,37.52080484,126.9394338,11190540,영등포구,여의동,30.6,양호
성지유치원,유치원,사립,37.51073538,126.9044227,11190730,영등포구,영등포본동,31.0,양호
신길에덴유치원,유치원,사립,37.50560987,126.9134669,11190660,영등포구,신길제4동,33.9,양호
신라유치원,유치원,사립,37.5141717,126.9166159,11190730,영등포구,영등포본동,18.6,양호
여의도유치원,유치원,사립,37.52156727,126.9389854,11190540,영등포구,여의동,52.5,양호
여의유치원,유치원,사립,37.52555979,126.9311851,11190540,영등포구,여의동,135.9,양호
영은유치원,유치원,사립,37.52530193,126.8900751,11190610,영등포구,양평제1동,62.6,양호
영중유치원,유치원,사립,37.53070358,126.9051392,11190740,영등포구,영등포동,24.1,양호
우성유치원,유치원,사립,37.50574488,126.9006249,11190650,영등포구,신길제3동,31.8,양호
은하유치원,유치원,사립,37.52492478,126.8980291,11190550,영등포구,당산제1동,41.2,양호
청은유치원,유치원,사립,37.52252562,126.8856976,11190610,영등포구,양평제1동,0.4,양호
침례유치원,유치원,사립,37.51773415,126.9342557,11190540,영등포구,여의동,52.4,양호
큰나무유치원,유치원,사립,37.50637417,126.896302,11190720,영등포구,대림제3동,3.2,양호
파란나라유치원,유치원,사립,37.50314367,126.8973838,11190720,영등포구,대림제3동,26.2,양호
파랑새유치원,유치원,사립,37.50238765,126.9002607,11190720,영등포구,대림제3동,16.9,양호
평강유치원,유치원,사립,37.49493054,126.9081536,11190700,영등포구,대림제1동,20.4,양호
평화유치원,유치원,사립,37.5323817,126.8968027,11190560,영등포구,당산제2동,22.8,양호
한신혜원유치원,유치원,사립,37.53999124,126.89215,11190620,영등포구,양평제2동,47.9,양호
한영유치원,유치원,사립,37.5284991,126.9047896,11190740,영등포구,영등포동,51.0,양호
서울당산초등학교,초등학교,공립,37.53977348,126.8963677,11190620,영등포구,양평제2동,65.3,양호
서울당서초등학교,초등학교,공립,37.53202866,126.8997323,11190560,영등포구,당산제2동,42.4,양호
서울당중초등학교,초등학교,공립,37.52652102,126.8897251,11190610,영등포구,양평제1동,64.5,양호
서울대길초등학교,초등학교,공립,37.49817676,126.9132303,11190680,영등포구,신길제6동,56.6,양호
서울대동초등학교,초등학교,공립,37.49370356,126.9004086,11190710,영등포구,대림제2동,48.0,양호
서울대방초등학교,초등학교,공립,37.50280186,126.9191481,11190690,영등포구,신길제7동,73.5,양호
서울대영초등학교,초등학교,공립,37.50234483,126.9061518,11190670,영등포구,신길제5동,44.6,양호
서울도림초등학교,초등학교,공립,37.50750343,126.9070328,11190650,영등포구,신길제3동,45.9,양호
서울도신초등학교,초등학교,공립,37.49926568,126.9008811,11190720,영등포구,대림제3동,32.2,양호
서울문래초등학교,초등학교,공립,37.51880509,126.8932156,11190760,영등포구,문래동,61.0,양호
서울선유초등학교,초등학교,공립,37.53319305,126.8927942,11190620,영등포구,양평제2동,37.1,양호
서울신대림초등학교,초등학교,공립,37.49215723,126.9058212,11190700,영등포구,대림제1동,34.5,양호
서울신영초등학교,초등학교,공립,37.50100086,126.8957265,11190720,영등포구,대림제3동,56.6,양호
서울여의도초등학교,초등학교,공립,37.52320515,126.936812,11190540,영등포구,여의동,59.9,양호
서울영동초등학교,초등학교,공립,37.52701646,126.9074081,11190560,영등포구,당산제2동,42.3,양호
서울영등포초등학교,초등학교,공립,37.51294926,126.8992618,11190760,영등포구,문래동,42.2,양호
서울영림초등학교,초등학교,공립,37.48723829,126.9024483,11190710,영등포구,대림제2동,35.1,양호
서울영문초등학교,초등학교,공립,37.51980552,126.8876574,11190760,영등포구,문래동,50.7,양호
서울영신초등학교,초등학교,공립,37.51012678,126.918009,11190630,영등포구,신길제1동,53.1,양호
서울영원초등학교,초등학교,공립,37.51072031,126.9021409,11190730,영등포구,영등포본동,70.0,양호
서울영중초등학교,초등학교,공립,37.52328364,126.9038138,11190740,영등포구,영등포동,41.1,양호
서울우신초등학교,초등학교,공립,37.50942239,126.9118923,11190660,영등포구,신길제4동,85.8,양호
서울윤중초등학교,초등학교,공립,37.51964265,126.9228068,11190540,영등포구,여의동,89.8,양호
당산서중학교,중학교,공립,37.53209928,126.8985048,11190560,영등포구,당산제2동,84.2,양호
당산중학교,중학교,공립,37.53203416,126.9075733,11190560,영등포구,당산제2동,105.8,양호
대림중학교,중학교,공립,37.49231984,126.9077656,11190700,영등포구,대림제1동,68.1,양호
대영중학교,중학교,공립,37.5032746,126.9049773,11190670,영등포구,신길제5동,52.6,양호
문래중학교,중학교,공립,37.52003812,126.884443,11190760,영등포구,문래동,51.1,양호
선유중학교,중학교,공립,37.5332928,126.8942213,11190620,영등포구,양평제2동,31.2,양호
신길중학교,중학교,공립,37.50189,126.9155233,11190690,영등포구,신길제7동,78.6,양호
양화중학교,중학교,공립,37.51965952,126.8960538,11190760,영등포구,문래동,59.7,양호
여의도중학교,중학교,공립,37.52398102,126.9357145,11190540,영등포구,여의동,31.5,양호
영남중학교,중학교,공립,37.49760502,126.8958925,11190720,영등포구,대림제3동,71.3,양호
영원중학교,중학교,공립,37.51545675,126.913731,11190730,영등포구,영등포본동,69.9,양호
윤중중학교,중학교,공립,37.5189314,126.9237317,11190540,영등포구,여의동,63.9,양호
관악고등학교,고등학교,공립,37.52155314,126.882934,11190760,영등포구,문래동,101.7,양호
대영고등학교,고등학교,공립,37.50366102,126.9060499,11190650,영등포구,신길제3동,38.9,양호
선유고등학교,고등학교,공립,37.53390067,126.8948722,11190620,영등포구,양평제2동,78.3,양호
여의도고등학교,고등학교,공립,37.52555979,126.9336842,11190540,영등포구,여의동,19.8,양호
여의도여자고등학교,고등학교,공립,37.5228872,126.9349887,11190540,영등포구,여의동,76.5,양호
영등포여자고등학교,고등학교,공립,37.51538873,126.9154013,11190730,영등포구,영등포본동,48.7,양호
영신고등학교,고등학교,공립,37.49748996,126.9098123,11190680,영등포구,신길제6동,77.5,양호
한강미디어고등학교,고등학교,공립,37.53929061,126.8972396,11190620,영등포구,양평제2동,28.6,양호
장훈고등학교,고등학교,사립,37.51336358,126.9151152,11190730,영등포구,영등포본동,79.9,양호
한국제과학교,고등기술학교,사립,37.51599149,126.9218808,11190630,영등포구,신길제1동,21.9,양호
서울남정초등학교병설유치원,유치원,공립,37.53530044,126.9649784,11030720,용산구,원효로제1동,60.4,양호
서울서빙고초등학교병설유치원,유치원,공립,37.52204946,126.9922883,11030690,용산구,서빙고동,40.1,양호
서울청파유치원,유치원,공립,37.5475544,126.9640802,11030710,용산구,청파동,56.3,양호
서울한남초등학교병설유치원,유치원,공립,37.53942708,127.0043572,11030740,용산구,한남동,81.8,양호
강변유치원,유치원,사립,37.51833528,126.9774158,11030630,용산구,이촌제1동,27.7,양호
계성유치원,유치원,사립,37.53586318,126.9527834,11030570,용산구,원효로제2동,33.7,양호
대건유치원,유치원,사립,37.52106386,126.9774489,11030630,용산구,이촌제1동,93.5,양호
도원유치원,유치원,사립,37.538893,126.9576929,11030590,용산구,용문동,20.1,양호
복자유치원,유치원,사립,37.55196948,126.9784957,11030510,용산구,후암동,30.8,양호
원유치원,유치원,사립,37.51964978,126.9768175,11030630,용산구,이촌제1동,20.6,양호
일민유치원,유치원,사립,37.53499649,126.9505935,11030570,용산구,원효로제2동,90.8,양호
충신유치원,유치원,사립,37.52102035,126.9731414,11030630,용산구,이촌제1동,29.9,양호
한가람유치원,유치원,사립,37.51952283,126.9812636,11030630,용산구,이촌제1동,59.0,양호
서울금양초등학교,초등학교,공립,37.54092641,126.9613359,11030580,용산구,효창동,49.8,양호
서울남정초등학교,초등학교,공립,37.53530044,126.9649883,11030720,용산구,원효로제1동,61.0,양호
서울보광초등학교,초등학교,공립,37.53254762,126.9963061,11030650,용산구,이태원제1동,45.3,양호
서울삼광초등학교,초등학교,공립,37.54740524,126.9768231,11030510,용산구,후암동,51.8,양호
서울서빙고초등학교,초등학교,공립,37.52204946,126.9921325,11030690,용산구,서빙고동,45.5,양호
서울신용산초등학교,초등학교,공립,37.52029034,126.9756071,11030630,용산구,이촌제1동,59.4,양호
서울용산초등학교,초등학교,공립,37.53570268,126.9720729,11030730,용산구,한강로동,59.4,양호
서울용암초등학교,초등학교,공립,37.54530223,126.9891625,11030520,용산구,용산2가동,32.8,양호
서울원효초등학교,초등학교,공립,37.53637049,126.9516606,11030570,용산구,원효로제2동,14.2,양호
서울이태원초등학교,초등학교,공립,37.53545411,126.987859,11030660,용산구,이태원제2동,54.0,양호
서울청파초등학교,초등학교,공립,37.54754824,126.9640802,11030710,용산구,청파동,56.0,양호
서울한강초등학교,초등학교,공립,37.52522732,126.9651087,11030730,용산구,한강로동,30.3,양호
서울한남초등학교,초등학교,공립,37.53942708,127.0051252,11030740,용산구,한남동,130.0,양호
서울후암초등학교,초등학교,공립,37.55122689,126.9823336,11030510,용산구,후암동,85.6,양호
신광초등학교,초등학교,사립,37.54330994,126.9699957,11030710,용산구,청파동,33.6,양호
선린중학교,중학교,공립,37.54300326,126.9663628,11030710,용산구,청파동,63.7,양호
용강중학교,중학교,공립,37.5214088,126.9758922,11030730,용산구,한강로동,51.5,양호
용산중학교,중학교,공립,37.54606507,126.9810267,11030510,용산구,후암동,61.2,양호
한강중학교,중학교,공립,37.52370421,126.9923454,11030690,용산구,서빙고동,39.6,양호
배문중학교,중학교,사립,37.54964319,126.9641933,11030710,용산구,청파동,20.3,양호
보성여자중학교,중학교,사립,37.54308172,126.984496,11030520,용산구,용산2가동,27.6,양호
성심여자중학교,중학교,사립,37.5335235,126.9542291,11030570,용산구,원효로제2동,52.1,양호
신광여자중학교,중학교,사립,37.54330994,126.9699957,11030710,용산구,청파동,33.6,양호
오산중학교,중학교,사립,37.52567337,127.0000902,11030700,용산구,보광동,31.3,양호
선린인터넷고등학교,고등학교,공립,37.54300326,126.967328,11030710,용산구,청파동,15.1,양호
용산고등학교,고등학교,공립,37.54497945,126.979489,11030530,용산구,남영동,111.0,양호
용산철도고등학교,고등학교,공립,37.52433842,126.9671352,11030730,용산구,한강로동,76.1,양호
중경고등학교,고등학교,공립,37.51770611,126.9757149,11030630,용산구,이촌제1동,88.6,양호
배문고등학교,고등학교,사립,37.54964319,126.9641933,11030710,용산구,청파동,20.3,양호
보성여자고등학교,고등학교,사립,37.54308172,126.9842488,11030520,용산구,용산2가동,48.2,양호
서울디지텍고등학교,고등학교,사립,37.53897202,126.990534,11030660,용산구,이태원제2동,20.8,양호
성심여자고등학교,고등학교,사립,37.5335235,126.9542291,11030570,용산구,원효로제2동,52.1,양호
신광여자고등학교,고등학교,사립,37.54330994,126.9699957,11030710,용산구,청파동,33.6,양호
오산고등학교,고등학교,사립,37.52567337,126.9995798,11030700,용산구,보광동,33.5,양호
서울구현초등학교병설유치원,유치원,공립,37.60915303,126.9056698,11120570,은평구,구산동,84.7,양호
서울북한산유치원,유치원,공립,37.6321842,126.9287978,11120710,은평구,진관동,35.4,양호
서울불광초등학교병설유치원,유치원,공립,37.6130323,126.9309819,11120520,은평구,불광제1동,42.1,양호
서울산울림유치원,유치원,공립,37.64807294,126.9298288,11120710,은평구,진관동,22.7,양호
서울서신초등학교병설유치원,유치원,공립,37.59256589,126.9075328,11120660,은평구,신사제2동,72.5,양호
서울수색초등학교병설유치원,유치원,공립,37.58532431,126.8956863,11120680,은평구,수색동,73.4,양호
서울신도초등학교병설유치원,유치원,공립,37.63293758,126.9291986,11120710,은평구,진관동,54.7,양호
서울어울초등학교병설유치원,유치원,공립,37.60656347,126.9350593,11120510,은평구,녹번동,62.8,양호
서울역촌유치원,유치원,공립,37.60422588,126.9188792,11120740,은평구,역촌동,49.2,양호
서울연광초등학교병설유치원,유치원,공립,37.62413435,126.9242118,11120720,은평구,불광제2동,61.0,양호
서울연신초등학교병설유치원,유치원,공립,37.62663483,126.9282141,11120720,은평구,불광제2동,34.0,양호
서울연은초등학교병설유치원,유치원,공립,37.59051322,126.925113,11120600,은평구,응암제2동,47.0,양호
서울연천초등학교병설유치원,유치원,공립,37.62032486,126.928795,11120520,은평구,불광제1동,71.4,양호
서울은명초등학교병설유치원,유치원,공립,37.59767918,126.9182759,11120590,은평구,응암제1동,56.4,양호
서울은빛유치원,유치원,공립,37.64281661,126.9293346,11120710,은평구,진관동,103.3,양호
서울은평초등학교병설유치원,유치원,공립,37.60234334,126.9344172,11120510,은평구,녹번동,88.3,양호
서울응암초등학교병설유치원,유치원,공립,37.58798466,126.9213621,11120730,은평구,응암제3동,28.5,양호
서울진관유치원,유치원,공립,37.63471271,126.9179996,11120710,은평구,진관동,28.0,양호
녹번유치원,유치원,사립,37.59990024,126.9298886,11120590,은평구,응암제1동,54.2,양호
다우림명문유치원,유치원,사립,37.64432501,126.924814,11120710,은평구,진관동,27.9,양호
동산유치원,유치원,사립,37.58177573,126.9044084,11120670,은평구,증산동,41.3,양호
바다의별유치원,유치원,사립,37.61542152,126.9262179,11120520,은평구,불광제1동,19.3,양호
백합유치원,유치원,사립,37.60819553,126.9173584,11120740,은평구,역촌동,48.2,양호
새보람유치원,유치원,사립,37.61629741,126.9326245,11120520,은평구,불광제1동,25.4,양호
색동유치원,유치원,사립,37.61604775,126.9142513,11120560,은평구,갈현제2동,27.9,양호
선일유치원,유치원,사립,37.61893147,126.9125629,11120560,은평구,갈현제2동,79.1,양호
성균관유치원,유치원,사립,37.61830544,126.9169495,11120560,은평구,갈현제2동,14.4,양호
성아유치원,유치원,사립,37.58989405,126.9196886,11120600,은평구,응암제2동,16.2,양호
숲유치원,유치원,사립,37.63472131,126.9216083,11120710,은평구,진관동,82.6,양호
예일유치원,유치원,사립,37.5773424,126.914662,11120730,은평구,응암제3동,671.7,확인필요
와우랩유치원,유치원,사립,37.59403259,126.921568,11120600,은평구,응암제2동,66.0,양호
유정유치원,유치원,사립,37.60666766,126.9267603,11120510,은평구,녹번동,49.4,양호
은평국제유치원,유치원,사립,37.5989602,126.9114661,11120650,은평구,신사제1동,18.2,양호
은평하랑유치원,유치원,사립,37.6002614,126.9302939,11120590,은평구,응암제1동,1.2,양호
은혜유치원,유치원,사립,37.61758756,126.9277275,11120520,은평구,불광제1동,41.1,양호
자연유치원,유치원,사립,37.60315897,126.9374697,11120510,은평구,녹번동,0.1,양호
충암유치원,유치원,사립,37.58498824,126.9214457,11120730,은평구,응암제3동,43.9,양호
효림유치원,유치원,사립,37.58764929,126.899546,11120680,은평구,수색동,89.7,양호
서울갈현초등학교,초등학교,공립,37.61933105,126.9166431,11120560,은평구,갈현제2동,68.5,양호
서울구산초등학교,초등학교,공립,37.61254381,126.9094685,11120570,은평구,구산동,64.9,양호
서울구현초등학교,초등학교,공립,37.60915303,126.9058482,11120570,은평구,구산동,69.3,양호
서울녹번초등학교,초등학교,공립,37.60457326,126.926111,11120510,은평구,녹번동,58.1,양호
서울대은초등학교,초등학교,공립,37.61212329,126.9261543,11120580,은평구,대조동,37.1,양호
서울대조초등학교,초등학교,공립,37.61325041,126.9195423,11120580,은평구,대조동,73.0,양호
서울북한산초등학교,초등학교,공립,37.65456197,126.950338,11120710,은평구,진관동,124.4,양호
서울불광초등학교,초등학교,공립,37.61318481,126.9309325,11120520,은평구,불광제1동,38.5,양호
서울상신초등학교,초등학교,공립,37.59745801,126.9048,11120660,은평구,신사제2동,27.8,양호
서울서신초등학교,초등학교,공립,37.59256589,126.9074411,11120660,은평구,신사제2동,68.7,양호
서울수리초등학교,초등학교,공립,37.62030766,126.9342435,11120520,은평구,불광제1동,38.1,양호
서울수색초등학교,초등학교,공립,37.58532431,126.8954934,11120680,은평구,수색동,67.1,양호
서울신도초등학교,초등학교,공립,37.63293758,126.9291409,11120710,은평구,진관동,59.3,양호
서울신사초등학교,초등학교,공립,37.59312438,126.9121215,11120660,은평구,신사제2동,50.2,양호
서울어울초등학교,초등학교,공립,37.60656347,126.9350729,11120510,은평구,녹번동,63.9,양호
서울역촌초등학교,초등학교,공립,37.60121404,126.9142657,11120740,은평구,역촌동,14.7,양호
서울연광초등학교,초등학교,공립,37.62413435,126.9240662,11120720,은평구,불광제2동,56.1,양호
서울연신초등학교,초등학교,공립,37.62663483,126.9282737,11120720,은평구,불광제2동,39.0,양호
서울연은초등학교,초등학교,공립,37.59051322,126.9251652,11120600,은평구,응암제2동,50.3,양호
서울연천초등학교,초등학교,공립,37.62032486,126.9294874,11120720,은평구,불광제2동,65.8,양호
서울은명초등학교,초등학교,공립,37.59767918,126.9188333,11120590,은평구,응암제1동,46.1,양호
서울은빛초등학교,초등학교,공립,37.642661,126.919112,11120710,은평구,진관동,52.6,양호
서울은진초등학교,초등학교,공립,37.63304417,126.9209282,11120710,은평구,진관동,44.0,양호
서울은평초등학교,초등학교,공립,37.60234334,126.9341059,11120510,은평구,녹번동,99.3,양호
서울응암초등학교,초등학교,공립,37.58798466,126.9217624,11120730,은평구,응암제3동,33.1,양호
서울증산초등학교,초등학교,공립,37.58256481,126.9043095,11120670,은평구,증산동,46.3,양호
서울진관초등학교,초등학교,공립,37.64543466,126.9291301,11120710,은평구,진관동,59.3,양호
선일초등학교,초등학교,사립,37.61893147,126.9126173,11120560,은평구,갈현제2동,83.6,양호
예일초등학교,초등학교,사립,37.61077801,126.9151623,11120570,은평구,구산동,60.3,양호
충암초등학교,초등학교,사립,37.58498824,126.9217386,11120730,은평구,응암제3동,63.2,양호
구산중학교,중학교,공립,37.60974837,126.9088711,11120570,은평구,구산동,88.6,양호
덕산중학교,중학교,공립,37.60237339,126.9044799,11120650,은평구,신사제1동,82.5,양호
불광중학교,중학교,공립,37.62264505,126.932123,11120720,은평구,불광제2동,21.0,양호
상신중학교,중학교,공립,37.59000255,126.906663,11120660,은평구,신사제2동,49.4,양호
신도중학교,중학교,공립,37.63298409,126.9308427,11120710,은평구,진관동,79.7,양호
연서중학교,중학교,공립,37.58717167,126.9097051,11120670,은평구,증산동,62.1,양호
연신중학교,중학교,공립,37.62373503,126.9247507,11120720,은평구,불광제2동,46.2,양호
연천중학교,중학교,공립,37.62735969,126.9258482,11120720,은평구,불광제2동,45.5,양호
은평중학교,중학교,공립,37.61108629,126.9084436,11120570,은평구,구산동,27.2,양호
증산중학교,중학교,공립,37.58301453,126.9039526,11120670,은평구,증산동,87.8,양호
진관중학교,중학교,공립,37.64425619,126.9256292,11120710,은평구,진관동,54.3,양호
대성중학교,중학교,사립,37.62197378,126.9095921,11120560,은평구,갈현제2동,99.4,양호
선일여자중학교,중학교,사립,37.61893147,126.9126173,11120560,은평구,갈현제2동,83.6,양호
선정중학교,중학교,사립,37.61740016,126.9087107,11120560,은평구,갈현제2동,46.5,양호
숭실중학교,중학교,사립,37.59333288,126.9032327,11120660,은평구,신사제2동,101.9,양호
영락중학교,중학교,사립,37.59667253,126.9248779,11120590,은평구,응암제1동,55.3,양호
예일여자중학교,중학교,사립,37.61077801,126.9151623,11120570,은평구,구산동,60.3,양호
충암중학교,중학교,사립,37.58498824,126.9217386,11120730,은평구,응암제3동,63.2,양호
신도고등학교,고등학교,공립,37.62966644,126.9184283,11120710,은평구,진관동,118.2,양호
은평고등학교,고등학교,공립,37.60915303,126.9058153,11120570,은평구,구산동,72.1,양호
진관고등학교,고등학교,공립,37.64333811,126.9244109,11120710,은평구,진관동,56.6,양호
대성고등학교,고등학교,사립,37.62197378,126.909559,11120560,은평구,갈현제2동,102.3,양호
동명생활경영고등학교,고등학교,사립,37.61517002,126.9229746,11120580,은평구,대조동,43.9,양호
동명여자고등학교,고등학교,사립,37.61517002,126.92505,11120580,은평구,대조동,16.6,양호
선일빅데이터고등학교,고등학교,사립,37.6197497,126.912182,11120560,은평구,갈현제2동,74.2,양호
선일여자고등학교,고등학교,사립,37.61893147,126.9126173,11120560,은평구,갈현제2동,83.6,양호
선정고등학교,고등학교,사립,37.61740016,126.9087107,11120560,은평구,갈현제2동,46.5,양호
선정국제관광고등학교,고등학교,사립,37.61740016,126.9087107,11120560,은평구,갈현제2동,46.5,양호
세명컴퓨터고등학교,고등학교,사립,37.62752491,126.9231578,11120720,은평구,불광제2동,84.7,양호
숭실고등학교,고등학교,사립,37.59333288,126.9038861,11120660,은평구,신사제2동,124.9,양호
신진과학기술고등학교,고등학교,사립,37.59812097,126.9184276,11120590,은평구,응암제1동,84.7,양호
예일디자인고등학교,고등학교,사립,37.61077801,126.9157537,11120570,은평구,구산동,21.8,양호
예일여자고등학교,고등학교,사립,37.6107269,126.9151623,11120570,은평구,구산동,64.1,양호
은평메디텍고등학교,고등학교,사립,37.6353466,126.929375,11120710,은평구,진관동,73.2,양호
충암고등학교,고등학교,사립,37.58498824,126.9212864,11120730,은평구,응암제3동,36.8,양호
하나고등학교,고등학교,사립,37.64043215,126.9367183,11120710,은평구,진관동,45.5,양호
은평대영학교,특수학교,사립,37.60546875,126.9060906,11120570,은평구,구산동,42.0,양호
은평문화예술정보학교,각종학교,공립,37.58917567,126.9193057,11120730,은평구,응암제3동,25.3,양호
서울명신초등학교병설유치원,유치원,공립,37.58103432,127.0142054,11010690,종로구,창신제3동,86.6,양호
서울재동초등학교병설유치원,유치원,공립,37.57990699,126.9857474,11010600,종로구,가회동,39.4,양호
서울창신초등학교병설유치원,유치원,공립,37.57621187,127.0142939,11010690,종로구,창신제3동,68.6,양호
서울청운초등학교병설유치원,유치원,공립,37.58592132,126.9692368,11010720,종로구,청운효자동,34.4,양호
서울혜화초등학교병설유치원,유치원,공립,37.58918873,127.0002159,11010730,종로구,혜화동,42.7,양호
린덴바움유치원,유치원,사립,37.57476745,126.9615728,11010580,종로구,교남동,29.0,양호
배화여자대학교 부속 배화유치원,유치원,사립,37.57929545,126.9652634,11010720,종로구,청운효자동,54.1,양호
봄샘유치원,유치원,사립,37.5734543,127.006558,11010630,종로구,종로5.6가동,23.2,양호
상명사대부속유치원,유치원,사립,37.60071167,126.9566887,11010550,종로구,부암동,20.5,양호
세검정유치원,유치원,사립,37.60000768,126.9589539,11010550,종로구,부암동,20.3,양호
세종유치원,유치원,사립,37.57560998,126.9699888,11010530,종로구,사직동,44.6,양호
옥인유치원,유치원,사립,37.58222068,126.9703426,11010720,종로구,청운효자동,19.9,양호
운현유치원,유치원,사립,37.57613692,126.9882953,11010610,종로구,종로1.2.3.4가동,85.2,양호
청룡유치원,유치원,사립,37.57940998,127.0166535,11010700,종로구,숭인제1동,31.9,양호
한아름유치원,유치원,사립,37.59025281,127.0012583,11010730,종로구,혜화동,92.7,양호
혜화유치원,유치원,사립,37.58686893,127.0031388,11010730,종로구,혜화동,109.4,양호
서울대학교사범대학부설초등학교,초등학교,국립,37.57778577,127.0038022,11010640,종로구,이화동,111.9,양호
서울교동초등학교,초등학교,공립,37.57475747,126.9878998,11010610,종로구,종로1.2.3.4가동,44.4,양호
서울독립문초등학교,초등학교,공립,37.57412446,126.9602252,11010570,종로구,무악동,41.9,양호
서울매동초등학교,초등학교,공립,37.57706501,126.9668504,11010530,종로구,사직동,75.4,양호
서울명신초등학교,초등학교,공립,37.58103432,127.013846,11010690,종로구,창신제3동,73.9,양호
서울세검정초등학교,초등학교,공립,37.60355465,126.9608999,11010550,종로구,부암동,28.9,양호
서울재동초등학교,초등학교,공립,37.57990699,126.9855858,11010600,종로구,가회동,40.5,양호
서울창신초등학교,초등학교,공립,37.57621187,127.0143822,11010690,종로구,창신제3동,65.9,양호
서울청운초등학교,초등학교,공립,37.58592132,126.9691707,11010720,종로구,청운효자동,36.7,양호
서울혜화초등학교,초등학교,공립,37.58918873,127.0000249,11010730,종로구,혜화동,48.5,양호
서울효제초등학교,초등학교,공립,37.5726899,127.0032572,11010630,종로구,종로5.6가동,50.7,양호
상명대학교사범대학부속초등학교,초등학교,사립,37.60071167,126.956708,11010550,종로구,부암동,19.0,양호
운현초등학교,초등학교,사립,37.57613692,126.987819,11010610,종로구,종로1.2.3.4가동,125.3,양호
서울대학교사범대학부설여자중학교,중학교,국립,37.57778577,127.0038022,11010640,종로구,이화동,111.9,양호
청운중학교,중학교,공립,37.58966029,126.970349,11010720,종로구,청운효자동,140.6,양호
경신중학교,중학교,사립,37.59206239,127.0006702,11010730,종로구,혜화동,120.8,양호
대신중학교,중학교,사립,37.57371399,126.9618971,11010580,종로구,교남동,53.2,양호
덕성여자중학교,중학교,사립,37.57809389,126.9817133,11010540,종로구,삼청동,60.3,양호
동성중학교,중학교,사립,37.58463685,127.0024292,11010730,종로구,혜화동,53.1,양호
배화여자중학교,중학교,사립,37.57929545,126.9653816,11010720,종로구,청운효자동,63.8,양호
상명대학교사범대학부속여자중학교,중학교,사립,37.60333982,126.9556929,11010550,종로구,부암동,201.3,주의
중앙중학교,중학교,사립,37.58609684,126.9870352,11010540,종로구,삼청동,280.5,주의
경기상업고등학교,고등학교,공립,37.58894116,126.9697724,11010720,종로구,청운효자동,166.4,양호
경복고등학교,고등학교,공립,37.58692413,126.9717701,11010720,종로구,청운효자동,105.4,양호
서울과학고등학교,고등학교,공립,37.59190538,126.9982134,11010730,종로구,혜화동,96.1,양호
서울국제고등학교,고등학교,공립,37.59162635,126.9959635,11010730,종로구,혜화동,56.1,양호
경신고등학교,고등학교,사립,37.59206239,127.0002166,11010730,종로구,혜화동,81.1,양호
대동세무고등학교,고등학교,사립,37.58070856,126.9879303,11010600,종로구,가회동,50.6,양호
대신고등학교,고등학교,사립,37.57371399,126.9618971,11010580,종로구,교남동,53.2,양호
덕성여자고등학교,고등학교,사립,37.57755783,126.9827378,11010540,종로구,삼청동,36.4,양호
동성고등학교,고등학교,사립,37.58463685,127.0029398,11010730,종로구,혜화동,65.7,양호
배화여자고등학교,고등학교,사립,37.57929545,126.9653816,11010720,종로구,청운효자동,63.8,양호
상명대학교사범대학부속여자고등학교,고등학교,사립,37.60333982,126.953832,11010550,종로구,부암동,328.5,주의
서울예술고등학교,고등학교,사립,37.6060484,126.968649,11010560,종로구,평창동,63.1,양호
서일문화예술고등학교,고등학교,사립,37.57937033,127.0130226,11010690,종로구,창신제3동,62.2,양호
중앙고등학교,고등학교,사립,37.58609684,126.9870352,11010540,종로구,삼청동,280.5,주의
서울농학교,특수학교,국립,37.5849864,126.9687406,11010720,종로구,청운효자동,102.0,양호
서울맹학교,특수학교,국립,37.58471755,126.9676572,11010720,종로구,청운효자동,97.2,양호
서울경운학교,특수학교,공립,37.5750617,126.9876033,11010610,종로구,종로1.2.3.4가동,55.3,양호
수도사랑의학교,특수학교,사립,37.57477957,126.9651808,11010530,종로구,사직동,20.0,양호
서울다솜관광고등학교,각종학교,공립,37.57169165,127.0174768,11010710,종로구,숭인제2동,56.7,양호
오디세이학교,각종학교,공립,37.57169165,127.0174768,11010710,종로구,숭인제2동,56.7,양호
종로산업정보학교,각종학교,공립,37.57242233,127.0172985,11010710,종로구,숭인제2동,70.0,양호
경복고등학교 부설 방송통신고등학교,방송통신고,공립,37.587401,126.972374,11010720,종로구,청운효자동,113.1,양호
서울광희초등학교병설유치원,유치원,공립,37.56766904,127.0155985,11020690,중구,신당동,62.4,양호
서울덕수초등학교병설유치원,유치원,공립,37.56820862,126.974231,11020520,중구,소공동,39.6,양호
서울장충유치원,유치원,공립,37.55915106,127.0114283,11020700,중구,다산동,41.6,양호
서울충무초등학교병설유치원,유치원,공립,37.56190053,127.0015532,11020580,중구,장충동,28.1,양호
가명유치원,유치원,사립,37.55915129,126.9674602,11020680,중구,중림동,3.6,양호
근화유치원,유치원,사립,37.55906872,127.0089627,11020700,중구,다산동,24.3,양호
리라유치원,유치원,사립,37.55781793,126.9879797,11020570,중구,필동,69.9,양호
수암유치원,유치원,사립,37.54949484,127.0118277,11020710,중구,약수동,31.0,양호
숭의여자대학교부설유치원,유치원,사립,37.55677019,126.987229,11020570,중구,필동,21.8,양호
신일유치원,유치원,사립,37.55538972,127.0118625,11020720,중구,청구동,34.6,양호
약수유치원,유치원,사립,37.55469057,127.014294,11020720,중구,청구동,14.0,양호
영락유치원,유치원,사립,37.56428474,126.9887784,11020600,중구,을지로동,23.5,양호
한일유치원,유치원,사립,37.56318285,127.0200796,11020650,중구,신당제5동,29.4,양호
서울광희초등학교,초등학교,공립,37.56766904,127.0151689,11020690,중구,신당동,50.7,양호
서울남산초등학교,초등학교,공립,37.56020187,126.9867684,11020550,중구,명동,28.6,양호
서울덕수초등학교,초등학교,공립,37.56820862,126.9744424,11020520,중구,소공동,41.0,양호
서울봉래초등학교,초등학교,공립,37.55638201,126.9637888,11020680,중구,중림동,19.5,양호
서울신당초등학교,초등학교,공립,37.56345517,127.0237741,11020650,중구,신당제5동,21.9,양호
서울장충초등학교,초등학교,공립,37.55915106,127.0114141,11020700,중구,다산동,42.5,양호
서울청구초등학교,초등학교,공립,37.55877623,127.0141364,11020720,중구,청구동,40.8,양호
서울충무초등학교,초등학교,공립,37.56190053,127.001346,11020580,중구,장충동,28.7,양호
서울흥인초등학교,초등학교,공립,37.56086967,127.0145429,11020730,중구,동화동,45.7,양호
동산초등학교,초등학교,사립,37.5557212,127.016877,11020720,중구,청구동,52.9,양호
리라초등학교,초등학교,사립,37.55781793,126.9879108,11020570,중구,필동,65.5,양호
숭의초등학교,초등학교,사립,37.55677019,126.9875325,11020570,중구,필동,20.8,양호
금호여자중학교,중학교,공립,37.55797447,127.0200384,11020730,중구,동화동,83.7,양호
덕수중학교,중학교,공립,37.56543906,126.9972964,11020600,중구,을지로동,59.5,양호
장원중학교,중학교,공립,37.5539456,127.0063639,11020700,중구,다산동,41.0,양호
창덕여자중학교,중학교,공립,37.5659318,126.9695822,11020520,중구,소공동,55.2,양호
대경중학교,중학교,사립,37.55637521,127.0170724,11020720,중구,청구동,0.9,양호
장충중학교,중학교,사립,37.55363344,127.0065905,11020700,중구,다산동,10.3,양호
한양중학교,중학교,사립,37.5654003,127.0118163,11020690,중구,신당동,88.6,양호
환일중학교,중학교,사립,37.55281627,126.9621659,11020680,중구,중림동,65.3,양호
성동고등학교,고등학교,공립,37.56416234,127.0232038,11020650,중구,신당제5동,66.5,양호
성동공업고등학교,고등학교,공립,37.56846001,127.0171338,11020690,중구,신당동,71.4,양호
성동글로벌경영고등학교,고등학교,공립,37.5658533,127.0132205,11020690,중구,신당동,30.8,양호
대경생활과학고등학교,고등학교,사립,37.5563646,127.0175128,11020720,중구,청구동,38.1,양호
리라아트고등학교,고등학교,사립,37.55712432,126.988191,11020570,중구,필동,59.5,양호
서울의료보건고등학교,고등학교,사립,37.55729793,126.9668351,11020680,중구,중림동,38.0,양호
이화여자고등학교,고등학교,사립,37.5657056,126.9712202,11020520,중구,소공동,80.1,양호
이화여자외국어고등학교,고등학교,사립,37.56445531,126.9689444,11020520,중구,소공동,10.9,양호
장충고등학교,고등학교,사립,37.55363344,127.0065905,11020700,중구,다산동,10.3,양호
한양공업고등학교,고등학교,사립,37.5654003,127.0118163,11020690,중구,신당동,88.6,양호
환일고등학교,고등학교,사립,37.55281627,126.9621659,11020680,중구,중림동,65.3,양호
서울실용음악고등학교,각종학교,사립,37.56334616,127.0206203,11020650,중구,신당제5동,14.1,양호
여명학교,각종학교,사립,37.55690488,126.9855281,11020550,중구,명동,26.6,양호
예원학교,각종학교,사립,37.56689273,126.9719703,11020520,중구,소공동,96.3,양호
서울동원초등학교병설유치원,유치원,공립,37.60485872,127.1054994,11070730,중랑구,망우본동,67.4,양호
서울면동초등학교병설유치원,유치원,공립,37.58535079,127.0865919,11070710,중랑구,면목본동,65.8,양호
서울면목초등학교병설유치원,유치원,공립,37.59142382,127.087628,11070710,중랑구,면목본동,71.3,양호
서울면북초등학교병설유치원,유치원,공립,37.59442018,127.1035488,11070680,중랑구,망우제3동,82.1,양호
서울묵현초등학교병설유치원,유치원,공립,37.60908122,127.073691,11070650,중랑구,묵제2동,47.4,양호
서울봉화초등학교병설유치원,유치원,공립,37.6132932,127.0923924,11070700,중랑구,신내2동,102.1,양호
서울새솔유치원,유치원,공립,37.61761506,127.1099411,11070690,중랑구,신내1동,48.7,양호
서울신묵초등학교병설유치원,유치원,공립,37.6070332,127.07546,11070650,중랑구,묵제2동,54.2,양호
서울신현초등학교병설유치원,유치원,공립,37.6053974,127.0937349,11070590,중랑구,상봉제1동,44.4,양호
서울양원숲초등학교병설유치원,유치원,공립,37.6056069,127.1056736,11070730,중랑구,망우본동,55.2,양호
서울중곡초등학교병설유치원,유치원,공립,37.5741753,127.0840405,11070540,중랑구,면목제4동,13.9,양호
서울중랑초등학교병설유치원,유치원,공립,37.58965022,127.0757822,11070520,중랑구,면목제2동,36.5,양호
서울중목초등학교병설유치원,유치원,공립,37.5901354,127.0793694,11070520,중랑구,면목제2동,49.7,양호
서울중흥초등학교병설유치원,유치원,공립,37.60167233,127.0841423,11070610,중랑구,중화제1동,45.7,양호
누리에유치원,유치원,사립,37.58772856,127.0764038,11070520,중랑구,면목제2동,25.7,양호
동성유치원,유치원,사립,37.60844587,127.0965956,11070690,중랑구,신내1동,32.1,양호
동일유치원,유치원,사립,37.57814448,127.0846555,11070570,중랑구,면목제7동,32.9,양호
로뎅유치원,유치원,사립,37.60199481,127.0845463,11070610,중랑구,중화제1동,0.4,양호
미림유치원,유치원,사립,37.61646432,127.0793222,11070640,중랑구,묵제1동,0.3,양호
봄내유치원,유치원,사립,37.58597809,127.0855534,11070710,중랑구,면목본동,19.9,양호
새아랑유치원,유치원,사립,37.61238689,127.0961085,11070690,중랑구,신내1동,54.0,양호
색동유치원,유치원,사립,37.59167631,127.0783998,11070520,중랑구,면목제2동,42.0,양호
솔방울유치원,유치원,사립,37.5736945,127.0878178,11070540,중랑구,면목제4동,74.3,양호
수산유치원,유치원,사립,37.59762417,127.075925,11070620,중랑구,중화제2동,35.2,양호
신일유치원,유치원,사립,37.58106565,127.0916555,11070720,중랑구,면목제3.8동,24.4,양호
영은유치원,유치원,사립,37.61583223,127.0911515,11070700,중랑구,신내2동,19.9,양호
예원유치원,유치원,사립,37.6043571,127.094096,11070590,중랑구,상봉제1동,13.7,양호
윤경유치원,유치원,사립,37.6171693,127.084078,11070640,중랑구,묵제1동,46.8,양호
은성유치원,유치원,사립,37.5969859,127.0818303,11070610,중랑구,중화제1동,19.4,양호
이루니유치원,유치원,사립,37.6016279,127.0917591,11070590,중랑구,상봉제1동,24.7,양호
정암유치원,유치원,사립,37.60117657,127.1035519,11070730,중랑구,망우본동,23.9,양호
진달래유치원,유치원,사립,37.59872994,127.0868527,11070590,중랑구,상봉제1동,41.3,양호
서울동원초등학교,초등학교,공립,37.60485872,127.1049497,11070730,중랑구,망우본동,73.2,양호
서울망우초등학교,초등학교,공립,37.59810062,127.1035908,11070730,중랑구,망우본동,21.7,양호
서울면남초등학교,초등학교,공립,37.57723,127.0880206,11070570,중랑구,면목제7동,45.0,양호
서울면동초등학교,초등학교,공립,37.58535079,127.0866427,11070710,중랑구,면목본동,70.2,양호
서울면목초등학교,초등학교,공립,37.59142382,127.0876154,11070710,중랑구,면목본동,70.4,양호
서울면북초등학교,초등학교,공립,37.59442018,127.1034704,11070680,중랑구,망우제3동,79.1,양호
서울면일초등학교,초등학교,공립,37.59204148,127.0998536,11070680,중랑구,망우제3동,53.9,양호
서울면중초등학교,초등학교,공립,37.58219332,127.0966419,11070720,중랑구,면목제3.8동,54.8,양호
서울묵동초등학교,초등학교,공립,37.60432936,127.0814476,11070610,중랑구,중화제1동,42.9,양호
서울묵현초등학교,초등학교,공립,37.60908122,127.073615,11070650,중랑구,묵제2동,47.4,양호
서울봉화초등학교,초등학교,공립,37.61304655,127.0923924,11070700,중랑구,신내2동,113.4,양호
서울상봉초등학교,초등학교,공립,37.59852886,127.0836002,11070610,중랑구,중화제1동,33.3,양호
서울새솔초등학교,초등학교,공립,37.61795314,127.1113504,11070690,중랑구,신내1동,37.4,양호
서울신내초등학교,초등학교,공립,37.60492112,127.1001538,11070690,중랑구,신내1동,43.5,양호
서울신묵초등학교,초등학교,공립,37.60781241,127.0755154,11070650,중랑구,묵제2동,21.2,양호
서울신현초등학교,초등학교,공립,37.60582188,127.0934688,11070700,중랑구,신내2동,62.5,양호
서울양원숲초등학교,초등학교,공립,37.6089098,127.1056736,11070730,중랑구,망우본동,37.2,양호
서울원묵초등학교,초등학교,공립,37.61796613,127.0864307,11070640,중랑구,묵제1동,47.2,양호
서울중곡초등학교,초등학교,공립,37.5741753,127.083847,11070540,중랑구,면목제4동,30.4,양호
서울중랑초등학교,초등학교,공립,37.58965022,127.0757187,11070520,중랑구,면목제2동,40.6,양호
서울중목초등학교,초등학교,공립,37.59008774,127.0793385,11070520,중랑구,면목제2동,50.8,양호
서울중화초등학교,초등학교,공립,37.60340186,127.0946718,11070700,중랑구,신내2동,18.4,양호
서울중흥초등학교,초등학교,공립,37.60167233,127.08414,11070610,중랑구,중화제1동,45.5,양호
금성초등학교,초등학교,사립,37.61532142,127.0900306,11070700,중랑구,신내2동,109.7,양호
동원중학교,중학교,공립,37.6036871,127.1088882,11070730,중랑구,망우본동,65.0,양호
면목중학교,중학교,공립,37.58283367,127.0960613,11070720,중랑구,면목제3.8동,98.1,양호
봉화중학교,중학교,공립,37.59647738,127.1042177,11070730,중랑구,망우본동,78.1,양호
상봉중학교,중학교,공립,37.60152876,127.0900877,11070590,중랑구,상봉제1동,61.1,양호
신현중학교,중학교,공립,37.60496496,127.0916088,11070590,중랑구,상봉제1동,111.4,양호
용마중학교,중학교,공립,37.57429928,127.0860161,11070540,중랑구,면목제4동,49.8,양호
원묵중학교,중학교,공립,37.61811974,127.0840347,11070640,중랑구,묵제1동,51.7,양호
장안중학교,중학교,공립,37.60008523,127.0809446,11070610,중랑구,중화제1동,36.8,양호
중랑중학교,중학교,공립,37.60467735,127.0813987,11070610,중랑구,중화제1동,51.3,양호
중화중학교,중학교,공립,37.58478914,127.0952713,11070720,중랑구,면목제3.8동,73.9,양호
태릉중학교,중학교,공립,37.61273638,127.0830802,11070640,중랑구,묵제1동,75.6,양호
송곡여자중학교,중학교,사립,37.60639059,127.1053091,11070730,중랑구,망우본동,44.4,양호
영란여자중학교,중학교,사립,37.60306482,127.1049617,11070730,중랑구,망우본동,24.6,양호
혜원여자중학교,중학교,사립,37.59281487,127.0967019,11070680,중랑구,망우제3동,61.8,양호
면목고등학교,고등학교,공립,37.5842554,127.096826,11070720,중랑구,면목제3.8동,42.7,양호
신현고등학교,고등학교,공립,37.60524983,127.0929502,11070590,중랑구,상봉제1동,52.5,양호
원묵고등학교,고등학교,공립,37.61523226,127.0855959,11070640,중랑구,묵제1동,67.3,양호
중화고등학교,고등학교,공립,37.60524372,127.0832703,11070610,중랑구,중화제1동,69.7,양호
태릉고등학교,고등학교,공립,37.61833984,127.0849496,11070640,중랑구,묵제1동,32.4,양호
송곡고등학교,고등학교,사립,37.60510499,127.1068868,11070730,중랑구,망우본동,47.0,양호
송곡관광고등학교,고등학교,사립,37.60639059,127.1053091,11070730,중랑구,망우본동,44.4,양호
송곡여자고등학교,고등학교,사립,37.60639059,127.1053091,11070730,중랑구,망우본동,44.4,양호
이화여자대학교병설미디어고등학교,고등학교,사립,37.60306482,127.1049617,11070730,중랑구,망우본동,24.6,양호
혜원여자고등학교,고등학교,사립,37.59281487,127.0967019,11070680,중랑구,망우제3동,61.8,양호
